-- MySQL dump 10.13  Distrib 8.0.23, for Linux (x86_64)
--
-- Host: localhost    Database: project_management
-- ------------------------------------------------------
-- Server version	8.0.23-0ubuntu0.20.04.1

/*!40101 SET @OLD_CHARACTER_SET_CLIENT=@@CHARACTER_SET_CLIENT */;
/*!40101 SET @OLD_CHARACTER_SET_RESULTS=@@CHARACTER_SET_RESULTS */;
/*!40101 SET @OLD_COLLATION_CONNECTION=@@COLLATION_CONNECTION */;
/*!50503 SET NAMES utf8mb4 */;
/*!40103 SET @OLD_TIME_ZONE=@@TIME_ZONE */;
/*!40103 SET TIME_ZONE='+00:00' */;
/*!40014 SET @OLD_UNIQUE_CHECKS=@@UNIQUE_CHECKS, UNIQUE_CHECKS=0 */;
/*!40014 SET @OLD_FOREIGN_KEY_CHECKS=@@FOREIGN_KEY_CHECKS, FOREIGN_KEY_CHECKS=0 */;
/*!40101 SET @OLD_SQL_MODE=@@SQL_MODE, SQL_MODE='NO_AUTO_VALUE_ON_ZERO' */;
/*!40111 SET @OLD_SQL_NOTES=@@SQL_NOTES, SQL_NOTES=0 */;

--
-- Table structure for table `chats`
--

DROP TABLE IF EXISTS `chats`;
/*!40101 SET @saved_cs_client     = @@character_set_client */;
/*!50503 SET character_set_client = utf8mb4 */;
CREATE TABLE `chats` (
  `id` bigint unsigned NOT NULL AUTO_INCREMENT COMMENT 'Идентификатор строки',
  `target_type` enum('unit','user') CHARACTER SET utf8mb4 COLLATE utf8mb4_unicode_ci DEFAULT NULL COMMENT 'тип чата',
  `target_id` bigint unsigned NOT NULL COMMENT 'идентификатор',
  PRIMARY KEY (`id`),
  KEY `target_type_target_id_idx` (`target_type`,`target_id`)
) ENGINE=InnoDB AUTO_INCREMENT=141 DEFAULT CHARSET=utf8mb4 COLLATE=utf8mb4_0900_ai_ci COMMENT='таблица чатов';
/*!40101 SET character_set_client = @saved_cs_client */;

--
-- Dumping data for table `chats`
--

LOCK TABLES `chats` WRITE;
/*!40000 ALTER TABLE `chats` DISABLE KEYS */;
INSERT INTO `chats` VALUES (1,'unit',1),(2,'unit',2),(3,'unit',3),(4,'unit',4),(5,'unit',5),(6,'unit',6),(7,'unit',7),(8,'unit',8),(9,'unit',9),(10,'unit',10),(11,'unit',11),(12,'unit',12),(13,'unit',13),(14,'unit',14),(15,'unit',15),(16,'unit',16),(17,'unit',17),(18,'unit',18),(19,'unit',19),(20,'unit',20),(21,'unit',21),(22,'unit',22),(23,'unit',23),(24,'unit',24),(25,'unit',25),(26,'unit',26),(27,'unit',27),(28,'unit',28),(29,'unit',29),(30,'unit',30),(31,'unit',31),(32,'unit',32),(33,'unit',33),(34,'unit',34),(35,'unit',35),(36,'unit',36),(37,'unit',37),(38,'unit',38),(39,'unit',39),(40,'unit',40),(41,'unit',41),(42,'unit',42),(43,'unit',43),(44,'unit',44),(45,'unit',45),(46,'unit',46),(47,'unit',47),(48,'unit',48),(49,'unit',49),(50,'unit',50),(51,'unit',51),(52,'unit',52),(53,'unit',53),(54,'unit',54),(55,'unit',55),(56,'unit',56),(57,'unit',57),(58,'unit',58),(59,'unit',59),(60,'unit',60),(61,'unit',61),(62,'unit',62),(63,'unit',63),(64,'unit',64),(65,'unit',65),(66,'unit',66),(67,'unit',67),(68,'unit',68),(69,'unit',69),(70,'unit',70),(71,'unit',71),(72,'unit',72),(73,'unit',73),(74,'unit',74),(75,'unit',75),(76,'unit',76),(77,'unit',77),(78,'unit',78),(79,'unit',79),(80,'unit',80),(81,'unit',81),(82,'unit',82),(83,'unit',83),(84,'unit',84),(85,'unit',85),(86,'unit',86),(87,'unit',87),(88,'unit',88),(89,'unit',89),(90,'unit',90),(91,'unit',91),(92,'unit',92),(93,'unit',93),(94,'unit',94),(95,'unit',95),(96,'unit',96),(97,'unit',97),(98,'unit',98),(99,'unit',99),(100,'unit',100),(101,'user',1),(121,'user',1),(102,'user',2),(122,'user',2),(103,'user',3),(123,'user',3),(104,'user',4),(124,'user',4),(105,'user',5),(125,'user',5),(106,'user',6),(126,'user',6),(107,'user',7),(127,'user',7),(108,'user',8),(128,'user',8),(109,'user',9),(129,'user',9),(110,'user',10),(130,'user',10),(111,'user',11),(131,'user',11),(112,'user',12),(132,'user',12),(113,'user',13),(133,'user',13),(114,'user',14),(134,'user',14),(115,'user',15),(135,'user',15),(116,'user',16),(136,'user',16),(117,'user',17),(137,'user',17),(118,'user',18),(138,'user',18),(119,'user',19),(139,'user',19),(120,'user',20),(140,'user',20);
/*!40000 ALTER TABLE `chats` ENABLE KEYS */;
UNLOCK TABLES;
/*!50003 SET @saved_cs_client      = @@character_set_client */ ;
/*!50003 SET @saved_cs_results     = @@character_set_results */ ;
/*!50003 SET @saved_col_connection = @@collation_connection */ ;
/*!50003 SET character_set_client  = utf8mb4 */ ;
/*!50003 SET character_set_results = utf8mb4 */ ;
/*!50003 SET collation_connection  = utf8mb4_0900_ai_ci */ ;
/*!50003 SET @saved_sql_mode       = @@sql_mode */ ;
/*!50003 SET sql_mode              = 'ONLY_FULL_GROUP_BY,STRICT_TRANS_TABLES,NO_ZERO_IN_DATE,NO_ZERO_DATE,ERROR_FOR_DIVISION_BY_ZERO,NO_ENGINE_SUBSTITUTION' */ ;
DELIMITER ;;
/*!50003 CREATE*/ /*!50017 DEFINER=`root`@`localhost`*/ /*!50003 TRIGGER `chats_validation` BEFORE INSERT ON `chats` FOR EACH ROW BEGIN
  IF !is_row_exists(NEW.target_id, NEW.target_type) THEN
    SIGNAL SQLSTATE "45000"
    SET MESSAGE_TEXT = "Error adding chat! Target table doesn't contain row id provided!";
  END IF;
END */;;
DELIMITER ;
/*!50003 SET sql_mode              = @saved_sql_mode */ ;
/*!50003 SET character_set_client  = @saved_cs_client */ ;
/*!50003 SET character_set_results = @saved_cs_results */ ;
/*!50003 SET collation_connection  = @saved_col_connection */ ;

--
-- Table structure for table `chats_users`
--

DROP TABLE IF EXISTS `chats_users`;
/*!40101 SET @saved_cs_client     = @@character_set_client */;
/*!50503 SET character_set_client = utf8mb4 */;
CREATE TABLE `chats_users` (
  `chat_id` bigint unsigned NOT NULL COMMENT 'Чат',
  `user_id` bigint unsigned NOT NULL COMMENT 'Пользователь',
  PRIMARY KEY (`chat_id`,`user_id`),
  KEY `chats_users_user_id_fk` (`user_id`),
  CONSTRAINT `chats_users_chat_id_fk` FOREIGN KEY (`chat_id`) REFERENCES `chats` (`id`) ON DELETE CASCADE,
  CONSTRAINT `chats_users_user_id_fk` FOREIGN KEY (`user_id`) REFERENCES `users` (`id`) ON DELETE CASCADE
) ENGINE=InnoDB DEFAULT CHARSET=utf8mb4 COLLATE=utf8mb4_0900_ai_ci COMMENT='связь чатов и пользователей';
/*!40101 SET character_set_client = @saved_cs_client */;

--
-- Dumping data for table `chats_users`
--

LOCK TABLES `chats_users` WRITE;
/*!40000 ALTER TABLE `chats_users` DISABLE KEYS */;
INSERT INTO `chats_users` VALUES (1,1),(2,2),(3,3),(4,4),(5,5),(6,6),(7,7),(8,8),(9,9),(10,10),(11,11),(12,12),(13,13),(14,14),(15,15),(16,16),(17,17),(18,18),(19,19),(20,20),(21,21),(22,22),(23,23),(24,24),(25,25),(26,26),(27,27),(28,28),(29,29),(30,30),(31,31),(32,32),(33,33),(34,34),(35,35),(36,36),(37,37),(38,38),(39,39),(40,40),(41,41),(42,42),(43,43),(44,44),(45,45),(46,46),(47,47),(48,48),(49,49),(50,50),(51,51),(52,52),(53,53),(54,54),(55,55),(56,56),(57,57),(58,58),(59,59),(60,60),(61,61),(62,62),(63,63),(64,64),(65,65),(66,66),(67,67),(68,68),(69,69),(70,70),(71,71),(72,72),(73,73),(74,74),(75,75),(76,76),(77,77),(78,78),(79,79),(80,80),(81,81),(82,82),(83,83),(84,84),(85,85),(86,86),(87,87),(88,88),(89,89),(90,90),(91,91),(92,92),(93,93),(94,94),(95,95),(96,96),(97,97),(98,98),(99,99),(100,100);
/*!40000 ALTER TABLE `chats_users` ENABLE KEYS */;
UNLOCK TABLES;

--
-- Table structure for table `comments`
--

DROP TABLE IF EXISTS `comments`;
/*!40101 SET @saved_cs_client     = @@character_set_client */;
/*!50503 SET character_set_client = utf8mb4 */;
CREATE TABLE `comments` (
  `id` bigint unsigned NOT NULL AUTO_INCREMENT COMMENT 'Идентификатор строки',
  `target_type` enum('todo_list','todo','post','event','document') DEFAULT NULL,
  `target_id` bigint unsigned NOT NULL COMMENT 'Идентификатор элемента',
  `creator_id` bigint unsigned NOT NULL COMMENT 'Автор сообщения',
  `body` text CHARACTER SET utf8mb4 COLLATE utf8mb4_unicode_ci COMMENT 'текс сообщения',
  `created_at` datetime DEFAULT CURRENT_TIMESTAMP COMMENT 'Время создания строки',
  `updated_at` datetime DEFAULT CURRENT_TIMESTAMP ON UPDATE CURRENT_TIMESTAMP COMMENT 'Время обновления строки',
  PRIMARY KEY (`id`),
  KEY `comments_creator_id_fk` (`creator_id`),
  KEY `target_type_target_id_idx` (`target_type`,`target_id`),
  CONSTRAINT `comments_creator_id_fk` FOREIGN KEY (`creator_id`) REFERENCES `users` (`id`) ON DELETE CASCADE
) ENGINE=InnoDB AUTO_INCREMENT=201 DEFAULT CHARSET=utf8mb4 COLLATE=utf8mb4_0900_ai_ci COMMENT='таблица комментариев';
/*!40101 SET character_set_client = @saved_cs_client */;

--
-- Dumping data for table `comments`
--

LOCK TABLES `comments` WRITE;
/*!40000 ALTER TABLE `comments` DISABLE KEYS */;
INSERT INTO `comments` VALUES (1,'todo',54,1,'ESQ. HEARTHRUG, NEAR THE FENDER, (WITH ALICE\'S LOVE). Oh dear, what nonsense I\'m talking!\' Just.','2021-03-03 03:14:07','2021-03-10 13:07:40'),(2,'todo',15,2,'Alice to herself. \'Of the mushroom,\' said the King say in a frightened tone. \'The Queen will hear.','2021-03-04 22:08:28','2021-02-25 15:09:28'),(3,'document',21,3,'Hatter, \'or you\'ll be telling me next that you couldn\'t cut off a head could be NO mistake about.','2021-03-20 19:04:47','2021-03-26 16:05:09'),(4,'post',52,4,'Gryphon, before Alice could speak again. The rabbit-hole went straight on like a snout than a.','2021-03-10 04:19:37','2021-02-28 15:12:23'),(5,'post',9,5,'Dormouse,\' thought Alice; but she could not taste theirs, and the little door was shut again, and.','2021-03-10 21:03:34','2021-03-23 02:20:17'),(6,'event',86,6,'Like a tea-tray in the sky. Twinkle, twinkle--\"\' Here the other bit. Her chin was pressed so.','2021-02-27 05:27:16','2021-03-01 11:19:44'),(7,'document',90,7,'I\'M a Duchess,\' she said to the Dormouse, who was trembling down to her that she never knew so.','2021-03-17 14:12:47','2021-03-26 16:05:09'),(8,'post',98,8,'Hatter, it woke up again as she went on, \'if you don\'t like them!\' When the sands are all.','2021-03-21 01:47:34','2021-02-26 06:58:49'),(9,'todo_list',92,9,'I THINK; or is it twelve? I--\' \'Oh, don\'t talk about trouble!\' said the Hatter, who turned pale.','2021-03-17 17:09:32','2021-02-24 05:14:06'),(10,'todo_list',85,10,'Gryphon, with a teacup in one hand and a great many more than Alice could not answer without a.','2021-03-07 12:54:33','2021-02-25 23:41:12'),(11,'event',28,11,'The chief difficulty Alice found at first she would get up and throw us, with the birds and.','2021-03-19 05:51:07','2021-03-15 16:46:06'),(12,'post',81,12,'And the executioner ran wildly up and walking away. \'You insult me by talking such nonsense!\' \'I.','2021-03-09 09:01:40','2021-03-01 01:38:19'),(13,'document',92,13,'Alice hastily replied; \'only one doesn\'t like changing so often, of course was, how to speak.','2021-03-13 12:55:16','2021-03-26 16:05:09'),(14,'post',84,14,'It doesn\'t look like one, but the wise little Alice herself, and began an account of the words.','2021-03-22 18:19:32','2021-03-08 14:10:50'),(15,'document',65,15,'Caterpillar. \'I\'m afraid I can\'t tell you his history,\' As they walked off together, Alice heard.','2021-03-09 16:30:07','2021-03-26 16:05:09'),(16,'document',60,16,'This speech caused a remarkable sensation among the trees upon her knee, and looking anxiously.','2021-02-28 02:13:23','2021-03-26 16:05:09'),(17,'todo',47,17,'Elsie, Lacie, and Tillie; and they went up to the little golden key, and when she got back to.','2021-03-09 14:20:39','2021-03-13 02:20:51'),(18,'todo_list',54,18,'On various pretexts they all cheered. Alice thought to herself, and fanned herself with one eye,.','2021-03-21 04:58:12','2021-02-26 02:25:45'),(19,'todo_list',46,19,'So she began thinking over all the jelly-fish out of his head. But at any rate it would like the.','2021-03-10 21:54:30','2021-03-16 01:32:38'),(20,'document',86,20,'CHORUS. (In which the wretched Hatter trembled so, that Alice had got to go and get ready to sink.','2021-03-14 03:06:56','2021-03-26 16:05:09'),(21,'todo_list',10,21,'Cheshire Cat sitting on a crimson velvet cushion; and, last of all this time. \'I want a clean.','2021-03-04 19:48:57','2021-02-23 15:28:02'),(22,'todo_list',38,22,'Gryphon is, look at me like that!\' By this time the Mouse in the pool a little scream, half of.','2021-03-05 10:55:01','2021-03-19 22:21:56'),(23,'todo',13,23,'Dormouse, without considering at all fairly,\' Alice began, in a rather offended tone, \'was, that.','2021-03-23 07:09:58','2021-03-05 19:13:27'),(24,'post',27,24,'WILL do next! If they had been anxiously looking across the field after it, and burning with.','2021-03-16 13:59:42','2021-03-14 04:24:56'),(25,'document',80,25,'How funny it\'ll seem, sending presents to one\'s own feet! And how odd the directions will look!.','2021-03-19 21:59:09','2021-03-26 16:05:09'),(26,'todo_list',37,26,'Mystery,\' the Mock Turtle at last, with a sigh: \'he taught Laughing and Grief, they used to it in.','2021-03-03 01:39:54','2021-02-24 01:13:07'),(27,'event',81,27,'Alice said very politely, \'if I had it written up somewhere.\' Down, down, down. Would the fall.','2021-03-12 13:37:50','2021-03-18 08:02:16'),(28,'todo',75,28,'IT. It\'s HIM.\' \'I don\'t know what \"it\" means well enough, when I learn music.\' \'Ah! that accounts.','2021-02-24 17:05:35','2021-03-10 21:57:29'),(29,'todo_list',65,29,'There was exactly one a-piece all round. \'But she must have been ill.\' \'So they were,\' said the.','2021-03-04 09:01:48','2021-03-07 06:07:45'),(30,'event',97,30,'Alice called out \'The Queen! The Queen!\' and the words came very queer indeed:-- \'\'Tis the voice.','2021-03-05 04:38:16','2021-03-14 21:25:40'),(31,'todo_list',96,31,'So you see, so many tea-things are put out here?\' she asked. \'Yes, that\'s it,\' said Alice, \'but I.','2021-02-27 22:58:42','2021-03-03 23:47:49'),(32,'todo',56,32,'I\'m here! Digging for apples, indeed!\' said the March Hare interrupted in a tone of great dismay,.','2021-03-05 19:15:07','2021-02-26 09:16:35'),(33,'todo',100,33,'Alice, \'and why it is all the jurymen are back in a very interesting dance to watch,\' said Alice,.','2021-03-06 23:16:28','2021-03-14 12:23:36'),(34,'todo_list',25,34,'It was, no doubt: only Alice did not like to hear it say, as it was a real nose; also its eyes by.','2021-03-15 03:29:33','2021-03-03 22:11:22'),(35,'todo_list',35,35,'Caterpillar. This was not a VERY turn-up nose, much more like a thunderstorm. \'A fine day, your.','2021-03-11 14:45:36','2021-03-11 02:19:46'),(36,'todo_list',60,36,'The Footman seemed to be full of the ground.\' So she sat still and said to herself, as she stood.','2021-03-22 18:36:59','2021-03-06 17:40:29'),(37,'event',50,37,'I hate cats and dogs.\' It was high time to see the Mock Turtle in a low, trembling voice. \'There\'s.','2021-02-24 12:30:44','2021-03-16 07:50:53'),(38,'post',40,38,'This time there could be no doubt that it was out of sight. Alice remained looking thoughtfully at.','2021-03-07 14:52:22','2021-03-17 05:01:58'),(39,'todo_list',36,39,'BEST butter, you know.\' \'Not the same height as herself; and when she was about a foot high: then.','2021-02-28 13:27:50','2021-03-15 22:26:07'),(40,'todo',25,40,'Alice\'s, and they repeated their arguments to her, though, as they were mine before. If I or she.','2021-03-09 20:32:01','2021-03-18 16:23:20'),(41,'todo_list',38,41,'It was all ridges and furrows; the balls were live hedgehogs, the mallets live flamingoes, and the.','2021-03-08 21:16:08','2021-03-04 03:58:53'),(42,'todo_list',47,42,'Footman continued in the window, and on both sides at once. The Dormouse again took a great.','2021-03-04 07:23:10','2021-03-18 04:42:09'),(43,'event',84,43,'How queer everything is to-day! And yesterday things went on growing, and growing, and growing,.','2021-02-27 00:24:03','2021-03-17 15:44:19'),(44,'post',74,44,'King. The White Rabbit blew three blasts on the Duchess\'s voice died away, even in the sand with.','2021-03-14 05:49:22','2021-03-16 19:56:27'),(45,'event',56,45,'THAT. Then again--\"BEFORE SHE HAD THIS FIT--\" you never even introduced to a mouse: she had found.','2021-02-27 21:51:42','2021-03-21 10:34:28'),(46,'post',72,46,'Alice, who was talking. Alice could see it quite plainly through the wood. \'If it had some kind of.','2021-03-12 11:31:25','2021-03-01 04:36:26'),(47,'post',65,47,'OURS they had any dispute with the Lory, as soon as look at the place of the bottle was a good.','2021-03-15 17:16:16','2021-02-28 16:30:24'),(48,'post',74,48,'Canary called out as loud as she could, for the immediate adoption of more energetic remedies--\'.','2021-03-22 21:40:14','2021-02-24 12:35:53'),(49,'event',66,49,'Let me see--how IS it to her usual height. It was so long since she had brought herself down to.','2021-03-18 16:33:13','2021-03-03 15:47:13'),(50,'document',36,50,'Rabbit angrily. \'Here! Come and help me out of the court was in confusion, getting the Dormouse.','2021-03-23 04:52:24','2021-03-26 16:05:09'),(51,'event',68,51,'Rabbit, and had just succeeded in getting its body tucked away, comfortably enough, under her arm,.','2021-03-19 20:36:08','2021-03-13 18:40:32'),(52,'document',50,52,'English); \'now I\'m opening out like the three gardeners instantly threw themselves flat upon their.','2021-03-22 04:31:58','2021-03-26 16:05:09'),(53,'post',45,53,'D,\' she added in an encouraging opening for a baby: altogether Alice did not dare to disobey,.','2021-02-26 12:31:17','2021-02-27 02:33:57'),(54,'todo_list',4,54,'INSIDE, you might do very well without--Maybe it\'s always pepper that makes them bitter--and--and.','2021-03-14 19:40:08','2021-03-15 14:25:33'),(55,'todo_list',46,55,'Do cats eat bats? Do cats eat bats?\' and sometimes, \'Do bats eat cats?\' for, you see, Miss, this.','2021-02-27 09:45:06','2021-03-21 04:34:07'),(56,'todo',47,56,'I\'ve nothing to do.\" Said the mouse doesn\'t get out.\" Only I don\'t want to see the earth takes.','2021-03-14 01:49:09','2021-03-11 14:33:13'),(57,'event',87,57,'Duchess. An invitation from the shock of being upset, and their slates and pencils had been.','2021-03-15 08:51:46','2021-03-10 18:08:59'),(58,'document',30,58,'Edwin and Morcar, the earls of Mercia and Northumbria, declared for him: and even Stigand, the.','2021-02-26 21:53:42','2021-03-26 16:05:09'),(59,'todo',99,59,'Alice, \'shall I NEVER get any older than I am now? That\'ll be a grin, and she grew no larger:.','2021-03-09 14:20:49','2021-03-16 05:35:06'),(60,'post',76,60,'I ever heard!\' \'Yes, I think I can remember feeling a little anxiously. \'Yes,\' said Alice to.','2021-03-20 18:25:19','2021-02-24 12:36:59'),(61,'todo_list',72,61,'Dormouse turned out, and, by the officers of the house, and wondering what to uglify is, you see,.','2021-03-01 03:59:50','2021-03-01 12:35:03'),(62,'todo_list',75,62,'And here Alice began to cry again, for she thought, \'and hand round the neck of the other was.','2021-03-12 13:04:58','2021-02-24 09:07:26'),(63,'document',6,63,'That he met in the schoolroom, and though this was her turn or not. So she swallowed one of them.','2021-03-02 12:37:19','2021-03-26 16:05:09'),(64,'todo',2,64,'Queen till she got into it), and handed back to them, and considered a little now and then added.','2021-03-03 21:34:44','2021-02-23 16:57:13'),(65,'event',71,65,'Alice, as she went on, \'--likely to win, that it\'s hardly worth while finishing the game.\' The.','2021-03-01 06:34:27','2021-03-23 05:06:54'),(66,'post',58,66,'Alice. \'Well, then,\' the Cat remarked. \'Don\'t be impertinent,\' said the youth, \'as I mentioned.','2021-02-24 10:46:26','2021-03-11 21:52:36'),(67,'todo_list',32,67,'Alice did not like to try the thing Mock Turtle said: \'advance twice, set to partners--\' \'--change.','2021-03-05 09:31:57','2021-03-16 11:59:20'),(68,'event',94,68,'I suppose.\' So she swallowed one of the door of which was lit up by a row of lodging houses, and.','2021-02-27 04:41:19','2021-03-22 21:31:19'),(69,'todo_list',41,69,'I know I have dropped them, I wonder?\' As she said this, she noticed a curious plan!\' exclaimed.','2021-03-08 08:27:41','2021-02-26 19:36:11'),(70,'todo_list',100,70,'Queen said to the other side of the Nile On every golden scale! \'How cheerfully he seems to suit.','2021-03-07 08:00:18','2021-03-01 22:29:30'),(71,'document',77,71,'Alice, very earnestly. \'I\'ve had nothing yet,\' Alice replied very politely, feeling quite pleased.','2021-02-28 10:05:33','2021-03-26 16:05:09'),(72,'document',82,72,'I WAS when I breathe\"!\' \'It IS a long time together.\' \'Which is just the case with MINE,\' said the.','2021-03-12 12:19:42','2021-03-26 16:05:09'),(73,'event',55,73,'Do you think you can find them.\' As she said to herself, \'if one only knew the meaning of half.','2021-03-18 04:34:17','2021-02-28 05:09:39'),(74,'event',6,74,'IS that to be executed for having missed their turns, and she went on talking: \'Dear, dear! How.','2021-03-02 21:49:43','2021-02-27 10:21:02'),(75,'post',78,75,'No, there were any tears. No, there were three gardeners instantly jumped up, and began by taking.','2021-03-19 06:04:42','2021-03-09 18:48:13'),(76,'todo',97,76,'Alice could only hear whispers now and then turned to the garden at once; but, alas for poor.','2021-03-17 09:28:24','2021-03-19 07:16:17'),(77,'document',81,77,'HERE.\' \'But then,\' thought she, \'what would become of it; then Alice, thinking it was growing, and.','2021-03-15 18:51:25','2021-03-26 16:05:09'),(78,'document',29,78,'Alice, who was trembling down to them, and considered a little now and then a great interest in.','2021-03-03 13:39:33','2021-03-26 16:05:09'),(79,'todo',11,79,'I can\'t understand it myself to begin lessons: you\'d only have to go on. \'And so these three.','2021-03-15 21:07:02','2021-03-15 10:19:00'),(80,'document',72,80,'I know who I WAS when I was going off into a sort of chance of getting up and went on for some.','2021-02-28 06:10:49','2021-03-26 16:05:09'),(81,'todo_list',17,81,'Lobster Quadrille, that she still held the pieces of mushroom in her own child-life, and the fall.','2021-03-01 14:42:01','2021-03-04 13:08:47'),(82,'post',81,82,'Caterpillar, just as well wait, as she said to Alice, very much what would be grand, certainly,\'.','2021-03-17 06:26:31','2021-03-10 22:32:41'),(83,'todo',15,83,'The Footman seemed to be ashamed of yourself for asking such a capital one for catching mice you.','2021-03-06 23:39:55','2021-03-17 00:13:50'),(84,'document',40,84,'So she began again. \'I wonder if I only wish they COULD! I\'m sure I have to ask any more if you\'d.','2021-03-17 04:40:39','2021-03-26 16:05:09'),(85,'event',59,85,'I think.\' And she squeezed herself up and walking away. \'You insult me by talking such nonsense!\'.','2021-03-23 06:58:26','2021-02-24 23:07:39'),(86,'document',24,86,'I\'ve often seen them at last, more calmly, though still sobbing a little of the leaves: \'I should.','2021-03-12 06:19:35','2021-03-26 16:05:09'),(87,'todo',99,87,'Beautiful, beautiful Soup!\' CHAPTER XI. Who Stole the Tarts? The King turned pale, and shut his.','2021-02-27 11:51:09','2021-03-02 14:44:45'),(88,'event',64,88,'Queen. \'Their heads are gone, if it makes me grow large again, for she thought, \'it\'s sure to do.','2021-03-03 19:41:09','2021-02-28 17:47:49'),(89,'post',46,89,'Time as well go in at once.\' And in she went. Once more she found herself falling down a large.','2021-03-12 04:42:28','2021-02-27 05:43:23'),(90,'document',74,90,'Caterpillar contemptuously. \'Who are YOU?\' Which brought them back again to the jury, who.','2021-03-04 08:20:28','2021-03-26 16:05:09'),(91,'event',67,91,'DON\'T know,\' said the Pigeon. \'I can see you\'re trying to invent something!\' \'I--I\'m a little.','2021-03-06 17:41:52','2021-02-25 20:36:36'),(92,'document',58,92,'Gryphon as if she were looking up into a small passage, not much like keeping so close to her.','2021-03-09 21:07:28','2021-03-26 16:05:09'),(93,'document',22,93,'I can creep under the window, I only wish they COULD! I\'m sure I can\'t remember,\' said the March.','2021-03-03 04:03:31','2021-03-26 16:05:09'),(94,'post',42,94,'I ever heard!\' \'Yes, I think I could, if I shall have to whisper a hint to Time, and round goes.','2021-02-26 04:10:25','2021-03-17 02:12:21'),(95,'post',68,95,'This seemed to Alice as it can\'t possibly make me larger, it must be off, and that in about half.','2021-03-21 11:45:11','2021-02-26 05:31:32'),(96,'post',88,96,'Footman remarked, \'till tomorrow--\' At this moment the door as you go to law: I will just explain.','2021-03-15 17:40:34','2021-03-07 10:39:06'),(97,'todo_list',2,97,'Duchess, who seemed to Alice a good thing!\' she said to the other arm curled round her once more,.','2021-03-22 12:53:09','2021-03-12 05:24:58'),(98,'event',32,98,'Queen. \'Well, I never was so much into the air off all its feet at the mushroom (she had kept a.','2021-02-24 08:04:46','2021-03-10 15:27:12'),(99,'todo',84,99,'Mabel! I\'ll try and say \"How doth the little--\"\' and she said to the fifth bend, I think?\' he said.','2021-03-19 15:19:33','2021-03-03 08:31:43'),(100,'document',34,100,'How puzzling all these changes are! I\'m never sure what I\'m going to say,\' said the Caterpillar.','2021-03-08 23:03:05','2021-03-26 16:05:09'),(101,'todo',19,1,'She took down a good way off, panting, with its eyelids, so he did,\' said the King very decidedly,.','2021-03-03 16:08:12','2021-03-07 15:56:38'),(102,'post',67,2,'Alice)--\'and perhaps you haven\'t found it very nice, (it had, in fact, I didn\'t know how to speak.','2021-03-15 14:05:15','2021-03-22 08:09:12'),(103,'document',58,3,'Duchess! Oh! won\'t she be savage if I\'ve been changed for any of them. However, on the hearth and.','2021-03-21 15:00:20','2021-03-26 16:05:09'),(104,'post',86,4,'Pig!\' She said the Duchess; \'and that\'s a fact.\' Alice did not like to hear his history. I must.','2021-03-11 22:40:50','2021-02-26 09:40:01'),(105,'todo_list',49,5,'Duchess, digging her sharp little chin into Alice\'s shoulder as she could, for the next thing was.','2021-03-02 10:22:11','2021-02-28 14:08:26'),(106,'todo_list',87,6,'The Queen had never been so much contradicted in her pocket) till she heard was a bright brass.','2021-03-10 17:30:30','2021-02-27 15:16:42'),(107,'event',76,7,'How the Owl and the pair of white kid gloves: she took up the fan she was always ready to agree to.','2021-03-11 20:55:24','2021-02-28 01:18:22'),(108,'post',84,8,'For, you see, as she went on, turning to Alice as he wore his crown over the jury-box with the.','2021-03-12 21:17:45','2021-03-22 12:57:16'),(109,'document',29,9,'Lobster Quadrille, that she was now about a whiting before.\' \'I can hardly breathe.\' \'I can\'t.','2021-03-19 19:35:43','2021-03-26 16:05:09'),(110,'todo',71,10,'Tortoise because he was speaking, so that they had at the house, and have next to her. \'I can see.','2021-02-28 18:07:22','2021-03-13 00:16:35'),(111,'todo',38,11,'But the snail replied \"Too far, too far!\" and gave a sudden leap out of it, and talking over its.','2021-03-10 16:00:54','2021-03-03 19:23:29'),(112,'todo',93,12,'Alice looked at it uneasily, shaking it every now and then; such as, \'Sure, I don\'t understand..','2021-03-05 13:14:35','2021-03-19 02:40:37'),(113,'event',30,13,'I--\' \'Oh, don\'t talk about wasting IT. It\'s HIM.\' \'I don\'t see,\' said the Mock Turtle, capering.','2021-02-23 09:09:51','2021-02-26 15:59:57'),(114,'todo',82,14,'Eaglet. \'I don\'t think they play at all like the three gardeners instantly jumped up, and began.','2021-03-09 22:25:38','2021-03-18 11:22:35'),(115,'todo',25,15,'Let me see: four times six is thirteen, and four times seven is--oh dear! I shall fall right.','2021-03-02 04:32:16','2021-03-16 18:07:24'),(116,'post',10,16,'Duchess replied, in a melancholy tone. \'Nobody seems to be sure! However, everything is to-day!.','2021-03-14 12:12:09','2021-02-28 13:00:29'),(117,'todo',29,17,'Five. \'I heard every word you fellows were saying.\' \'Tell us a story!\' said the Mock Turtle..','2021-03-16 21:16:04','2021-03-07 03:48:23'),(118,'event',35,18,'It was so full of tears, but said nothing. \'This here young lady,\' said the White Rabbit, trotting.','2021-03-06 10:26:46','2021-03-22 21:35:37'),(119,'post',31,19,'Queen. \'Never!\' said the King: \'leave out that she remained the same side of WHAT?\' thought Alice.','2021-03-02 04:22:41','2021-02-25 12:59:10'),(120,'post',34,20,'They had not a moment to be executed for having missed their turns, and she said to herself; \'I.','2021-03-17 05:55:11','2021-03-07 06:06:03'),(121,'document',91,21,'I know!\' exclaimed Alice, who had spoken first. \'That\'s none of them say, \'Look out now, Five!.','2021-03-10 10:13:19','2021-03-26 16:05:09'),(122,'post',34,22,'Alice kept her eyes anxiously fixed on it, for she was looking about for some way, and nothing.','2021-03-13 02:38:18','2021-02-28 01:13:53'),(123,'event',43,23,'I\'m mad. You\'re mad.\' \'How do you call it purring, not growling,\' said Alice. \'Come, let\'s hear.','2021-03-08 18:54:48','2021-03-15 21:15:22'),(124,'event',84,24,'Queen. \'It proves nothing of the garden, called out in a tone of great relief. \'Now at OURS they.','2021-03-04 00:13:27','2021-03-06 20:53:38'),(125,'todo',65,25,'Alice as he found it made no mark; but he could think of nothing better to say anything. \'Why,\'.','2021-03-18 15:52:24','2021-03-14 17:04:55'),(126,'post',41,26,'The baby grunted again, so that her neck from being run over; and the baby--the fire-irons came.','2021-03-13 09:37:07','2021-03-10 03:58:53'),(127,'event',26,27,'Alice indignantly. \'Let me alone!\' \'Serpent, I say again!\' repeated the Pigeon, but in a great.','2021-03-15 17:35:26','2021-03-09 11:56:27'),(128,'todo_list',55,28,'I think you\'d better ask HER about it.\' (The jury all brightened up again.) \'Please your Majesty,\'.','2021-03-17 10:30:57','2021-02-27 18:30:29'),(129,'document',10,29,'Gryphon; and then Alice put down the chimney!\' \'Oh! So Bill\'s got the other--Bill! fetch it back!\'.','2021-03-14 21:50:27','2021-03-26 16:05:09'),(130,'document',7,30,'Mock Turtle at last, more calmly, though still sobbing a little anxiously. \'Yes,\' said Alice a.','2021-03-06 03:45:33','2021-03-26 16:05:09'),(131,'todo',44,31,'Knave. The Knave of Hearts, carrying the King\'s crown on a crimson velvet cushion; and, last of.','2021-03-08 21:45:03','2021-02-27 22:54:23'),(132,'event',83,32,'Pigeon. \'I\'m NOT a serpent!\' said Alice aloud, addressing nobody in particular. \'She\'d soon fetch.','2021-02-25 18:07:47','2021-02-24 10:49:37'),(133,'document',23,33,'I was a dead silence instantly, and Alice was not much surprised at her rather inquisitively, and.','2021-03-10 07:58:29','2021-03-26 16:05:09'),(134,'event',76,34,'King. On this the White Rabbit hurried by--the frightened Mouse splashed his way through the wood..','2021-03-04 02:21:34','2021-02-23 16:56:01'),(135,'todo',68,35,'But the snail replied \"Too far, too far!\" and gave a little bottle that stood near. The three.','2021-03-15 04:56:04','2021-03-21 01:45:51'),(136,'todo',12,36,'Alice thought over all the time she had not as yet had any sense, they\'d take the place where it.','2021-03-20 16:07:31','2021-02-23 19:32:09'),(137,'document',58,37,'Duchess: you\'d better finish the story for yourself.\' \'No, please go on!\' Alice said nothing: she.','2021-03-10 09:12:51','2021-03-26 16:05:09'),(138,'post',83,38,'First, she tried hard to whistle to it; but she added, \'and the moral of that is--\"Birds of a.','2021-03-16 09:41:26','2021-02-26 18:23:13'),(139,'todo',63,39,'Hatter added as an unusually large saucepan flew close by her. There was a little shriek and a.','2021-03-06 12:18:02','2021-03-11 13:01:41'),(140,'todo',23,40,'Pigeon in a great many teeth, so she turned to the croquet-ground. The other side will make you a.','2021-03-07 06:05:33','2021-02-27 04:50:12'),(141,'todo_list',19,41,'So she stood looking at it uneasily, shaking it every now and then; such as, that a red-hot poker.','2021-03-02 15:28:31','2021-03-10 10:47:44'),(142,'post',78,42,'Lobster Quadrille, that she was small enough to look for her, and said, without opening its eyes,.','2021-03-08 00:51:05','2021-03-19 21:16:58'),(143,'todo_list',14,43,'Fury: \"I\'ll try the patience of an oyster!\' \'I wish I hadn\'t begun my tea--not above a week or.','2021-03-03 08:39:38','2021-03-10 01:48:49'),(144,'event',33,44,'Do you think you could see this, as she was a general chorus of \'There goes Bill!\' then the.','2021-02-26 02:50:57','2021-03-01 11:30:37'),(145,'todo',100,45,'I\'m perfectly sure I don\'t keep the same thing as \"I get what I say,\' the Mock Turtle yet?\' \'No,\'.','2021-03-04 15:57:41','2021-02-28 09:32:06'),(146,'todo_list',16,46,'Queen. \'It proves nothing of the Lobster Quadrille, that she did not dare to disobey, though she.','2021-03-05 04:48:04','2021-03-06 22:12:59'),(147,'todo',96,47,'Alice put down the chimney?--Nay, I shan\'t! YOU do it!--That I won\'t, then!--Bill\'s to go among.','2021-03-08 09:56:03','2021-03-19 10:53:50'),(148,'todo_list',70,48,'Let me see: four times five is twelve, and four times five is twelve, and four times seven is--oh.','2021-02-27 15:52:48','2021-03-01 02:42:15'),(149,'post',11,49,'I know is, something comes at me like that!\' But she waited for a baby: altogether Alice did not.','2021-03-14 17:56:41','2021-03-04 01:20:25'),(150,'post',84,50,'ARE a simpleton.\' Alice did not get hold of its right paw round, \'lives a March Hare. Visit either.','2021-02-24 03:29:03','2021-03-02 01:09:41'),(151,'todo_list',72,51,'At last the Mouse, in a trembling voice, \'Let us get to the tarts on the top with its legs hanging.','2021-03-13 23:24:11','2021-03-10 00:08:30'),(152,'document',70,52,'The rabbit-hole went straight on like a telescope.\' And so it was a table, with a trumpet in one.','2021-03-02 20:06:21','2021-03-26 16:05:09'),(153,'document',22,53,'Alice opened the door opened inwards, and Alice\'s elbow was pressed so closely against her foot,.','2021-02-28 12:06:21','2021-03-26 16:05:09'),(154,'post',22,54,'King, \'that only makes the matter with it. There was exactly the right height to be.\' \'It is a.','2021-03-01 13:47:19','2021-03-14 03:28:23'),(155,'todo',35,55,'Five, in a bit.\' \'Perhaps it doesn\'t matter which way she put it. She stretched herself up on to.','2021-03-01 17:48:00','2021-03-13 01:37:31'),(156,'document',71,56,'THEN--she found herself falling down a large pool all round her, about the whiting!\' \'Oh, as to go.','2021-02-27 04:14:30','2021-03-26 16:05:09'),(157,'todo_list',56,57,'RABBIT\' engraved upon it. She stretched herself up on to her great delight it fitted! Alice opened.','2021-03-03 13:14:23','2021-03-11 20:40:45'),(158,'todo_list',70,58,'There was nothing on it except a tiny little thing!\' said the Lory, as soon as the jury asked..','2021-03-05 23:16:26','2021-03-02 22:37:48'),(159,'todo',57,59,'I grow at a king,\' said Alice. \'Did you speak?\' \'Not I!\' he replied. \'We quarrelled last.','2021-03-18 17:30:50','2021-02-25 11:52:34'),(160,'post',52,60,'Alice ventured to taste it, and yet it was written to nobody, which isn\'t usual, you know.\' \'Who.','2021-03-16 12:02:33','2021-03-02 09:13:25'),(161,'post',92,61,'I must, I must,\' the King put on her toes when they met in the middle of one! There ought to be.','2021-03-22 05:09:13','2021-03-04 03:23:20'),(162,'post',35,62,'Alice in a twinkling! Half-past one, time for dinner!\' (\'I only wish it was,\' the March Hare will.','2021-03-20 04:40:01','2021-03-23 06:58:04'),(163,'todo_list',84,63,'They were indeed a queer-looking party that assembled on the bank, with her head! Off--\'.','2021-03-18 10:55:55','2021-03-19 10:21:27'),(164,'event',76,64,'Gryphon said, in a tone of this ointment--one shilling the box-- Allow me to him: She gave me a.','2021-03-22 22:28:45','2021-03-14 13:16:47'),(165,'document',61,65,'Queen to play croquet.\' Then they all stopped and looked at Alice, as she could. The next witness.','2021-02-23 15:21:13','2021-03-26 16:05:09'),(166,'event',27,66,'Hatter. \'Does YOUR watch tell you my history, and you\'ll understand why it is right?\' \'In my.','2021-03-15 01:51:10','2021-02-27 11:45:35'),(167,'todo_list',15,67,'The Rabbit Sends in a shrill, passionate voice. \'Would YOU like cats if you were INSIDE, you might.','2021-03-21 15:56:13','2021-03-07 22:33:59'),(168,'post',59,68,'I don\'t believe it,\' said the Hatter. \'I told you that.\' \'If I\'d been the whiting,\' said Alice,.','2021-03-14 00:26:08','2021-03-15 20:06:46'),(169,'todo',20,69,'She did not notice this question, but hurriedly went on, \'and most of \'em do.\' \'I don\'t much care.','2021-03-14 01:05:29','2021-02-27 09:47:31'),(170,'event',58,70,'Alice sharply, for she had caught the flamingo and brought it back, the fight was over, and both.','2021-03-11 05:06:47','2021-03-23 07:39:17'),(171,'todo_list',91,71,'Alice, as she added, \'and the moral of that is--\"Be what you mean,\' the March Hare, \'that \"I.','2021-03-04 02:05:41','2021-03-14 15:36:21'),(172,'post',7,72,'Ann! Mary Ann!\' said the voice. \'Fetch me my gloves this moment!\' Then came a little different..','2021-03-14 08:01:44','2021-03-21 14:08:14'),(173,'todo',30,73,'Alice. \'Come on, then,\' said the Duchess; \'and most of \'em do.\' \'I don\'t even know what they\'re.','2021-03-19 02:40:31','2021-02-27 21:45:32'),(174,'todo',61,74,'Queen shouted at the other, looking uneasily at the Caterpillar\'s making such a hurry that she.','2021-03-11 10:34:16','2021-02-24 23:11:10'),(175,'event',41,75,'I am now? That\'ll be a queer thing, to be otherwise.\"\' \'I think you could manage it?) \'And what.','2021-02-28 00:43:38','2021-03-02 19:55:22'),(176,'todo',12,76,'Alice, rather doubtfully, as she went on just as she left her, leaning her head was so small as.','2021-03-03 03:57:52','2021-02-26 17:27:48'),(177,'event',94,77,'Alice, \'and those twelve creatures,\' (she was obliged to have him with them,\' the Mock Turtle.','2021-03-16 15:58:47','2021-02-27 09:57:14'),(178,'document',77,78,'Cheshire Cat, she was out of the what?\' said the Queen, turning purple. \'I won\'t!\' said Alice..','2021-03-16 22:12:00','2021-03-26 16:05:09'),(179,'todo',10,79,'I\'ve got to the executioner: \'fetch her here.\' And the moral of that is--\"Oh, \'tis love, that.','2021-02-25 15:22:10','2021-03-02 11:10:07'),(180,'document',20,80,'Alice said to the other: the Duchess and the baby--the fire-irons came first; then followed a.','2021-03-20 19:21:26','2021-03-26 16:05:09'),(181,'document',76,81,'HAVE tasted eggs, certainly,\' said Alice, and she did not like to go down the hall. After a while,.','2021-02-24 05:44:22','2021-03-26 16:05:09'),(182,'todo',86,82,'Gryphon. \'How the creatures order one about, and called out, \'First witness!\' The first thing I\'ve.','2021-03-23 00:46:19','2021-03-20 03:54:44'),(183,'event',83,83,'After a while she was nine feet high, and her eyes immediately met those of a well--\' \'What did.','2021-03-06 07:33:54','2021-03-20 23:49:00'),(184,'todo_list',74,84,'So Alice began to get through the neighbouring pool--she could hear the very tones of the cattle.','2021-03-08 01:02:24','2021-03-03 22:26:09'),(185,'todo_list',24,85,'King, \'or I\'ll have you got in as well,\' the Hatter went on in a great hurry to change them--\'.','2021-02-23 16:43:59','2021-02-25 19:58:08'),(186,'document',56,86,'Alice timidly. \'Would you tell me, please, which way she put one arm out of it, and they sat down.','2021-03-13 23:40:57','2021-03-26 16:05:09'),(187,'event',95,87,'Just as she was a little timidly, for she had been found and handed them round as prizes. There.','2021-03-12 14:38:21','2021-03-03 01:54:31'),(188,'todo',62,88,'Mary Ann, and be turned out of the jurymen. \'No, they\'re not,\' said the Duchess, \'and that\'s a.','2021-02-28 04:53:33','2021-03-22 01:11:55'),(189,'post',68,89,'Rabbit began. Alice thought to herself \'This is Bill,\' she gave her one, they gave him two, You.','2021-02-27 10:27:26','2021-02-27 19:11:46'),(190,'todo',67,90,'Alice to herself, \'after such a curious plan!\' exclaimed Alice. \'That\'s the most curious thing I.','2021-02-24 00:05:20','2021-03-11 10:09:14'),(191,'todo_list',99,91,'Gryphon. \'Do you take me for his housemaid,\' she said to the baby, it was just going to shrink any.','2021-02-25 23:31:53','2021-02-24 05:06:21'),(192,'todo_list',97,92,'Alice felt that there was hardly room to grow here,\' said the Cat. \'I said pig,\' replied Alice;.','2021-03-02 16:17:56','2021-02-24 08:25:21'),(193,'document',85,93,'Poor Alice! It was so full of smoke from one end to the part about her other little children, and.','2021-03-11 13:15:44','2021-03-26 16:05:09'),(194,'event',22,94,'VERY much out of a well?\' \'Take some more tea,\' the Hatter continued, \'in this way:-- \"Up above.','2021-03-13 20:23:15','2021-03-08 12:24:24'),(195,'event',76,95,'Duchess, it had gone. \'Well! I\'ve often seen them at dinn--\' she checked herself hastily, and said.','2021-03-21 16:39:21','2021-02-24 14:28:07'),(196,'post',40,96,'SHE, of course,\' he said do. Alice looked very anxiously into its face to see it trot away quietly.','2021-03-16 14:12:29','2021-03-19 02:00:11'),(197,'post',5,97,'It did so indeed, and much sooner than she had never been in a low trembling voice, \'Let us get to.','2021-03-02 05:08:19','2021-03-10 03:07:40'),(198,'todo_list',54,98,'Classics master, though. He was looking for it, he was speaking, so that altogether, for the.','2021-03-19 20:26:36','2021-03-08 22:22:07'),(199,'todo',70,99,'Queen, the royal children; there were three little sisters--they were learning to draw, you.','2021-03-14 01:54:52','2021-03-08 00:07:28'),(200,'event',9,100,'Dormouse went on, without attending to her, so she took courage, and went on: \'--that begins with.','2021-03-12 10:53:59','2021-02-24 22:51:00');
/*!40000 ALTER TABLE `comments` ENABLE KEYS */;
UNLOCK TABLES;
/*!50003 SET @saved_cs_client      = @@character_set_client */ ;
/*!50003 SET @saved_cs_results     = @@character_set_results */ ;
/*!50003 SET @saved_col_connection = @@collation_connection */ ;
/*!50003 SET character_set_client  = utf8mb4 */ ;
/*!50003 SET character_set_results = utf8mb4 */ ;
/*!50003 SET collation_connection  = utf8mb4_0900_ai_ci */ ;
/*!50003 SET @saved_sql_mode       = @@sql_mode */ ;
/*!50003 SET sql_mode              = 'ONLY_FULL_GROUP_BY,STRICT_TRANS_TABLES,NO_ZERO_IN_DATE,NO_ZERO_DATE,ERROR_FOR_DIVISION_BY_ZERO,NO_ENGINE_SUBSTITUTION' */ ;
DELIMITER ;;
/*!50003 CREATE*/ /*!50017 DEFINER=`root`@`localhost`*/ /*!50003 TRIGGER `commets_validation` BEFORE INSERT ON `comments` FOR EACH ROW BEGIN
  IF !is_row_exists(NEW.target_id, NEW.target_type) THEN
    SIGNAL SQLSTATE "45000"
    SET MESSAGE_TEXT = "Error adding comment! Target table doesn't contain row id provided!";
  END IF;
END */;;
DELIMITER ;
/*!50003 SET sql_mode              = @saved_sql_mode */ ;
/*!50003 SET character_set_client  = @saved_cs_client */ ;
/*!50003 SET character_set_results = @saved_cs_results */ ;
/*!50003 SET collation_connection  = @saved_col_connection */ ;

--
-- Temporary view structure for view `companies_users`
--

DROP TABLE IF EXISTS `companies_users`;
/*!50001 DROP VIEW IF EXISTS `companies_users`*/;
SET @saved_cs_client     = @@character_set_client;
/*!50503 SET character_set_client = utf8mb4 */;
/*!50001 CREATE VIEW `companies_users` AS SELECT 
 1 AS `name`,
 1 AS `number of employees`,
 1 AS `employees`*/;
SET character_set_client = @saved_cs_client;

--
-- Table structure for table `documents`
--

DROP TABLE IF EXISTS `documents`;
/*!40101 SET @saved_cs_client     = @@character_set_client */;
/*!50503 SET character_set_client = utf8mb4 */;
CREATE TABLE `documents` (
  `id` bigint unsigned NOT NULL AUTO_INCREMENT COMMENT 'Идентификатор поста',
  `creator_id` bigint unsigned NOT NULL COMMENT 'Автор поста',
  `unit_id` bigint unsigned NOT NULL COMMENT 'Юнит',
  `type` enum('document','file') DEFAULT NULL,
  `head` varchar(255) CHARACTER SET utf8mb4 COLLATE utf8mb4_unicode_ci DEFAULT NULL COMMENT 'Заголовок документа',
  `body` text CHARACTER SET utf8mb4 COLLATE utf8mb4_unicode_ci COMMENT 'Текст',
  `created_at` datetime DEFAULT CURRENT_TIMESTAMP COMMENT 'Время создания строки',
  `updated_at` datetime DEFAULT CURRENT_TIMESTAMP ON UPDATE CURRENT_TIMESTAMP COMMENT 'Время обновления строки',
  PRIMARY KEY (`id`),
  KEY `documents_creator_id_fk` (`creator_id`),
  KEY `documents_unit_id_fk` (`unit_id`),
  KEY `head_idx` (`head`),
  CONSTRAINT `documents_creator_id_fk` FOREIGN KEY (`creator_id`) REFERENCES `users` (`id`) ON DELETE CASCADE,
  CONSTRAINT `documents_unit_id_fk` FOREIGN KEY (`unit_id`) REFERENCES `units` (`id`) ON DELETE CASCADE
) ENGINE=InnoDB AUTO_INCREMENT=201 DEFAULT CHARSET=utf8mb4 COLLATE=utf8mb4_0900_ai_ci COMMENT='Посты';
/*!40101 SET character_set_client = @saved_cs_client */;

--
-- Dumping data for table `documents`
--

LOCK TABLES `documents` WRITE;
/*!40000 ALTER TABLE `documents` DISABLE KEYS */;
INSERT INTO `documents` VALUES (1,1,1,'document','veniam','Alice as he spoke, and then she had hoped) a fan and gloves. \'How queer it seems,\' Alice said with.','2021-03-12 17:58:56','2021-03-18 12:13:17'),(2,2,2,'document','perspiciatis','Alice could think of any good reason, and as for the next verse.\' \'But about his toes?\' the Mock.','2021-02-25 17:55:45','2021-03-09 07:31:44'),(3,3,3,'file','itaque','I\'m mad?\' said Alice. \'Of course it is,\' said the Mock Turtle interrupted, \'if you only kept on.','2021-02-28 03:41:52','2021-02-28 08:51:17'),(4,4,4,'document','eius','Latitude or Longitude either, but thought they were gardeners, or soldiers, or courtiers, or three.','2021-03-15 22:33:56','2021-03-12 02:35:24'),(5,5,5,'document','enim','However, she did not like the look of things at all, at all!\' \'Do as I tell you, you coward!\' and.','2021-03-03 18:40:19','2021-03-21 05:00:49'),(6,6,6,'document','culpa','ME,\' but nevertheless she uncorked it and put it right; \'not that it was all finished, the Owl, as.','2021-03-17 11:24:51','2021-03-06 19:45:10'),(7,7,7,'file','autem','Alice, and, after waiting till she fancied she heard something splashing about in the middle,.','2021-02-26 09:59:38','2021-02-28 03:06:57'),(8,8,8,'document','nihil','Mouse, sharply and very soon finished off the top of its little eyes, but it did not at all for.','2021-03-03 19:19:19','2021-03-04 14:55:42'),(9,9,9,'file','praesentium','Duchess said in an offended tone. And the moral of that is--\"Oh, \'tis love, that makes you forget.','2021-03-04 11:50:10','2021-03-21 01:32:34'),(10,10,10,'document','praesentium','RABBIT\' engraved upon it. She went in search of her ever getting out of their wits!\' So she went.','2021-02-26 21:36:05','2021-02-25 23:47:22'),(11,11,11,'document','a','So she began: \'O Mouse, do you want to go! Let me think: was I the same thing as \"I eat what I.','2021-03-20 03:37:17','2021-03-08 00:10:20'),(12,12,12,'file','at','Rabbit just under the sea,\' the Gryphon went on. \'I do,\' Alice said very politely, \'if I had to do.','2021-03-13 14:43:59','2021-03-05 08:55:41'),(13,13,13,'file','eum','First, she tried her best to climb up one of the edge of the birds and beasts, as well as she.','2021-03-22 12:30:57','2021-02-27 20:01:01'),(14,14,14,'file','vel','I sleep\" is the use of repeating all that stuff,\' the Mock Turtle went on, \'you throw the--\' \'The.','2021-03-11 22:16:00','2021-03-08 14:34:45'),(15,15,15,'document','nihil','And he added looking angrily at the Cat\'s head with great emphasis, looking hard at Alice the.','2021-02-27 19:27:04','2021-03-12 11:34:47'),(16,16,16,'file','sapiente','March Hare moved into the roof bear?--Mind that loose slate--Oh, it\'s coming down! Heads below!\'.','2021-03-03 05:31:14','2021-03-02 14:53:37'),(17,17,17,'file','fuga','How she longed to change the subject,\' the March Hare was said to a snail. \"There\'s a porpoise.','2021-03-21 22:12:43','2021-02-28 01:52:21'),(18,18,18,'file','vero','WAS a curious plan!\' exclaimed Alice. \'That\'s the judge,\' she said to the game. CHAPTER IX. The.','2021-03-22 00:52:29','2021-03-14 13:11:01'),(19,19,19,'document','magnam','Oh, I shouldn\'t like THAT!\' \'Oh, you can\'t be civil, you\'d better ask HER about it.\' \'She\'s in.','2021-02-23 22:42:13','2021-03-05 18:46:29'),(20,20,20,'file','occaecati','Alice, looking down at her for a conversation. \'You don\'t know one,\' said Alice, who always took a.','2021-03-18 04:08:26','2021-02-28 22:08:45'),(21,21,21,'file','id','English!\' said the Footman, and began singing in its sleep \'Twinkle, twinkle, twinkle, twinkle--\'.','2021-03-16 00:36:28','2021-03-04 07:54:12'),(22,22,22,'file','sunt','I don\'t believe there\'s an atom of meaning in it,\' but none of my own. I\'m a hatter.\' Here the.','2021-03-12 01:56:29','2021-03-22 21:58:31'),(23,23,23,'document','non','YOU?\' said the Gryphon, \'you first form into a chrysalis--you will some day, you know--and then.','2021-03-07 08:55:41','2021-02-28 22:26:56'),(24,24,24,'file','neque','It was high time you were INSIDE, you might knock, and I shall fall right THROUGH the earth! How.','2021-03-10 20:57:37','2021-03-18 22:19:32'),(25,25,25,'file','repudiandae','IT. It\'s HIM.\' \'I don\'t know what you like,\' said the Queen. \'You make me giddy.\' And then,.','2021-03-05 11:38:51','2021-03-01 18:17:47'),(26,26,26,'document','et','After a while, finding that nothing more to be ashamed of yourself for asking such a long silence.','2021-03-06 14:10:43','2021-03-08 02:13:16'),(27,27,27,'document','voluptates','First, she tried to fancy what the name again!\' \'I won\'t indeed!\' said the Rabbit was still in.','2021-03-07 19:18:29','2021-03-02 21:24:06'),(28,28,28,'file','temporibus','Alice said nothing; she had grown up,\' she said this, she looked back once or twice, half hoping.','2021-02-25 13:57:07','2021-03-04 18:19:15'),(29,29,29,'document','quae','Majesty?\' he asked. \'Begin at the other, trying every door, she ran out of the trees under which.','2021-03-20 14:13:15','2021-03-04 23:36:48'),(30,30,30,'document','rerum','Alice. \'Why, you don\'t even know what to do this, so she felt certain it must be Mabel after all,.','2021-02-23 16:03:48','2021-03-15 23:24:19'),(31,31,31,'file','odit','Alice could not even get her head was so full of smoke from one end of the court,\" and I had it.','2021-03-02 18:43:42','2021-03-07 01:01:01'),(32,32,32,'file','quia','Between yourself and me.\' \'That\'s the reason is--\' here the conversation a little. \'\'Tis so,\' said.','2021-03-06 08:49:16','2021-02-26 08:41:59'),(33,33,33,'file','totam','Let me think: was I the same thing as \"I eat what I like\"!\' \'You might just as if she meant to.','2021-02-27 10:03:13','2021-03-21 02:47:00'),(34,34,34,'document','ullam','While she was about a thousand times as large as the other.\' As soon as look at all what had.','2021-03-15 03:55:42','2021-03-12 20:28:08'),(35,35,35,'document','ipsum','Queen, and Alice looked all round her, about four feet high. \'I wish the creatures wouldn\'t be so.','2021-02-27 10:27:21','2021-03-09 23:38:43'),(36,36,36,'document','at','There was a good character, But said I could not help thinking there MUST be more to do that,\'.','2021-03-18 00:59:10','2021-03-18 01:33:11'),(37,37,37,'file','consectetur','Cat: \'we\'re all mad here. I\'m mad. You\'re mad.\' \'How do you know why it\'s called a whiting?\' \'I.','2021-02-27 05:38:47','2021-03-08 23:46:42'),(38,38,38,'file','quaerat','ME, and told me you had been found and handed back to my right size again; and the words don\'t FIT.','2021-03-06 23:44:00','2021-03-14 18:24:41'),(39,39,39,'file','deserunt','Dinah, tell me the list of singers. \'You may go,\' said the Mock Turtle at last, and managed to put.','2021-02-27 23:42:06','2021-02-27 20:24:19'),(40,40,40,'file','dolores','Alice waited a little, half expecting to see it again, but it just now.\' \'It\'s the first sentence.','2021-03-11 13:22:16','2021-03-21 11:49:32'),(41,41,41,'document','molestiae','Dinah my dear! Let this be a comfort, one way--never to be a LITTLE larger, sir, if you wouldn\'t.','2021-03-22 23:04:43','2021-03-19 23:45:36'),(42,42,42,'file','quaerat','Alice; \'I can\'t help it,\' said Alice, whose thoughts were still running on the bank, and of having.','2021-03-01 14:28:48','2021-02-25 23:43:47'),(43,43,43,'file','ad','She had just upset the milk-jug into his plate. Alice did not like the wind, and the Queen in.','2021-03-22 22:53:54','2021-03-23 01:02:41'),(44,44,44,'file','dolore','SOMEBODY ought to go among mad people,\' Alice remarked. \'Right, as usual,\' said the Caterpillar.','2021-03-08 20:24:46','2021-03-22 02:19:58'),(45,45,45,'document','quo','Alice rather unwillingly took the watch and looked at Alice, and she had put on one knee as he.','2021-02-25 23:53:26','2021-02-26 14:42:07'),(46,46,46,'file','quod','Alice, and she went on. \'Would you tell me,\' said Alice, rather doubtfully, as she could, \'If you.','2021-03-09 09:16:22','2021-02-26 10:06:31'),(47,47,47,'file','ab','Alice joined the procession, wondering very much of a well--\' \'What did they live at the.','2021-02-28 14:27:35','2021-03-10 00:42:52'),(48,48,48,'document','aut','The great question is, what did the archbishop find?\' The Mouse did not feel encouraged to ask.','2021-03-22 12:03:47','2021-03-22 01:27:39'),(49,49,49,'document','veniam','It means much the same as the White Rabbit was still in existence; \'and now for the end of your.','2021-03-02 00:36:45','2021-03-19 16:50:46'),(50,50,50,'document','id','I haven\'t had a door leading right into it. \'That\'s very curious.\' \'It\'s all her riper years, the.','2021-03-15 14:54:00','2021-02-23 16:30:07'),(51,51,51,'file','nesciunt','Let me see: I\'ll give them a railway station.) However, she got to the Hatter. He came in sight of.','2021-02-28 22:38:22','2021-03-20 11:23:24'),(52,52,52,'file','impedit','He looked anxiously at the Mouse\'s tail; \'but why do you mean \"purpose\"?\' said Alice. \'Did you say.','2021-03-08 16:46:05','2021-03-07 21:16:52'),(53,53,53,'document','voluptas','CHORUS. \'Wow! wow! wow!\' While the Duchess said after a few minutes it puffed away without being.','2021-02-27 02:01:53','2021-03-18 01:08:18'),(54,54,54,'document','placeat','ME, and told me you had been wandering, when a sharp hiss made her look up and leave the court;.','2021-03-09 14:09:15','2021-03-20 02:47:45'),(55,55,55,'file','aperiam','O Mouse!\' (Alice thought this a very little! Besides, SHE\'S she, and I\'m I, and--oh dear, how.','2021-03-07 10:43:06','2021-02-27 21:30:56'),(56,56,56,'file','eos','Dodo solemnly, rising to its children, \'Come away, my dears! It\'s high time you were down here.','2021-03-23 01:37:40','2021-03-05 09:48:42'),(57,57,57,'file','provident','Queen, who was a general chorus of \'There goes Bill!\' then the other, trying every door, she found.','2021-03-10 17:22:28','2021-03-06 05:40:18'),(58,58,58,'file','autem','King exclaimed, turning to the shore, and then she had to stoop to save her neck kept getting.','2021-03-21 21:53:14','2021-03-09 09:05:40'),(59,59,59,'document','quia','Mock Turtle: \'why, if a dish or kettle had been wandering, when a sharp hiss made her next remark..','2021-03-16 04:39:51','2021-03-18 07:01:59'),(60,60,60,'file','explicabo','Alice, and she had got its head impatiently, and walked a little sharp bark just over her head to.','2021-03-14 02:39:07','2021-02-24 02:19:25'),(61,61,61,'document','reprehenderit','Five. \'I heard every word you fellows were saying.\' \'Tell us a story!\' said the Mock Turtle.','2021-03-02 04:32:42','2021-03-09 13:17:05'),(62,62,62,'document','ut','How the Owl and the two creatures, who had got so much surprised, that for two reasons. First,.','2021-03-22 02:12:33','2021-03-15 19:34:21'),(63,63,63,'file','nisi','Mouse, do you know the meaning of half an hour or so, and were quite dry again, the Dodo managed.','2021-03-14 14:39:19','2021-03-08 16:56:40'),(64,64,64,'document','rerum','I\'d only been the whiting,\' said Alice, and tried to look for her, and said, \'So you did, old.','2021-03-06 23:08:42','2021-03-19 06:27:43'),(65,65,65,'document','earum','I can say.\' This was not otherwise than what you were me?\' \'Well, perhaps your feelings may be.','2021-03-20 15:27:35','2021-03-14 22:01:32'),(66,66,66,'document','aliquid','It was high time to see what this bottle does. I do so like that curious song about the same age.','2021-03-10 14:58:34','2021-03-02 17:56:46'),(67,67,67,'file','quod','I THINK,\' said Alice. \'I wonder what I say--that\'s the same age as herself, to see that she did.','2021-02-26 11:27:13','2021-02-27 22:09:11'),(68,68,68,'file','voluptatem','I say--that\'s the same when I sleep\" is the use of a candle is blown out, for she was about a.','2021-03-18 19:42:33','2021-03-19 03:25:14'),(69,69,69,'document','vero','Cat, \'if you don\'t know what to uglify is, you ARE a simpleton.\' Alice did not like the largest.','2021-03-10 19:23:42','2021-03-12 02:13:18'),(70,70,70,'document','libero','Mock Turtle said with some severity; \'it\'s very easy to know what a Mock Turtle had just succeeded.','2021-02-25 17:13:01','2021-02-27 17:16:13'),(71,71,71,'document','dolorem','Queen of Hearts were seated on their slates, when the White Rabbit, who said in a melancholy air,.','2021-03-20 19:07:40','2021-03-11 14:47:26'),(72,72,72,'document','sed','English. \'I don\'t think it\'s at all a pity. I said \"What for?\"\' \'She boxed the Queen\'s hedgehog.','2021-03-09 08:09:42','2021-03-14 09:15:10'),(73,73,73,'file','nostrum','There was a paper label, with the strange creatures of her own children. \'How should I know?\' said.','2021-03-19 08:58:36','2021-03-05 14:19:12'),(74,74,74,'document','quibusdam','And yet I wish you would seem to have him with them,\' the Mock Turtle, \'Drive on, old fellow!.','2021-03-13 02:11:17','2021-03-09 01:20:39'),(75,75,75,'file','non','Alice. \'But you\'re so easily offended!\' \'You\'ll get used to say whether the blows hurt it or not..','2021-03-19 06:04:26','2021-02-24 08:20:35'),(76,76,76,'document','quae','I almost wish I hadn\'t mentioned Dinah!\' she said to Alice, that she hardly knew what she did, she.','2021-02-28 01:12:30','2021-03-07 23:24:10'),(77,77,77,'document','tenetur','I to do with you. Mind now!\' The poor little thing was to eat the comfits: this caused some noise.','2021-03-03 00:51:26','2021-03-08 14:12:25'),(78,78,78,'file','voluptatem','Majesty!\' the soldiers did. After these came the guests, mostly Kings and Queens, and among them.','2021-03-12 13:59:02','2021-03-10 20:33:47'),(79,79,79,'document','porro','Hatter added as an explanation. \'Oh, you\'re sure to kill it in asking riddles that have no sort of.','2021-02-25 17:19:38','2021-03-17 16:03:53'),(80,80,80,'file','ad','Paris, and Paris is the capital of Paris, and Paris is the capital of Rome, and Rome--no, THAT\'S.','2021-02-28 14:45:01','2021-03-05 11:20:09'),(81,81,81,'file','laboriosam','I am in the last concert!\' on which the March Hare had just begun \'Well, of all this time. \'I want.','2021-03-15 11:49:44','2021-02-25 20:21:16'),(82,82,82,'document','non','Mock Turtle sang this, very slowly and sadly:-- \'\"Will you walk a little anxiously. \'Yes,\' said.','2021-02-26 18:30:41','2021-02-23 17:16:13'),(83,83,83,'document','hic','Rabbit\'s voice; and the fan, and skurried away into the earth. At last the Dodo solemnly, rising.','2021-03-13 19:25:31','2021-02-26 04:52:38'),(84,84,84,'document','optio','I\'ve said as yet.\' \'A cheap sort of lullaby to it in large letters. It was high time to hear it.','2021-02-25 10:00:17','2021-03-02 06:32:39'),(85,85,85,'document','culpa','If I or she fell past it. \'Well!\' thought Alice to herself, in a moment. \'Let\'s go on for some.','2021-03-17 12:40:33','2021-02-28 08:31:04'),(86,86,86,'file','aut','Mouse, turning to Alice for protection. \'You shan\'t be beheaded!\' \'What for?\' said Alice. \'Nothing.','2021-03-07 07:56:08','2021-03-09 20:37:42'),(87,87,87,'file','totam','So she went on growing, and growing, and growing, and she put one arm out of a sea of green leaves.','2021-02-26 07:02:05','2021-03-04 12:26:53'),(88,88,88,'document','et','Game, or any other dish? Who would not join the dance? \"You can really have no sort of knot, and.','2021-03-03 17:43:26','2021-02-26 23:22:23'),(89,89,89,'document','excepturi','Which shall sing?\' \'Oh, YOU sing,\' said the King. On this the White Rabbit: it was very hot, she.','2021-03-09 21:22:01','2021-03-18 16:08:21'),(90,90,90,'document','omnis','So she sat down with wonder at the frontispiece if you like,\' said the Duck. \'Found IT,\' the Mouse.','2021-02-28 15:44:37','2021-03-19 17:18:15'),(91,91,91,'document','et','Alice; \'and I wish I hadn\'t to bring but one; Bill\'s got the other--Bill! fetch it here,.','2021-03-03 18:38:59','2021-03-03 02:56:15'),(92,92,92,'document','eveniet','Mock Turtle. \'No, no! The adventures first,\' said the Duchess: \'what a clear way you have just.','2021-03-11 09:09:29','2021-03-20 15:21:52'),(93,93,93,'file','culpa','YOURS: I don\'t care which happens!\' She ate a little of the table. \'Have some wine,\' the March.','2021-03-17 03:30:47','2021-03-18 15:31:05'),(94,94,94,'file','ea','I should say \"With what porpoise?\"\' \'Don\'t you mean by that?\' said the Mock Turtle. Alice was.','2021-03-17 05:56:33','2021-03-14 20:06:58'),(95,95,95,'document','pariatur','White Rabbit, who was reading the list of the court,\" and I shall think nothing of tumbling down.','2021-02-26 23:14:52','2021-03-19 06:33:41'),(96,96,96,'file','est','Queen, and Alice could hardly hear the Rabbit coming to look for her, and the turtles all advance!.','2021-03-19 10:21:36','2021-03-12 09:29:25'),(97,97,97,'file','voluptatem','In another moment it was only too glad to get in?\' she repeated, aloud. \'I shall do nothing of.','2021-03-16 09:33:36','2021-03-04 23:23:40'),(98,98,98,'document','et','I then? Tell me that first, and then the Rabbit\'s voice; and the reason of that?\' \'In my youth,\'.','2021-03-21 03:19:59','2021-03-06 09:27:12'),(99,99,99,'document','ut','Duchess: \'what a clear way you can;--but I must be collected at once set to work at once to eat.','2021-03-02 22:46:06','2021-02-27 12:54:48'),(100,100,100,'file','repellendus','For some minutes it seemed quite dull and stupid for life to go near the entrance of the Mock.','2021-03-08 03:55:25','2021-03-19 12:25:04'),(101,1,1,'document','quia','English); \'now I\'m opening out like the Mock Turtle a little startled by seeing the Cheshire Cat.','2021-03-01 07:30:11','2021-03-13 02:47:18'),(102,2,2,'document','assumenda','They all returned from him to you, Though they were playing the Queen said severely \'Who is it I.','2021-03-21 02:42:11','2021-03-21 05:06:33'),(103,3,3,'file','dolorem','Alice. \'Anything you like,\' said the Hatter: \'let\'s all move one place on.\' He moved on as he.','2021-03-11 18:16:38','2021-03-11 04:32:24'),(104,4,4,'document','occaecati','YOUR business, Two!\' said Seven. \'Yes, it IS his business!\' said Five, in a VERY turn-up nose,.','2021-03-07 23:03:03','2021-03-09 11:31:54'),(105,5,5,'document','quia','Alice timidly. \'Would you tell me, Pat, what\'s that in the middle, nursing a baby; the cook.','2021-03-05 13:31:16','2021-03-08 00:32:35'),(106,6,6,'document','cum','And beat him when he finds out who was trembling down to look at the stick, running a very small.','2021-02-24 15:13:18','2021-03-21 11:58:23'),(107,7,7,'file','est','THEN--she found herself falling down a jar from one minute to another! However, I\'ve got to go.','2021-03-16 14:31:22','2021-03-05 12:45:58'),(108,8,8,'file','sed','Alice, who had spoken first. \'That\'s none of YOUR adventures.\' \'I could tell you what year it is?\'.','2021-02-23 20:21:50','2021-03-09 22:08:13'),(109,9,9,'document','ut','Dormouse denied nothing, being fast asleep. \'After that,\' continued the Pigeon, but in a very.','2021-03-18 21:59:21','2021-03-03 08:33:50'),(110,10,10,'document','est','I only wish people knew that: then they wouldn\'t be in a large pool all round the rosetree; for,.','2021-03-06 12:26:19','2021-03-07 05:47:45'),(111,11,11,'file','amet','English, who wanted leaders, and had no idea what you\'re at!\" You know the meaning of it in less.','2021-03-18 10:23:59','2021-02-24 15:46:32'),(112,12,12,'file','ut','SHE, of course,\' said the White Rabbit cried out, \'Silence in the night? Let me see--how IS it to.','2021-03-03 04:21:18','2021-02-28 08:25:37'),(113,13,13,'document','deleniti','Please, Ma\'am, is this New Zealand or Australia?\' (and she tried to get very tired of being such a.','2021-03-15 20:08:30','2021-02-26 15:02:27'),(114,14,14,'file','numquam','It means much the most interesting, and perhaps after all it might happen any minute, \'and then,\'.','2021-03-18 00:28:48','2021-03-20 04:57:25'),(115,15,15,'file','quidem','Alice: \'three inches is such a curious plan!\' exclaimed Alice. \'And where HAVE my shoulders got.','2021-03-02 20:40:03','2021-03-07 19:14:18'),(116,16,16,'file','impedit','Alice. \'I\'ve tried the little golden key and hurried off at once to eat or drink something or.','2021-03-14 21:55:46','2021-02-24 07:59:45'),(117,17,17,'document','et','March Hare took the thimble, looking as solemn as she tucked her arm affectionately into Alice\'s,.','2021-03-02 09:01:04','2021-03-08 05:57:45'),(118,18,18,'document','consequuntur','Gryphon: \'I went to the Cheshire Cat sitting on a crimson velvet cushion; and, last of all her.','2021-02-28 22:44:03','2021-03-12 11:46:29'),(119,19,19,'document','architecto','Dinah stop in the same thing as a cushion, resting their elbows on it, for she felt unhappy. \'It.','2021-03-20 15:04:37','2021-03-01 23:18:00'),(120,20,20,'document','et','She stretched herself up on tiptoe, and peeped over the verses the White Rabbit read:-- \'They told.','2021-03-18 14:39:46','2021-03-07 06:02:07'),(121,21,21,'document','ut','Alice had no idea how confusing it is right?\' \'In my youth,\' Father William replied to his son, \'I.','2021-03-18 21:07:20','2021-03-23 02:50:28'),(122,22,22,'document','beatae','NEAR THE FENDER, (WITH ALICE\'S LOVE). Oh dear, what nonsense I\'m talking!\' Just then her head to.','2021-03-16 06:46:01','2021-03-20 01:52:25'),(123,23,23,'document','veniam','Alice, \'as all the time he was gone, and, by the end of the door of which was the first verse,\'.','2021-03-11 05:41:57','2021-03-03 16:15:48'),(124,24,24,'file','aperiam','MINE.\' The Queen had never seen such a pleasant temper, and thought to herself how this same.','2021-03-13 20:20:05','2021-03-13 00:00:14'),(125,25,25,'file','facilis','Cat. \'I don\'t believe there\'s an atom of meaning in it.\' The jury all brightened up at this.','2021-02-28 13:17:43','2021-03-17 22:14:31'),(126,26,26,'file','debitis','March Hare. \'Then it ought to go among mad people,\' Alice remarked. \'Right, as usual,\' said the.','2021-02-26 14:51:20','2021-03-11 16:11:17'),(127,27,27,'file','voluptatibus','Alice aloud, addressing nobody in particular. \'She\'d soon fetch it here, lad!--Here, put \'em up at.','2021-02-26 20:28:20','2021-03-11 05:03:25'),(128,28,28,'document','itaque','March Hare had just upset the milk-jug into his cup of tea, and looked at the cook till his eyes.','2021-03-09 21:22:24','2021-03-01 06:09:52'),(129,29,29,'file','corrupti','Dormouse was sitting on the top of its right ear and left foot, so as to prevent its undoing.','2021-02-25 03:39:00','2021-03-12 19:59:36'),(130,30,30,'file','dolores','MINE.\' The Queen turned crimson with fury, and, after folding his arms and frowning at the bottom.','2021-03-07 07:21:55','2021-03-22 06:15:38'),(131,31,31,'file','corrupti','Alice sharply, for she had somehow fallen into the roof of the Queen said to herself. \'I dare say.','2021-03-15 12:46:57','2021-03-23 00:14:32'),(132,32,32,'document','officiis','Mouse with an anxious look at the flowers and those cool fountains, but she knew that it seemed.','2021-03-14 17:56:04','2021-02-26 01:00:51'),(133,33,33,'file','omnis','Pigeon, but in a hurry that she hardly knew what she did, she picked her way into that beautiful.','2021-03-16 09:13:29','2021-03-21 15:16:10'),(134,34,34,'document','quos','Just then she had gone through that day. \'No, no!\' said the Hatter; \'so I can\'t tell you my.','2021-03-06 10:39:21','2021-03-18 00:58:48'),(135,35,35,'document','repellendus','Mock Turtle interrupted, \'if you don\'t like the look of it appeared. \'I don\'t know the meaning of.','2021-03-13 20:15:17','2021-03-20 03:03:12'),(136,36,36,'file','sit','Hatter. \'He won\'t stand beating. Now, if you could only hear whispers now and then all the jurors.','2021-03-12 08:58:44','2021-02-28 11:30:50'),(137,37,37,'file','necessitatibus','Alice had never left off writing on his slate with one of the house!\' (Which was very like a.','2021-03-03 12:51:28','2021-02-27 14:20:54'),(138,38,38,'file','quis','What WILL become of me? They\'re dreadfully fond of pretending to be otherwise than what you mean,\'.','2021-03-13 03:57:02','2021-02-27 13:13:47'),(139,39,39,'document','sequi','The rabbit-hole went straight on like a mouse, you know. Please, Ma\'am, is this New Zealand or.','2021-03-11 00:46:38','2021-03-19 05:57:31'),(140,40,40,'document','vero','And he added in a great thistle, to keep back the wandering hair that WOULD always get into the.','2021-03-05 11:14:53','2021-03-09 21:23:19'),(141,41,41,'document','repudiandae','Caterpillar. Alice thought to herself. Imagine her surprise, when the tide rises and sharks are.','2021-03-14 03:50:24','2021-03-19 09:43:04'),(142,42,42,'file','iste','Alice rather unwillingly took the watch and looked at the window.\' \'THAT you won\'t\' thought Alice,.','2021-03-10 11:57:31','2021-02-26 16:59:56'),(143,43,43,'document','quidem','Then followed the Knave \'Turn them over!\' The Knave shook his grey locks, \'I kept all my life!\'.','2021-03-06 05:30:58','2021-03-03 15:22:14'),(144,44,44,'document','quo','Rabbit\'s--\'Pat! Pat! Where are you?\' said Alice, (she had kept a piece of it at last, and they.','2021-03-22 00:32:49','2021-02-25 07:18:17'),(145,45,45,'file','tempore','I get it home?\' when it grunted again, so that it ought to be no use in waiting by the carrier,\'.','2021-03-03 16:59:59','2021-02-23 17:26:02'),(146,46,46,'document','quas','March Hare said in a great hurry; \'this paper has just been picked up.\' \'What\'s in it?\' said the.','2021-02-28 12:02:17','2021-03-17 17:15:01'),(147,47,47,'file','porro','Alice, that she began fancying the sort of chance of her favourite word \'moral,\' and the fan, and.','2021-03-20 20:40:31','2021-02-28 10:37:51'),(148,48,48,'document','sunt','Rabbit angrily. \'Here! Come and help me out of its mouth, and its great eyes half shut. This.','2021-03-04 00:07:18','2021-03-07 12:25:56'),(149,49,49,'document','et','The first question of course was, how to begin.\' For, you see, Miss, we\'re doing our best, afore.','2021-03-10 20:54:46','2021-02-26 12:16:43'),(150,50,50,'document','quas','King looked anxiously over his shoulder with some difficulty, as it was quite pleased to find.','2021-03-20 15:14:16','2021-03-17 09:17:47'),(151,51,51,'document','sit','This speech caused a remarkable sensation among the people near the entrance of the wood--(she.','2021-03-09 09:19:48','2021-02-25 11:36:40'),(152,52,52,'document','dolore','Duchess and the March Hare. \'Yes, please do!\' pleaded Alice. \'And be quick about it,\' added the.','2021-03-13 00:23:36','2021-03-14 05:42:54'),(153,53,53,'document','consequatur','I\'ll manage better this time,\' she said to the door, staring stupidly up into the jury-box, and.','2021-02-27 01:27:37','2021-03-05 04:54:12'),(154,54,54,'file','labore','Queen, stamping on the trumpet, and called out to be seen: she found her head to hide a smile:.','2021-03-21 10:12:58','2021-03-06 16:50:32'),(155,55,55,'file','eveniet','March Hare, \'that \"I breathe when I was a very pretty dance,\' said Alice timidly. \'Would you tell.','2021-03-09 17:06:34','2021-03-02 08:22:03'),(156,56,56,'document','magni','Gryphon, \'you first form into a tree. \'Did you say things are \"much of a muchness\"--did you ever.','2021-03-20 00:27:11','2021-03-19 13:23:04'),(157,57,57,'file','nostrum','However, I\'ve got to grow up any more HERE.\' \'But then,\' thought Alice, \'shall I NEVER get any.','2021-03-21 01:41:02','2021-03-08 15:37:32'),(158,58,58,'file','laudantium','She\'ll get me executed, as sure as ferrets are ferrets! Where CAN I have dropped them, I wonder?\'.','2021-02-27 00:39:37','2021-02-28 13:28:02'),(159,59,59,'document','ipsa','Alice, as the jury eagerly wrote down all three dates on their slates, when the Rabbit whispered.','2021-03-22 17:10:02','2021-02-27 16:41:18'),(160,60,60,'document','voluptas','Queen. \'I haven\'t opened it yet,\' said Alice; \'living at the top of the moment she appeared; but.','2021-03-19 09:56:12','2021-02-25 05:22:45'),(161,61,61,'document','facere','I\'ve tried to fancy what the flame of a muchness?\' \'Really, now you ask me,\' said Alice, who felt.','2021-02-27 20:54:19','2021-03-03 12:29:46'),(162,62,62,'document','ratione','Alice knew it was good practice to say whether the blows hurt it or not. So she began very.','2021-03-14 08:14:07','2021-03-20 11:27:50'),(163,63,63,'file','magnam','Dormouse. \'Don\'t talk nonsense,\' said Alice very politely; but she remembered trying to box her.','2021-03-11 14:12:58','2021-02-27 21:13:57'),(164,64,64,'document','est','I\'ll get into the sky all the jurors were writing down \'stupid things!\' on their slates, \'SHE.','2021-02-23 14:09:16','2021-03-17 16:14:09'),(165,65,65,'document','est','I don\'t believe there\'s an atom of meaning in it,\' said Alice very politely; but she did not.','2021-03-21 04:03:09','2021-03-01 23:24:07'),(166,66,66,'document','aut','Queen put on one knee as he spoke. \'UNimportant, of course, to begin again, it was over at last:.','2021-03-20 06:20:56','2021-03-12 01:15:14'),(167,67,67,'document','minus','Lizard, who seemed too much of a well?\' \'Take some more bread-and-butter--\' \'But what did the.','2021-03-21 08:47:59','2021-03-02 16:10:50'),(168,68,68,'document','esse','Queen, the royal children; there were TWO little shrieks, and more puzzled, but she thought there.','2021-03-21 11:37:03','2021-02-27 22:26:58'),(169,69,69,'file','eum','It\'ll be no chance of getting her hands on her lap as if she was quite tired and out of court!.','2021-03-02 09:36:33','2021-03-22 11:35:40'),(170,70,70,'file','sunt','I hadn\'t cried so much!\' said Alice, always ready to talk about wasting IT. It\'s HIM.\' \'I don\'t.','2021-03-08 23:53:01','2021-02-26 07:15:29'),(171,71,71,'document','voluptates','Alice crouched down among the distant green leaves. As there seemed to listen, the whole pack of.','2021-02-28 04:33:28','2021-03-17 04:04:49'),(172,72,72,'file','recusandae','However, she soon made out what she was getting very sleepy; \'and they drew all manner of.','2021-03-02 02:16:54','2021-03-11 08:22:39'),(173,73,73,'file','est','There was a little timidly, for she felt a very difficult game indeed. The players all played at.','2021-02-25 09:04:21','2021-03-09 15:42:43'),(174,74,74,'file','ut','Queen shouted at the thought that she could not join the dance. So they began running about in the.','2021-03-03 12:07:46','2021-03-04 05:33:33'),(175,75,75,'document','voluptas','Now I growl when I\'m pleased, and wag my tail when I\'m angry. Therefore I\'m mad.\' \'I call it sad?\'.','2021-03-06 11:50:37','2021-03-13 14:59:37'),(176,76,76,'file','consequatur','I try the first question, you know.\' \'Who is this?\' She said the March Hare interrupted, yawning..','2021-03-19 12:27:25','2021-03-22 19:33:11'),(177,77,77,'document','harum','King, who had spoken first. \'That\'s none of them hit her in a low, timid voice, \'If you do. I\'ll.','2021-03-17 02:07:28','2021-03-20 10:46:11'),(178,78,78,'file','maxime','Alice to herself, and once she remembered that she ought not to lie down upon her: she gave a.','2021-03-08 07:24:38','2021-03-16 01:20:10'),(179,79,79,'file','et','They had not noticed before, and behind them a railway station.) However, she soon made out what.','2021-03-09 03:38:40','2021-02-25 11:10:24'),(180,80,80,'file','labore','The executioner\'s argument was, that you weren\'t to talk to.\' \'How are you getting on?\' said the.','2021-03-09 14:17:30','2021-03-14 03:29:54'),(181,81,81,'file','sequi','Was kindly permitted to pocket the spoon: While the Panther were sharing a pie--\' [later editions.','2021-03-12 04:57:47','2021-03-18 09:04:08'),(182,82,82,'document','inventore','WAS a curious dream, dear, certainly: but now run in to your little boy, And beat him when he.','2021-03-11 14:17:23','2021-03-14 01:20:35'),(183,83,83,'file','quae','Alice took up the fan and gloves. \'How queer it seems,\' Alice said to herself as she remembered.','2021-03-13 00:57:14','2021-03-07 08:38:02'),(184,84,84,'document','voluptatem','She is such a thing. After a while, finding that nothing more to come, so she went on saying to.','2021-02-25 06:17:45','2021-03-22 17:32:56'),(185,85,85,'document','delectus','I don\'t want to get out again. The Mock Turtle in a hurry: a large pigeon had flown into her eyes;.','2021-03-22 04:00:14','2021-03-07 21:38:47'),(186,86,86,'document','et','Queen was in the direction it pointed to, without trying to box her own children. \'How should I.','2021-03-13 21:06:26','2021-02-27 21:38:14'),(187,87,87,'file','dicta','Then followed the Knave was standing before them, in chains, with a little snappishly. \'You\'re.','2021-03-06 00:29:34','2021-03-12 17:21:09'),(188,88,88,'document','non','Alice called after it; and as it spoke. \'As wet as ever,\' said Alice in a pleased tone. \'Pray.','2021-03-02 09:59:06','2021-03-09 23:13:10'),(189,89,89,'document','molestiae','Hatter; \'so I can\'t see you?\' She was looking down at her own children. \'How should I know?\' said.','2021-03-07 10:01:40','2021-02-24 10:07:40'),(190,90,90,'file','at','The cook threw a frying-pan after her as she swam about, trying to touch her. \'Poor little thing!\'.','2021-03-10 21:28:07','2021-03-01 09:33:03'),(191,91,91,'document','harum','Pennyworth only of beautiful Soup? Pennyworth only of beautiful Soup? Pennyworth only of beautiful.','2021-02-27 06:12:07','2021-02-27 22:48:00'),(192,92,92,'file','facere','What happened to you? Tell us all about for some time busily writing in his sleep, \'that \"I like.','2021-03-19 04:37:58','2021-03-13 01:47:44'),(193,93,93,'file','occaecati','Mock Turtle, and said to the Dormouse, not choosing to notice this question, but hurriedly went.','2021-03-06 07:28:12','2021-03-15 06:23:20'),(194,94,94,'document','officiis','She got up very carefully, remarking, \'I really must be removed,\' said the Mock Turtle with a yelp.','2021-03-14 20:00:09','2021-02-27 13:17:44'),(195,95,95,'document','aliquam','THAT. Then again--\"BEFORE SHE HAD THIS FIT--\" you never even spoke to Time!\' \'Perhaps not,\' Alice.','2021-03-08 15:34:02','2021-03-14 02:29:26'),(196,96,96,'file','distinctio','Alice to herself. At this the whole head appeared, and then the puppy began a series of short.','2021-02-24 17:16:43','2021-02-26 13:26:07'),(197,97,97,'file','et','I almost wish I had it written up somewhere.\' Down, down, down. There was a sound of many.','2021-03-21 19:12:06','2021-03-21 09:43:07'),(198,98,98,'document','ratione','LEAVE THE COURT.\' Everybody looked at it gloomily: then he dipped it into his cup of tea, and.','2021-02-25 22:29:25','2021-03-15 06:46:49'),(199,99,99,'document','ad','King, \'that only makes the world you fly, Like a tea-tray in the sea!\' cried the Mouse, in a.','2021-03-04 15:41:12','2021-03-02 12:14:23'),(200,100,100,'document','officia','Dormouse indignantly. However, he consented to go down the middle, nursing a baby; the cook was.','2021-03-02 10:42:33','2021-03-18 12:36:11');
/*!40000 ALTER TABLE `documents` ENABLE KEYS */;
UNLOCK TABLES;

--
-- Table structure for table `events`
--

DROP TABLE IF EXISTS `events`;
/*!40101 SET @saved_cs_client     = @@character_set_client */;
/*!50503 SET character_set_client = utf8mb4 */;
CREATE TABLE `events` (
  `id` bigint unsigned NOT NULL AUTO_INCREMENT COMMENT 'Идентификатор строки',
  `unit_id` bigint unsigned NOT NULL COMMENT 'Идентификатор юнита',
  `creator_id` bigint unsigned NOT NULL COMMENT 'автор сообщения',
  `name` varchar(255) CHARACTER SET utf8mb4 COLLATE utf8mb4_unicode_ci DEFAULT NULL COMMENT 'Название события',
  `details` text CHARACTER SET utf8mb4 COLLATE utf8mb4_unicode_ci,
  `repeat` tinyint(1) DEFAULT NULL COMMENT 'Нужно ли повторять событие',
  `repeat_interval` time DEFAULT NULL COMMENT 'Периодичность повторения',
  `repeat_until` datetime DEFAULT NULL COMMENT 'Дата окончанию для повторения',
  `starts_at` datetime NOT NULL COMMENT 'Дата начала события',
  `ends_at` datetime DEFAULT NULL COMMENT 'Дата окончания события',
  `created_at` datetime DEFAULT CURRENT_TIMESTAMP COMMENT 'Время создания строки',
  `updated_at` datetime DEFAULT CURRENT_TIMESTAMP ON UPDATE CURRENT_TIMESTAMP COMMENT 'Время обновления строки',
  PRIMARY KEY (`id`),
  KEY `events_unit_id_fk` (`unit_id`),
  KEY `events_creator_id_fk` (`creator_id`),
  KEY `name_idx` (`name`),
  CONSTRAINT `events_creator_id_fk` FOREIGN KEY (`creator_id`) REFERENCES `users` (`id`) ON DELETE CASCADE,
  CONSTRAINT `events_unit_id_fk` FOREIGN KEY (`unit_id`) REFERENCES `units` (`id`) ON DELETE CASCADE
) ENGINE=InnoDB AUTO_INCREMENT=201 DEFAULT CHARSET=utf8mb4 COLLATE=utf8mb4_0900_ai_ci COMMENT='События';
/*!40101 SET character_set_client = @saved_cs_client */;

--
-- Dumping data for table `events`
--

LOCK TABLES `events` WRITE;
/*!40000 ALTER TABLE `events` DISABLE KEYS */;
INSERT INTO `events` VALUES (1,1,1,'voluptas','Hatter, \'I cut some more bread-and-butter--\' \'But what did the archbishop find?\' The Mouse did not.',0,'17:25:36','2021-03-11 08:34:40','2021-03-03 18:05:46','2021-02-25 01:26:29','2021-03-13 21:32:27','2021-02-24 17:00:24'),(2,2,2,'officia','Alice, \'to pretend to be beheaded!\' \'What for?\' said Alice. \'I don\'t know what to uglify is, you.',0,'07:36:40','2021-03-13 06:10:05','2021-02-25 18:16:02','2021-03-18 16:20:34','2021-03-06 01:57:59','2021-03-22 06:37:27'),(3,3,3,'error','Alice in a hurry. \'No, I\'ll look first,\' she said, without opening its eyes, \'Of course, of.',1,'18:47:36','2021-03-12 01:57:03','2021-03-15 21:19:05','2021-03-19 13:21:32','2021-03-18 08:45:51','2021-03-16 03:54:36'),(4,4,4,'laboriosam','I WAS when I breathe\"!\' \'It IS the same thing as a partner!\' cried the Gryphon, and the other.',1,'09:50:21','2021-02-24 03:33:37','2021-03-15 04:13:55','2021-03-07 04:28:23','2021-03-17 15:57:34','2021-03-16 11:42:09'),(5,5,5,'rerum','I am, sir,\' said Alice; not that she was quite a long argument with the clock. For instance,.',1,'23:17:48','2021-03-01 18:05:23','2021-03-16 00:36:53','2021-03-20 16:45:02','2021-03-09 01:11:01','2021-03-17 04:46:40'),(6,6,6,'necessitatibus','Alice, \'and why it is all the party went back to the dance. \'\"What matters it how far we go?\" his.',1,'16:24:51','2021-03-15 12:26:14','2021-03-19 07:46:55','2021-03-31 13:52:45','2021-03-17 07:01:29','2021-03-03 23:29:28'),(7,7,7,'voluptatem','Alice thought to herself. Imagine her surprise, when the Rabbit noticed Alice, as she left her,.',1,'17:56:15','2021-03-19 00:48:06','2021-02-26 05:25:54','2021-03-30 10:29:12','2021-03-12 18:58:26','2021-03-21 02:29:55'),(8,8,8,'et','And yet I wish I could not make out exactly what they said. The executioner\'s argument was, that.',0,'17:48:09','2021-03-07 15:14:48','2021-02-27 16:33:54','2021-03-09 02:01:41','2021-03-10 17:48:56','2021-03-11 19:55:16'),(9,9,9,'et','Alice ventured to remark. \'Tut, tut, child!\' said the Queen, who had spoken first. \'That\'s none of.',0,'03:13:00','2021-03-07 15:34:14','2021-03-02 04:22:39','2021-02-27 23:00:35','2021-03-21 00:50:39','2021-03-15 19:44:26'),(10,10,10,'libero','Queen: so she set to work throwing everything within her reach at the March Hare, who had not gone.',1,'20:37:29','2021-03-15 12:43:38','2021-03-15 00:57:10','2021-03-13 23:08:01','2021-03-12 14:26:41','2021-02-26 16:37:55'),(11,11,11,'veritatis','March Hare said in an agony of terror. \'Oh, there goes his PRECIOUS nose\'; as an explanation. \'Oh,.',1,'11:57:15','2021-03-14 02:19:40','2021-03-11 23:11:24','2021-03-15 01:49:27','2021-03-13 02:06:10','2021-03-16 10:00:25'),(12,12,12,'eos','YOU like cats if you only kept on good terms with him, he\'d do almost anything you liked with the.',0,'12:31:47','2021-03-29 09:05:07','2021-03-19 01:05:12','2021-03-18 10:19:38','2021-03-20 15:56:30','2021-03-09 20:50:19'),(13,13,13,'ullam','Alice replied, so eagerly that the cause of this rope--Will the roof was thatched with fur. It was.',0,'06:07:15','2021-02-25 01:14:31','2021-03-17 23:27:52','2021-03-28 07:27:07','2021-03-22 10:06:42','2021-03-06 00:11:21'),(14,14,14,'possimus','Cheshire Cat: now I shall think nothing of the ground, Alice soon came upon a heap of sticks and.',0,'11:37:04','2021-03-28 10:54:05','2021-02-24 20:43:48','2021-03-11 12:28:27','2021-03-22 05:29:48','2021-02-24 08:27:00'),(15,15,15,'molestiae','For some minutes the whole place around her became alive with the lobsters, out to sea as you go.',0,'12:33:12','2021-03-27 05:33:18','2021-03-06 22:45:53','2021-03-07 17:01:14','2021-03-08 23:00:58','2021-03-04 21:51:04'),(16,16,16,'odit','Alice had been jumping about like mad things all this time. \'I want a clean cup,\' interrupted the.',0,'02:02:07','2021-03-03 01:38:35','2021-03-20 04:41:13','2021-03-04 19:13:44','2021-03-20 02:32:15','2021-03-12 08:02:50'),(17,17,17,'ut','King. Here one of the house of the sort!\' said Alice. \'You did,\' said the King. The next witness.',1,'16:28:51','2021-02-23 19:39:44','2021-02-25 07:07:11','2021-03-26 08:28:20','2021-03-15 17:25:38','2021-03-02 05:50:02'),(18,18,18,'voluptas','Owl, as a boon, Was kindly permitted to pocket the spoon: While the Owl had the dish as its share.',0,'16:55:56','2021-03-26 12:13:52','2021-03-19 05:30:25','2021-03-30 05:06:42','2021-02-26 11:34:41','2021-03-19 19:48:37'),(19,19,19,'incidunt','I give you fair warning,\' shouted the Queen, turning purple. \'I won\'t!\' said Alice. \'Why, SHE,\'.',0,'04:01:03','2021-03-13 23:28:37','2021-03-08 01:33:18','2021-03-02 16:28:07','2021-03-17 10:25:31','2021-03-16 00:51:38'),(20,20,20,'asperiores','How are you getting on now, my dear?\' it continued, turning to Alice. \'Only a thimble,\' said Alice.',1,'15:30:56','2021-03-20 01:34:05','2021-03-14 06:14:07','2021-03-09 14:51:24','2021-03-10 20:10:37','2021-03-06 07:04:39'),(21,21,21,'autem','I WAS when I grow at a king,\' said Alice. \'Why not?\' said the Queen, turning purple. \'I won\'t!\'.',0,'12:38:57','2021-03-20 12:01:02','2021-03-19 09:10:59','2021-03-28 16:30:24','2021-03-06 03:13:00','2021-03-16 02:22:08'),(22,22,22,'quia','Christmas.\' And she went round the thistle again; then the puppy jumped into the earth. Let me.',1,'05:16:06','2021-02-27 05:14:30','2021-03-16 18:44:12','2021-02-26 15:47:57','2021-03-17 14:50:28','2021-02-27 05:40:03'),(23,23,23,'voluptatem','Who ever saw one that size? Why, it fills the whole party swam to the puppy; whereupon the puppy.',1,'15:38:20','2021-03-16 11:36:32','2021-03-04 00:31:58','2021-02-23 16:01:10','2021-03-09 00:16:46','2021-03-04 22:13:34'),(24,24,24,'voluptatem','Alice ventured to ask. \'Suppose we change the subject of conversation. While she was quite silent.',0,'06:12:09','2021-03-11 06:05:14','2021-03-22 21:42:03','2021-03-19 04:54:22','2021-02-27 01:24:44','2021-03-02 12:01:08'),(25,25,25,'in','Queen in front of them, with her head! Off--\' \'Nonsense!\' said Alice, a little pattering of feet.',1,'06:41:03','2021-03-19 02:18:34','2021-03-19 00:36:39','2021-03-13 22:12:33','2021-03-13 16:40:19','2021-03-03 20:56:47'),(26,26,26,'accusamus','Gryphon. \'I mean, what makes them sour--and camomile that makes you forget to talk. I can\'t be.',1,'13:45:24','2021-03-09 23:18:25','2021-02-25 08:51:44','2021-02-26 15:31:08','2021-03-19 05:58:10','2021-02-26 22:19:51'),(27,27,27,'et','Duchess, \'as pigs have to ask them what the name \'W. RABBIT\' engraved upon it. She went in without.',1,'04:52:40','2021-03-16 02:05:42','2021-02-25 19:12:24','2021-02-23 14:18:59','2021-02-24 17:50:36','2021-02-26 10:58:38'),(28,28,28,'beatae','Do you think you could only see her. She is such a curious appearance in the middle of one! There.',1,'10:48:47','2021-03-23 01:56:05','2021-03-02 14:36:49','2021-02-24 16:59:01','2021-03-11 09:03:34','2021-02-27 01:23:27'),(29,29,29,'et','Dormouse. \'Fourteenth of March, I think it would be like, but it just at present--at least I mean.',0,'08:45:31','2021-03-25 17:45:47','2021-03-18 08:45:10','2021-02-25 07:00:49','2021-03-06 11:22:02','2021-03-03 12:03:47'),(30,30,30,'fugiat','Queen. \'Never!\' said the King; and the choking of the doors of the other guinea-pig cheered, and.',0,'02:41:48','2021-02-25 01:36:14','2021-02-25 02:12:14','2021-03-15 04:06:44','2021-03-21 01:11:12','2021-03-15 19:12:08'),(31,31,31,'tempore','ONE with such sudden violence that Alice had been broken to pieces. \'Please, then,\' said the sage,.',1,'15:08:09','2021-03-20 01:46:04','2021-03-11 19:13:49','2021-02-25 04:43:57','2021-02-24 17:31:45','2021-03-09 22:24:28'),(32,32,32,'autem','Alice and all must have been ill.\' \'So they were,\' said the Mock Turtle in a low voice, \'Your.',1,'11:22:45','2021-03-28 08:18:42','2021-03-03 06:41:55','2021-02-26 23:40:06','2021-02-24 00:15:39','2021-02-27 09:58:46'),(33,33,33,'quia','The first question of course you know why it\'s called a whiting?\' \'I never was so large in the.',0,'17:13:02','2021-03-26 01:18:08','2021-03-09 06:48:23','2021-02-27 05:24:38','2021-02-28 12:32:11','2021-03-01 05:15:21'),(34,34,34,'recusandae','She soon got it out into the Dormouse\'s place, and Alice was beginning to write with one eye; \'I.',0,'11:11:59','2021-03-18 05:31:06','2021-03-05 12:50:46','2021-03-09 00:20:51','2021-03-17 12:09:12','2021-03-21 16:53:07'),(35,35,35,'vero','Hatter, with an important air, \'are you all ready? This is the same thing,\' said the Dodo replied.',0,'03:26:11','2021-03-22 22:49:55','2021-03-04 17:38:34','2021-03-31 08:00:16','2021-03-20 03:42:48','2021-02-23 14:37:45'),(36,36,36,'quia','Lory, who at last in the middle, being held up by wild beasts and other unpleasant things, all.',0,'05:01:10','2021-03-06 19:50:07','2021-03-21 00:38:35','2021-03-15 23:23:43','2021-03-15 00:47:46','2021-02-26 22:16:36'),(37,37,37,'doloribus','William the Conqueror.\' (For, with all speed back to yesterday, because I was a paper label, with.',1,'04:59:23','2021-03-18 10:28:52','2021-02-28 14:23:25','2021-03-14 01:02:31','2021-02-25 20:46:02','2021-02-28 05:41:25'),(38,38,38,'est','The Fish-Footman began by taking the little door was shut again, and she dropped it hastily, just.',0,'02:13:35','2021-02-27 11:40:01','2021-03-23 03:44:00','2021-03-30 15:28:58','2021-03-03 17:25:31','2021-03-20 15:53:39'),(39,39,39,'et','Gryphon repeated impatiently: \'it begins \"I passed by his garden.\"\' Alice did not seem to put it.',0,'14:31:21','2021-03-18 22:00:27','2021-03-22 16:04:06','2021-03-14 19:40:44','2021-03-02 23:22:04','2021-02-28 10:18:31'),(40,40,40,'tenetur','Queen of Hearts, carrying the King\'s crown on a little sharp bark just over her head through the.',0,'00:42:06','2021-03-29 12:38:53','2021-02-26 18:27:53','2021-03-21 04:51:40','2021-03-13 09:43:07','2021-03-19 07:57:58'),(41,41,41,'fuga','I\'m not the right distance--but then I wonder if I only wish it was,\' he said. (Which he certainly.',0,'22:43:36','2021-03-10 07:43:19','2021-03-04 11:54:55','2021-03-27 19:51:45','2021-03-11 16:07:12','2021-03-14 21:25:15'),(42,42,42,'mollitia','Mock Turtle, and to wonder what they said. The executioner\'s argument was, that if something.',1,'06:46:10','2021-03-27 14:33:29','2021-02-26 17:30:45','2021-03-03 15:08:57','2021-03-20 02:31:58','2021-03-03 21:30:27'),(43,43,43,'quis','Mock Turtle said with some severity; \'it\'s very easy to know what \"it\" means well enough, when I.',0,'02:22:07','2021-02-23 22:57:01','2021-03-18 02:30:42','2021-03-21 21:34:06','2021-03-18 16:52:36','2021-03-02 13:27:38'),(44,44,44,'recusandae','Alice had never heard before, \'Sure then I\'m here! Digging for apples, yer honour!\' (He pronounced.',0,'05:24:51','2021-03-01 01:52:16','2021-03-04 09:50:02','2021-03-17 11:53:35','2021-03-16 12:28:09','2021-02-24 01:29:15'),(45,45,45,'aut','In the very middle of the well, and noticed that one of them were animals, and some of the hall:.',1,'15:20:53','2021-03-15 02:29:31','2021-03-06 22:23:52','2021-03-27 20:33:38','2021-03-11 02:19:19','2021-03-10 16:30:27'),(46,46,46,'explicabo','First, because I\'m on the stairs. Alice knew it was only too glad to find her way into that.',0,'05:23:17','2021-02-25 11:02:47','2021-03-10 03:56:57','2021-03-09 07:28:33','2021-03-11 15:59:18','2021-03-08 19:44:16'),(47,47,47,'dolores','Off with his head!\"\' \'How dreadfully savage!\' exclaimed Alice. \'That\'s the first sentence in her.',0,'17:39:19','2021-03-18 03:48:57','2021-03-02 03:19:11','2021-03-07 21:19:51','2021-03-06 02:33:47','2021-02-23 18:12:50'),(48,48,48,'facilis','Would not, could not, would not, could not, could not, would not, could not, would not, could not,.',0,'18:58:24','2021-03-23 16:18:16','2021-03-16 15:31:58','2021-03-07 06:08:17','2021-03-01 20:34:04','2021-03-02 11:14:40'),(49,49,49,'error','I say again!\' repeated the Pigeon, but in a great many teeth, so she turned the corner, but the.',0,'15:59:49','2021-03-28 13:05:55','2021-03-17 12:19:58','2021-03-19 23:05:27','2021-03-09 19:17:57','2021-03-09 02:08:20'),(50,50,50,'sit','I am, sir,\' said Alice; \'all I know all sorts of little animals and birds waiting outside. The.',0,'15:23:50','2021-03-09 03:35:40','2021-03-06 23:46:58','2021-02-24 15:57:54','2021-02-27 11:39:33','2021-03-22 17:05:06'),(51,51,51,'exercitationem','Seven said nothing, but looked at Two. Two began in a hurry. \'No, I\'ll look first,\' she said, \'for.',1,'06:00:27','2021-03-03 18:06:48','2021-03-08 21:12:20','2021-02-27 09:35:33','2021-03-05 00:42:34','2021-03-01 07:32:52'),(52,52,52,'commodi','Alice as she could not stand, and she felt very curious thing, and she grew no larger: still it.',0,'11:37:26','2021-03-27 10:04:54','2021-03-12 03:01:04','2021-03-06 10:14:39','2021-03-22 05:19:16','2021-03-20 05:12:28'),(53,53,53,'vitae','MYSELF, I\'m afraid, sir\' said Alice, a good opportunity for making her escape; so she went on,.',0,'03:11:58','2021-03-08 10:16:33','2021-03-15 03:54:12','2021-03-11 02:38:19','2021-02-24 20:29:35','2021-03-17 21:13:28'),(54,54,54,'voluptatem','Alice went timidly up to the other two were using it as you are; secondly, because they\'re making.',1,'16:13:50','2021-03-09 13:50:19','2021-03-11 18:31:04','2021-03-18 12:21:57','2021-03-22 05:56:17','2021-03-05 21:55:39'),(55,55,55,'atque','The Queen smiled and passed on. \'Who ARE you doing out here? Run home this moment, I tell you!\'.',1,'07:04:46','2021-03-15 20:27:42','2021-03-05 02:09:52','2021-03-25 15:44:33','2021-03-21 15:27:18','2021-03-08 19:08:57'),(56,56,56,'ratione','Soup, so rich and green, Waiting in a tone of the wood for fear of killing somebody, so managed to.',0,'10:59:34','2021-03-06 21:56:29','2021-03-18 10:49:35','2021-03-19 08:30:41','2021-03-21 13:22:49','2021-03-10 22:53:28'),(57,57,57,'sit','Lobster Quadrille?\' the Gryphon only answered \'Come on!\' and ran the faster, while more and more.',0,'01:10:11','2021-03-31 16:56:20','2021-02-23 13:12:22','2021-03-01 04:27:07','2021-03-22 16:30:29','2021-03-14 17:05:39'),(58,58,58,'labore','Alice, in a very curious to know what a Gryphon is, look at me like that!\' said Alice sharply, for.',0,'00:05:43','2021-02-24 03:14:52','2021-03-10 07:43:20','2021-02-26 07:36:57','2021-03-04 14:58:34','2021-02-26 08:41:53'),(59,59,59,'voluptatibus','I gave her one, they gave him two, You gave us three or more; They all returned from him to you,.',1,'17:59:22','2021-03-03 14:21:16','2021-03-18 17:01:23','2021-03-21 12:38:21','2021-03-10 05:18:27','2021-03-03 10:06:10'),(60,60,60,'nihil','And the moral of that is--\"Birds of a treacle-well--eh, stupid?\' \'But they were playing the Queen.',0,'17:12:30','2021-03-24 08:21:34','2021-03-20 07:11:19','2021-03-01 07:55:41','2021-03-18 17:49:26','2021-03-23 04:17:17'),(61,61,61,'aut','As there seemed to have no notion how long ago anything had happened.) So she began: \'O Mouse, do.',0,'08:17:20','2021-03-18 10:06:35','2021-02-25 12:31:36','2021-03-05 12:55:13','2021-03-15 01:10:44','2021-03-11 14:23:00'),(62,62,62,'fugit','I\'ll set Dinah at you!\' There was a very fine day!\' said a timid voice at her with large eyes full.',0,'12:52:15','2021-03-19 15:22:18','2021-03-02 07:54:08','2021-03-25 05:28:44','2021-03-08 08:22:52','2021-03-13 23:21:23'),(63,63,63,'pariatur','Alice\'s, and they walked off together, Alice heard it before,\' said the White Rabbit with pink.',0,'11:42:53','2021-03-09 09:39:56','2021-03-10 12:32:38','2021-02-23 12:02:01','2021-03-16 06:47:29','2021-02-24 03:06:13'),(64,64,64,'odit','Dormouse fell asleep instantly, and neither of the jurors had a consultation about this, and after.',1,'17:49:26','2021-03-20 16:00:39','2021-02-24 22:20:52','2021-03-04 20:20:46','2021-02-24 03:41:25','2021-02-27 14:54:59'),(65,65,65,'nemo','Queen said to herself \'That\'s quite enough--I hope I shan\'t go, at any rate: go and live in that.',0,'03:42:17','2021-03-19 06:02:39','2021-03-14 18:13:10','2021-03-04 20:26:23','2021-03-14 09:17:25','2021-03-20 08:17:34'),(66,66,66,'consectetur','Sir, With no jury or judge, would be wasting our breath.\" \"I\'ll be judge, I\'ll be jury,\" Said.',1,'12:22:01','2021-03-12 19:56:18','2021-03-07 08:59:03','2021-02-24 08:37:52','2021-03-04 07:48:57','2021-03-03 19:14:36'),(67,67,67,'veritatis','Miss, we\'re doing our best, afore she comes, to--\' At this the whole cause, and condemn you to.',1,'14:55:18','2021-03-13 22:39:33','2021-03-17 00:31:19','2021-03-11 02:49:44','2021-03-18 22:54:26','2021-03-04 15:35:41'),(68,68,68,'dicta','Still she went in without knocking, and hurried off to other parts of the game, feeling very glad.',1,'03:54:45','2021-03-02 18:29:26','2021-03-04 14:59:13','2021-03-30 17:32:18','2021-03-19 05:58:18','2021-03-20 14:13:13'),(69,69,69,'voluptas','YET,\' she said to one of the game, the Queen added to one of the busy farm-yard--while the lowing.',1,'06:20:53','2021-03-23 18:40:01','2021-03-22 22:04:45','2021-03-18 15:58:49','2021-03-07 22:55:22','2021-03-11 08:50:40'),(70,70,70,'error','Five! Don\'t go splashing paint over me like that!\' But she went on, \'--likely to win, that it\'s.',1,'14:26:37','2021-03-17 07:47:40','2021-03-02 03:59:35','2021-03-29 11:23:25','2021-03-03 02:26:12','2021-03-14 21:48:18'),(71,71,71,'vel','Cat again, sitting on a bough of a muchness\"--did you ever saw. How she longed to change the.',0,'15:50:29','2021-03-11 14:31:18','2021-03-05 02:57:05','2021-03-27 16:31:09','2021-03-16 20:35:46','2021-02-23 18:33:38'),(72,72,72,'dignissimos','I don\'t take this child away with me,\' thought Alice, \'shall I NEVER get any older than you, and.',0,'23:36:12','2021-03-24 10:47:11','2021-02-23 13:38:24','2021-03-09 17:18:59','2021-02-23 15:01:21','2021-03-16 01:47:16'),(73,73,73,'ut','It was, no doubt: only Alice did not like the look of the wood--(she considered him to you, Though.',0,'02:22:28','2021-02-26 11:20:25','2021-03-07 03:07:34','2021-03-05 04:23:18','2021-02-28 11:42:33','2021-03-07 05:51:03'),(74,74,74,'dolorum','However, it was YOUR table,\' said Alice; \'it\'s laid for a moment that it might belong to one of.',1,'15:52:17','2021-03-18 13:54:52','2021-02-25 16:42:04','2021-03-15 21:44:06','2021-03-06 01:58:09','2021-03-06 15:17:40'),(75,75,75,'est','Mock Turtle. \'No, no! The adventures first,\' said the Gryphon, and the constant heavy sobbing of.',1,'09:15:25','2021-03-25 20:30:04','2021-03-12 22:31:21','2021-03-31 07:51:24','2021-02-27 04:22:39','2021-03-16 14:32:25'),(76,76,76,'dignissimos','Alice to herself. At this moment Alice felt that there was a sound of a muchness?\' \'Really, now.',1,'16:04:38','2021-03-15 03:11:11','2021-02-24 01:29:18','2021-03-28 20:40:36','2021-02-27 21:03:58','2021-02-23 07:50:31'),(77,77,77,'commodi','YOU like cats if you could draw treacle out of it, and talking over its head. \'Very uncomfortable.',1,'15:44:39','2021-03-15 05:10:01','2021-03-22 08:34:38','2021-03-06 07:23:51','2021-03-07 22:15:08','2021-03-12 11:37:45'),(78,78,78,'at','White Rabbit, trotting slowly back again, and we put a stop to this,\' she said to Alice, very much.',1,'16:45:29','2021-03-26 03:30:51','2021-03-21 09:43:14','2021-03-17 04:32:51','2021-02-28 04:19:59','2021-03-22 00:07:52'),(79,79,79,'vel','Queen: so she began fancying the sort of present!\' thought Alice. \'I\'ve so often read in the air..',1,'06:19:51','2021-02-23 15:49:38','2021-03-08 03:07:24','2021-03-27 21:26:46','2021-03-18 19:02:13','2021-02-23 23:28:39'),(80,80,80,'officia','Alice. It looked good-natured, she thought: still it was good practice to say when I sleep\" is the.',1,'09:32:32','2021-03-21 15:23:33','2021-03-12 20:44:47','2021-03-20 10:04:56','2021-02-26 23:52:14','2021-03-18 16:31:23'),(81,81,81,'corporis','Then it got down off the fire, licking her paws and washing her face--and she is of mine, the less.',1,'03:51:10','2021-03-21 03:55:19','2021-03-11 00:09:24','2021-03-14 21:16:26','2021-03-09 16:40:58','2021-03-04 00:55:37'),(82,82,82,'id','She is such a tiny golden key, and unlocking the door of which was a table set out under a tree a.',0,'22:21:58','2021-03-30 05:48:45','2021-02-27 10:02:35','2021-03-31 15:23:44','2021-03-16 18:35:17','2021-03-21 11:06:45'),(83,83,83,'dolorem','Dormouse. \'Write that down,\' the King said to the other queer noises, would change to tinkling.',0,'14:48:54','2021-03-10 16:51:08','2021-03-14 16:56:46','2021-03-03 10:50:41','2021-03-02 01:13:49','2021-03-05 22:57:14'),(84,84,84,'quo','A WATCH OUT OF ITS WAISTCOAT-POCKET, and looked anxiously over his shoulder with some surprise.',0,'17:29:42','2021-03-27 04:00:20','2021-03-07 14:46:00','2021-02-27 23:56:12','2021-03-15 00:27:59','2021-03-17 20:54:30'),(85,85,85,'et','The Dormouse shook its head impatiently, and walked a little pattering of feet on the back..',1,'20:53:26','2021-03-13 02:41:57','2021-02-26 12:07:45','2021-03-12 08:05:46','2021-02-24 04:04:17','2021-03-10 08:43:37'),(86,86,86,'et','Alice, who felt ready to make out what it might appear to others that what you were down here till.',1,'06:25:17','2021-03-02 09:17:57','2021-03-16 10:43:28','2021-03-13 05:14:24','2021-03-22 16:57:20','2021-03-15 07:44:32'),(87,87,87,'quas','Because he knows it teases.\' CHORUS. (In which the words have got altered.\' \'It is wrong from.',0,'07:33:16','2021-03-08 06:11:13','2021-03-12 09:01:25','2021-03-08 13:39:07','2021-03-06 19:23:20','2021-03-15 15:22:41'),(88,88,88,'quaerat','There was a general clapping of hands at this: it was only a pack of cards: the Knave of Hearts,.',1,'00:32:11','2021-03-13 13:58:33','2021-02-25 17:36:46','2021-03-23 07:03:17','2021-03-02 02:28:27','2021-03-14 01:46:34'),(89,89,89,'natus','Duchess said after a minute or two, looking for it, he was speaking, and this was of very little.',0,'19:18:54','2021-03-22 14:10:29','2021-03-17 03:33:49','2021-03-05 17:54:20','2021-03-15 07:03:52','2021-03-22 13:43:39'),(90,90,90,'ad','And she\'s such a pleasant temper, and thought to herself, as well say that \"I see what I was a.',1,'16:58:31','2021-02-25 23:54:08','2021-03-14 13:26:28','2021-02-27 16:30:41','2021-03-10 06:57:06','2021-03-04 14:49:38'),(91,91,91,'est','I can\'t tell you my adventures--beginning from this morning,\' said Alice indignantly, and she drew.',1,'17:45:05','2021-02-28 23:38:34','2021-02-27 08:40:52','2021-03-30 17:50:42','2021-03-14 02:00:13','2021-03-15 10:48:09'),(92,92,92,'fugiat','Alice thought decidedly uncivil. \'But perhaps he can\'t help it,\' said the Dormouse said--\' the.',0,'10:12:38','2021-02-25 15:52:21','2021-03-18 12:19:08','2021-03-16 23:06:53','2021-03-04 06:30:28','2021-03-20 10:49:54'),(93,93,93,'ipsum','Alice. \'Then it wasn\'t very civil of you to learn?\' \'Well, there was mouth enough for it flashed.',0,'09:44:38','2021-03-17 19:05:26','2021-03-06 07:24:09','2021-03-05 00:32:59','2021-02-24 09:40:34','2021-03-19 13:07:33'),(94,94,94,'distinctio','I am to see what was the White Rabbit, \'but it doesn\'t matter a bit,\' said the King; \'and don\'t be.',1,'06:58:28','2021-03-06 06:22:15','2021-03-18 07:50:34','2021-03-17 19:21:51','2021-03-12 00:45:09','2021-03-19 21:48:47'),(95,95,95,'quo','I want to go nearer till she had this fit) An obstacle that came between Him, and ourselves, and.',1,'14:42:46','2021-03-21 01:01:08','2021-03-20 12:33:19','2021-03-23 00:23:30','2021-03-22 17:34:52','2021-02-24 16:40:24'),(96,96,96,'neque','As a duck with its head, it WOULD twist itself round and look up and down in a low voice, to the.',1,'11:09:25','2021-03-15 08:31:46','2021-03-10 00:51:13','2021-03-13 11:38:55','2021-03-22 13:58:24','2021-03-06 02:23:26'),(97,97,97,'quia','Cat; and this was the cat.) \'I hope they\'ll remember her saucer of milk at tea-time. Dinah my.',1,'09:47:55','2021-03-27 01:26:56','2021-03-13 05:11:03','2021-03-18 17:54:09','2021-03-12 17:59:52','2021-03-16 07:17:08'),(98,98,98,'at','Mock Turtle. \'No, no! The adventures first,\' said the Gryphon: \'I went to him,\' the Mock Turtle:.',0,'03:54:08','2021-03-10 02:36:30','2021-03-06 02:07:19','2021-03-23 17:57:47','2021-03-01 22:53:48','2021-03-02 23:50:28'),(99,99,99,'commodi','I mean what I see\"!\' \'You might just as if it had a little timidly: \'but it\'s no use denying it. I.',0,'09:27:38','2021-02-26 14:53:47','2021-03-17 20:51:06','2021-03-03 19:20:11','2021-03-15 23:06:14','2021-03-10 12:46:36'),(100,100,100,'sunt','Dormouse out of the court. All this time the Queen jumped up and to her ear. \'You\'re thinking.',0,'05:22:33','2021-03-10 07:09:36','2021-03-16 10:14:27','2021-03-18 16:32:34','2021-03-01 18:56:01','2021-03-10 23:02:17'),(101,1,1,'modi','Dinah at you!\' There was certainly not becoming. \'And that\'s the jury-box,\' thought Alice, \'as all.',0,'01:32:02','2021-03-12 03:04:46','2021-03-17 09:48:30','2021-03-21 13:44:05','2021-03-01 09:56:10','2021-02-27 07:49:20'),(102,2,2,'quas','Will you, won\'t you, will you join the dance? Will you, won\'t you, will you, old fellow?\' The Mock.',1,'01:01:10','2021-02-28 11:44:02','2021-03-15 12:04:38','2021-03-26 00:15:53','2021-03-18 15:05:50','2021-03-20 02:09:01'),(103,3,3,'vitae','Hatter: \'it\'s very interesting. I never was so long since she had never had fits, my dear, I.',0,'00:23:58','2021-03-06 08:12:57','2021-02-26 05:39:31','2021-02-28 21:15:35','2021-03-20 16:47:27','2021-03-01 14:50:48'),(104,4,4,'fugit','The judge, by the hand, it hurried off, without waiting for the garden!\' and she soon found.',0,'00:37:43','2021-03-29 20:08:52','2021-03-13 05:38:31','2021-03-06 08:50:26','2021-03-07 14:48:38','2021-03-01 12:10:34'),(105,5,5,'sapiente','Alice! Come here directly, and get ready to agree to everything that was said, and went on.',0,'21:38:57','2021-03-31 01:52:08','2021-02-27 02:14:19','2021-03-02 16:36:24','2021-03-19 05:13:06','2021-03-07 14:47:30'),(106,6,6,'non','Alice thoughtfully: \'but then--I shouldn\'t be hungry for it, while the Mouse in the last concert!\'.',0,'21:02:09','2021-03-08 11:47:38','2021-03-15 14:46:04','2021-03-28 00:45:59','2021-03-22 04:01:52','2021-03-14 07:22:39'),(107,7,7,'odio','Then it got down off the subjects on his slate with one of them didn\'t know it was perfectly.',1,'12:48:43','2021-03-18 04:37:44','2021-03-18 09:40:10','2021-03-29 08:47:37','2021-02-27 03:19:42','2021-03-18 15:00:58'),(108,8,8,'sunt','Tortoise--\' \'Why did they live at the Hatter, \'I cut some more of the legs of the trial.\' \'Stupid.',1,'09:35:59','2021-03-23 09:59:50','2021-03-20 01:07:52','2021-03-24 16:46:49','2021-03-19 14:33:42','2021-03-02 21:08:09'),(109,9,9,'sapiente','Alice\'s elbow was pressed so closely against her foot, that there was no time to hear it say, as.',1,'09:46:44','2021-03-26 18:47:52','2021-03-15 18:23:00','2021-03-02 16:19:19','2021-03-15 02:15:50','2021-02-28 13:30:44'),(110,10,10,'dolor','Rabbit, and had come to the jury, in a sorrowful tone; \'at least there\'s no use speaking to a.',0,'23:32:23','2021-02-26 03:36:40','2021-03-20 13:43:02','2021-03-17 20:19:16','2021-03-14 18:50:55','2021-02-24 17:06:33'),(111,11,11,'aperiam','Said cunning old Fury: \"I\'ll try the effect: the next question is, Who in the sea, some children.',0,'03:24:53','2021-03-12 08:29:07','2021-03-22 00:35:13','2021-02-24 23:24:16','2021-02-27 03:06:24','2021-02-23 15:53:27'),(112,12,12,'voluptatum','Cheshire cat,\' said the Mouse, who seemed to have been ill.\' \'So they were,\' said the Hatter..',0,'18:16:53','2021-03-03 04:19:10','2021-02-27 07:13:29','2021-03-28 02:35:10','2021-03-12 23:10:38','2021-03-11 02:36:23'),(113,13,13,'aut','Alice in a wondering tone. \'Why, what a dear quiet thing,\' Alice went on growing, and, as the.',0,'05:41:35','2021-03-31 16:04:41','2021-03-19 05:49:40','2021-03-17 01:19:06','2021-03-12 05:44:11','2021-03-11 07:34:06'),(114,14,14,'est','I\'ll manage better this time,\' she said, as politely as she listened, or seemed to be almost out.',0,'21:49:17','2021-03-22 19:49:14','2021-03-07 07:27:41','2021-03-22 23:37:43','2021-03-15 12:05:46','2021-02-28 06:31:56'),(115,15,15,'minima','I suppose it doesn\'t matter a bit,\' said the Caterpillar angrily, rearing itself upright as it.',1,'13:42:25','2021-03-26 07:52:52','2021-03-21 04:50:51','2021-03-24 07:19:25','2021-03-06 20:33:27','2021-02-25 12:34:03'),(116,16,16,'libero','I like being that person, I\'ll come up: if not, I\'ll stay down here! It\'ll be no use denying it. I.',1,'08:27:54','2021-03-21 12:26:53','2021-03-21 12:53:43','2021-03-10 16:53:50','2021-03-04 08:49:27','2021-03-14 16:29:41'),(117,17,17,'dolorem','King. On this the whole party at once and put back into the air. This time there could be NO.',0,'20:00:21','2021-03-27 00:15:59','2021-03-16 10:36:57','2021-03-07 14:23:18','2021-03-13 05:48:14','2021-03-20 04:06:47'),(118,18,18,'esse','Pat, what\'s that in the house, and wondering what to beautify is, I can\'t quite follow it as she.',1,'03:40:19','2021-03-04 19:02:17','2021-03-07 12:38:21','2021-03-02 00:09:42','2021-03-16 18:00:21','2021-02-28 11:33:49'),(119,19,19,'nesciunt','And she\'s such a fall as this, I shall ever see you any more!\' And here poor Alice began to feel.',1,'07:51:50','2021-03-21 05:52:26','2021-03-11 11:57:56','2021-02-23 14:57:15','2021-03-19 14:48:14','2021-02-26 01:59:37'),(120,20,20,'sint','King, \'and don\'t be particular--Here, Bill! catch hold of its right paw round, \'lives a Hatter:.',1,'16:54:34','2021-03-23 19:00:09','2021-03-16 21:06:50','2021-02-23 20:18:07','2021-02-24 16:11:06','2021-03-15 14:55:13'),(121,21,21,'sunt','Mock Turtle had just begun to think that will be When they take us up and down in an agony of.',1,'12:01:25','2021-03-05 05:20:51','2021-03-20 05:43:10','2021-03-17 23:04:55','2021-03-09 15:00:08','2021-03-05 11:06:48'),(122,22,22,'qui','Hardly knowing what she was dozing off, and she jumped up on tiptoe, and peeped over the jury-box.',0,'07:03:42','2021-03-16 22:52:04','2021-02-24 01:21:17','2021-03-19 04:50:39','2021-03-14 06:33:05','2021-02-28 10:52:57'),(123,23,23,'autem','ONE.\' \'One, indeed!\' said the Hatter, \'or you\'ll be telling me next that you never had to run back.',0,'08:28:40','2021-03-19 00:38:35','2021-03-08 23:03:11','2021-02-26 02:34:15','2021-03-18 04:41:10','2021-03-02 12:57:35'),(124,24,24,'et','Which way?\', holding her hand in hand, in couples: they were filled with cupboards and.',1,'18:52:26','2021-03-13 13:24:30','2021-03-03 22:33:19','2021-03-07 15:05:42','2021-02-23 09:06:32','2021-03-06 06:47:09'),(125,25,25,'beatae','The Rabbit Sends in a tone of great relief. \'Now at OURS they had at the other, looking uneasily.',0,'06:10:44','2021-03-03 04:29:05','2021-03-12 09:56:49','2021-03-13 00:42:37','2021-03-09 07:15:17','2021-03-09 15:30:50'),(126,26,26,'quidem','Alice. \'I mean what I was thinking I should frighten them out of the mushroom, and raised herself.',0,'22:36:43','2021-02-25 05:39:38','2021-03-08 14:31:12','2021-02-28 20:48:14','2021-03-05 23:52:40','2021-03-11 16:48:14'),(127,27,27,'qui','Alice quite hungry to look at it!\' This speech caused a remarkable sensation among the leaves,.',1,'15:13:54','2021-03-22 04:36:51','2021-03-19 05:36:52','2021-03-14 02:35:49','2021-02-23 07:25:48','2021-03-06 10:36:13'),(128,28,28,'sit','March Hare. \'Yes, please do!\' pleaded Alice. \'And ever since that,\' the Hatter began, in rather a.',1,'14:22:11','2021-03-18 00:21:53','2021-02-27 06:37:19','2021-03-24 20:13:18','2021-02-28 00:04:41','2021-03-09 05:34:20'),(129,29,29,'eos','CAN all that stuff,\' the Mock Turtle, \'they--you\'ve seen them, of course?\' \'Yes,\' said Alice,.',0,'21:39:08','2021-03-22 20:45:13','2021-02-24 22:22:26','2021-03-30 05:11:29','2021-03-05 04:30:11','2021-03-06 02:51:32'),(130,30,30,'aut','There were doors all round the neck of the bread-and-butter. Just at this corner--No, tie \'em.',0,'20:30:13','2021-03-18 23:46:57','2021-02-28 07:03:16','2021-03-16 14:17:51','2021-03-15 04:24:37','2021-03-02 23:53:16'),(131,31,31,'omnis','Alice, \'they\'re sure to do it! Oh dear! I shall never get to the Dormouse, without considering at.',1,'08:44:35','2021-03-27 03:26:57','2021-03-01 13:11:04','2021-03-05 10:15:43','2021-03-23 01:45:35','2021-03-16 14:47:13'),(132,32,32,'at','O Mouse!\' (Alice thought this must ever be A secret, kept from all the players, except the King,.',1,'14:44:13','2021-03-09 18:29:19','2021-03-08 11:43:29','2021-03-05 11:16:53','2021-02-23 20:13:46','2021-03-18 09:58:37'),(133,33,33,'quia','I used--and I don\'t like it, yer honour, at all, at all!\' \'Do as I was sent for.\' \'You ought to go.',1,'14:59:09','2021-02-26 16:02:50','2021-03-15 16:01:26','2021-03-31 00:33:02','2021-02-27 20:02:33','2021-02-25 20:59:55'),(134,34,34,'fugiat','I don\'t know what \"it\" means.\' \'I know SOMETHING interesting is sure to happen,\' she said to.',0,'18:04:26','2021-03-11 16:32:36','2021-03-16 02:04:42','2021-03-14 05:51:57','2021-03-20 18:43:20','2021-03-22 04:23:41'),(135,35,35,'qui','I can guess that,\' she added in an offended tone. And she went on, turning to Alice, very.',1,'19:47:14','2021-03-05 14:15:46','2021-03-15 20:25:40','2021-03-23 03:39:37','2021-03-02 14:39:09','2021-02-27 18:08:47'),(136,36,36,'veniam','Alice noticed with some severity; \'it\'s very rude.\' The Hatter shook his head sadly. \'Do I look.',0,'04:37:36','2021-03-30 00:02:19','2021-02-28 17:56:33','2021-03-15 20:36:46','2021-03-17 15:12:49','2021-02-26 12:57:06'),(137,37,37,'quod','King was the White Rabbit, trotting slowly back again, and Alice was silent. The Dormouse shook.',0,'03:26:42','2021-03-07 06:50:12','2021-03-14 01:09:31','2021-03-26 11:53:43','2021-03-04 22:53:28','2021-02-25 08:00:40'),(138,38,38,'alias','So she sat down again into its eyes by this time, sat down and saying \"Come up again, dear!\" I.',0,'16:46:47','2021-02-23 22:22:21','2021-03-05 20:50:47','2021-03-11 11:36:34','2021-03-19 05:32:36','2021-03-20 18:32:11'),(139,39,39,'suscipit','Now you know.\' He was an old conger-eel, that used to it as well she might, what a dear little.',1,'15:29:33','2021-02-25 13:22:31','2021-03-03 03:01:28','2021-02-24 20:07:52','2021-03-06 12:16:33','2021-02-28 23:14:03'),(140,40,40,'sunt','SOMEWHERE,\' Alice added as an unusually large saucepan flew close by her. There was nothing so.',1,'05:10:46','2021-03-17 14:11:11','2021-03-09 21:45:24','2021-03-17 03:22:55','2021-02-27 22:52:35','2021-03-07 03:46:17'),(141,41,41,'dolor','Rabbit say to itself \'Then I\'ll go round a deal faster than it does.\' \'Which would NOT be an.',0,'12:40:03','2021-03-29 12:22:34','2021-03-21 20:16:45','2021-03-01 11:34:45','2021-03-09 07:03:00','2021-03-14 15:41:52'),(142,42,42,'nihil','Mouse was speaking, so that it ought to be managed? I suppose Dinah\'ll be sending me on messages.',0,'11:46:48','2021-03-22 13:31:14','2021-03-20 14:47:46','2021-03-29 19:16:08','2021-03-15 10:55:10','2021-03-10 22:10:14'),(143,43,43,'aliquid','Mock Turtle. \'No, no! The adventures first,\' said the Hatter. This piece of rudeness was more.',0,'03:59:04','2021-03-11 01:28:06','2021-03-06 12:05:26','2021-02-28 22:49:59','2021-03-08 14:22:49','2021-03-14 20:26:55'),(144,44,44,'velit','There was not going to turn round on its axis--\' \'Talking of axes,\' said the Gryphon, the.',1,'17:34:27','2021-03-20 20:50:52','2021-03-12 09:52:26','2021-03-29 18:35:10','2021-03-07 09:44:44','2021-02-24 05:09:21'),(145,45,45,'dolor','I do so like that curious song about the right distance--but then I wonder what CAN have happened.',0,'07:44:31','2021-03-31 14:26:02','2021-03-13 23:38:47','2021-03-12 04:41:06','2021-02-24 22:21:44','2021-03-01 06:55:55'),(146,46,46,'consequatur','Alice; \'all I know all the jurymen on to the Queen. \'Never!\' said the Caterpillar. This was such a.',0,'08:26:59','2021-03-07 07:51:18','2021-03-08 14:01:35','2021-03-06 01:21:46','2021-03-07 19:03:16','2021-03-19 04:25:46'),(147,47,47,'et','Our family always HATED cats: nasty, low, vulgar things! Don\'t let him know she liked them best,.',0,'16:50:30','2021-03-23 15:06:19','2021-03-06 12:00:32','2021-03-07 13:31:26','2021-03-15 10:16:56','2021-02-27 10:13:32'),(148,48,48,'corporis','I\'ve fallen by this time, and was gone in a few yards off. The Cat seemed to listen, the whole.',1,'09:27:33','2021-03-20 18:30:03','2021-03-01 14:03:04','2021-03-08 04:45:28','2021-03-09 05:35:41','2021-03-15 02:34:26'),(149,49,49,'nesciunt','He says it kills all the arches are gone from this morning,\' said Alice doubtfully: \'it.',0,'17:43:11','2021-03-03 23:53:28','2021-03-20 22:27:54','2021-03-08 06:54:40','2021-03-19 13:14:41','2021-03-05 19:33:47'),(150,50,50,'suscipit','There were doors all round the court with a T!\' said the Hatter hurriedly left the court, \'Bring.',1,'22:05:50','2021-03-07 04:22:09','2021-03-06 21:29:20','2021-03-27 20:58:54','2021-03-14 14:29:10','2021-03-08 01:24:30'),(151,51,51,'repellat','HE was.\' \'I never heard of one,\' said Alice, and she sat still just as I was going to give the.',1,'03:56:46','2021-03-29 15:00:37','2021-02-24 08:17:46','2021-03-17 03:03:12','2021-03-05 20:37:01','2021-03-13 11:52:19'),(152,52,52,'qui','Who ever saw one that size? Why, it fills the whole pack rose up into the sky. Twinkle,.',1,'11:24:00','2021-02-28 04:02:02','2021-03-06 00:49:15','2021-03-15 16:38:09','2021-03-15 21:05:23','2021-03-22 23:11:47'),(153,53,53,'voluptatem','Alice indignantly. \'Ah! then yours wasn\'t a really good school,\' said the Gryphon, \'that they.',1,'04:35:03','2021-03-21 12:05:36','2021-03-17 19:37:54','2021-03-04 05:13:24','2021-02-25 22:34:25','2021-03-16 15:36:42'),(154,54,54,'est','Alice whispered, \'that it\'s done by everybody minding their own business,\' the Duchess sang the.',0,'16:15:26','2021-03-31 08:41:10','2021-03-22 20:10:06','2021-03-12 23:35:50','2021-03-02 16:50:12','2021-03-05 02:44:37'),(155,55,55,'laboriosam','And the moral of that is--\"Birds of a book,\' thought Alice to find that she hardly knew what she.',1,'01:52:04','2021-03-08 20:08:16','2021-03-06 22:50:56','2021-03-10 05:50:05','2021-03-08 11:54:46','2021-02-26 13:52:23'),(156,56,56,'inventore','Pigeon; \'but if they do, why then they\'re a kind of serpent, that\'s all the unjust things--\' when.',1,'19:42:26','2021-03-11 12:11:16','2021-03-01 21:29:30','2021-03-01 19:15:24','2021-03-22 17:58:06','2021-03-12 07:55:38'),(157,57,57,'a','It\'s high time you were all ornamented with hearts. Next came the royal children, and everybody.',0,'17:57:03','2021-03-07 08:31:05','2021-02-25 09:25:15','2021-03-20 13:00:52','2021-03-23 05:55:02','2021-03-23 05:12:05'),(158,58,58,'labore','So they went up to them she heard a little pattering of feet in the after-time, be herself a grown.',0,'14:34:10','2021-03-28 02:20:31','2021-03-06 18:25:18','2021-03-12 06:33:00','2021-03-09 01:48:41','2021-02-25 18:21:48'),(159,59,59,'consequatur','Alice was beginning very angrily, but the Dodo suddenly called out \'The race is over!\' and they.',0,'11:31:08','2021-03-01 21:10:07','2021-03-21 23:10:30','2021-03-10 07:22:14','2021-03-18 10:41:54','2021-03-01 04:33:37'),(160,60,60,'consectetur','Gryphon, and the three gardeners instantly threw themselves flat upon their faces. There was a.',1,'03:28:51','2021-03-15 15:27:30','2021-03-18 12:09:36','2021-03-20 13:12:37','2021-03-18 10:52:14','2021-03-13 06:00:44'),(161,61,61,'quibusdam','I\'m quite tired of being all alone here!\' As she said to herself, as she could, for her neck from.',0,'19:41:19','2021-03-07 21:30:30','2021-03-10 04:54:19','2021-02-25 17:04:55','2021-02-25 13:32:25','2021-03-12 23:38:38'),(162,62,62,'exercitationem','Alice. \'Then you shouldn\'t talk,\' said the March Hare. Alice was soon left alone. \'I wish I had it.',0,'09:18:57','2021-03-10 05:01:25','2021-03-04 20:43:59','2021-02-25 00:48:03','2021-03-19 10:58:19','2021-02-25 00:36:00'),(163,63,63,'amet','Alice! Come here directly, and get in at the White Rabbit, \'and that\'s a fact.\' Alice did not dare.',1,'04:44:10','2021-03-30 03:54:16','2021-03-05 14:03:20','2021-03-09 02:34:06','2021-03-22 07:19:15','2021-03-20 23:59:12'),(164,64,64,'ut','One,\' said Alice. \'Why, you don\'t know the song, she kept fanning herself all the party sat silent.',0,'23:34:58','2021-03-26 11:07:59','2021-02-27 07:44:31','2021-03-10 19:15:58','2021-02-26 09:03:28','2021-03-21 12:13:34'),(165,65,65,'architecto','Footman went on in a hurry: a large mushroom growing near her, about four inches deep and reaching.',1,'07:52:37','2021-03-12 16:53:51','2021-03-03 10:19:55','2021-03-07 20:35:58','2021-03-12 19:46:57','2021-03-11 05:16:49'),(166,66,66,'nobis','Hatter: \'let\'s all move one place on.\' He moved on as he spoke, and then said \'The fourth.\' \'Two.',0,'21:07:40','2021-03-14 13:28:46','2021-03-15 20:01:14','2021-03-05 12:06:42','2021-03-23 05:50:16','2021-03-07 16:10:00'),(167,67,67,'error','Alice to herself. Imagine her surprise, when the Rabbit say, \'A barrowful will do, to begin again,.',0,'15:09:08','2021-03-10 14:18:45','2021-03-02 05:30:36','2021-02-24 07:21:56','2021-02-28 06:33:03','2021-03-09 00:56:58'),(168,68,68,'distinctio','The first witness was the BEST butter,\' the March Hare. \'I didn\'t write it, and found that it was.',1,'10:52:48','2021-03-19 03:45:26','2021-03-18 23:01:43','2021-03-20 18:30:35','2021-03-02 02:38:49','2021-03-06 06:09:24'),(169,69,69,'adipisci','I was going to be, from one of these cakes,\' she thought, and it said in a low voice. \'Not at.',1,'05:24:45','2021-03-31 13:26:58','2021-02-24 17:31:32','2021-02-27 12:58:49','2021-03-03 14:28:48','2021-02-25 05:19:26'),(170,70,70,'sint','And when I breathe\"!\' \'It IS the same solemn tone, \'For the Duchess. An invitation for the moment.',1,'15:19:53','2021-02-27 17:49:12','2021-02-27 03:12:29','2021-03-08 02:14:22','2021-03-16 15:23:42','2021-02-24 12:46:23'),(171,71,71,'earum','Stigand, the patriotic archbishop of Canterbury, found it so quickly that the hedgehog a blow with.',1,'08:45:17','2021-03-17 10:07:17','2021-02-27 15:23:49','2021-03-13 09:44:07','2021-03-01 03:32:30','2021-02-25 13:02:16'),(172,72,72,'aut','I\'ve tried to speak, and no more of it in the way wherever she wanted to send the hedgehog a blow.',1,'14:18:14','2021-03-05 00:21:32','2021-03-16 08:37:08','2021-03-21 18:02:57','2021-03-01 21:16:22','2021-03-17 15:31:12'),(173,73,73,'minus','Queen to-day?\' \'I should like to go from here?\' \'That depends a good deal: this fireplace is.',0,'07:33:07','2021-03-13 21:27:19','2021-03-07 18:40:08','2021-03-08 08:53:54','2021-02-26 17:47:04','2021-03-17 21:35:36'),(174,74,74,'id','Just at this moment the door of which was a good deal on where you want to see if she were looking.',1,'11:46:06','2021-03-09 13:44:51','2021-03-03 13:50:47','2021-02-24 18:45:24','2021-03-23 02:34:04','2021-03-12 10:49:38'),(175,75,75,'quam','I don\'t like them!\' When the Mouse in the morning, just time to see if she were looking up into.',0,'13:54:24','2021-03-24 00:42:36','2021-03-05 07:08:15','2021-02-27 16:19:53','2021-02-23 13:32:25','2021-03-05 12:24:05'),(176,76,76,'commodi','Alice a good deal to ME,\' said Alice very humbly: \'you had got its head down, and felt quite.',0,'04:26:31','2021-03-15 15:37:16','2021-03-22 10:38:39','2021-03-18 03:39:04','2021-03-18 23:15:15','2021-03-08 09:53:47'),(177,77,77,'aut','Morcar, the earls of Mercia and Northumbria--\"\' \'Ugh!\' said the White Rabbit, with a melancholy.',0,'22:41:32','2021-03-11 00:33:10','2021-02-27 07:36:06','2021-02-24 11:09:46','2021-03-09 15:32:00','2021-03-13 13:14:54'),(178,78,78,'autem','Queen will hear you! You see, she came suddenly upon an open place, with a round face, and was.',0,'06:31:02','2021-03-26 06:35:29','2021-03-01 06:02:27','2021-02-25 02:46:58','2021-03-01 20:21:56','2021-02-23 13:06:21'),(179,79,79,'ipsa','Alice put down the hall. After a while she was now the right words,\' said poor Alice, \'when one.',1,'06:19:30','2021-02-25 06:05:45','2021-02-26 12:21:29','2021-02-26 11:34:06','2021-03-05 04:48:54','2021-03-19 23:37:46'),(180,80,80,'atque','I\'ve had such a noise inside, no one else seemed inclined to say than his first speech. \'You.',1,'14:11:39','2021-03-30 23:38:53','2021-02-23 11:53:43','2021-03-04 22:38:07','2021-03-11 20:14:05','2021-03-08 23:20:36'),(181,81,81,'dolorem','Queen in front of them, with her arms round it as a last resource, she put her hand on the.',1,'16:05:46','2021-03-14 17:40:29','2021-03-03 19:16:24','2021-03-01 09:51:19','2021-02-26 18:56:41','2021-03-03 16:35:00'),(182,82,82,'fuga','Alice for some time without interrupting it. \'They must go and live in that case I can reach the.',1,'18:16:52','2021-03-15 01:11:46','2021-03-19 09:24:24','2021-03-24 07:18:35','2021-02-28 15:55:13','2021-03-03 07:06:14'),(183,83,83,'ut','English coast you find a number of changes she had peeped into the court, she said these words her.',1,'13:46:02','2021-03-06 10:31:52','2021-03-19 17:00:56','2021-03-13 12:34:30','2021-02-25 06:56:43','2021-03-12 20:01:25'),(184,84,84,'pariatur','I like being that person, I\'ll come up: if not, I\'ll stay down here! It\'ll be no chance of her age.',1,'12:45:27','2021-03-06 09:22:40','2021-03-20 08:54:31','2021-03-13 19:28:08','2021-02-28 18:51:41','2021-02-24 10:02:49'),(185,85,85,'rem','Off--\' \'Nonsense!\' said Alice, a little nervous about it just missed her. Alice caught the baby at.',0,'13:50:40','2021-03-14 21:03:56','2021-03-08 21:25:48','2021-03-23 20:17:19','2021-03-12 23:22:37','2021-03-20 11:54:38'),(186,86,86,'facilis','Presently the Rabbit say to itself, \'Oh dear! Oh dear! I\'d nearly forgotten that I\'ve got to the.',0,'21:25:33','2021-03-21 23:50:35','2021-03-05 11:15:15','2021-03-28 14:07:31','2021-03-19 15:15:13','2021-03-20 12:12:12'),(187,87,87,'ut','I\'m not the same, shedding gallons of tears, until there was no \'One, two, three, and away,\' but.',1,'22:00:57','2021-03-30 02:03:11','2021-03-11 14:55:24','2021-02-27 14:45:55','2021-03-17 14:38:31','2021-02-25 20:21:22'),(188,88,88,'hic','There\'s no pleasing them!\' Alice was not here before,\' said the Hatter. This piece of it in the.',0,'11:59:04','2021-03-06 08:08:42','2021-03-18 04:26:35','2021-03-18 07:27:56','2021-03-07 04:54:59','2021-03-06 17:43:34'),(189,89,89,'a','Alice; \'I must be the right height to rest herself, and fanned herself with one of the jurymen..',1,'21:42:38','2021-03-05 21:34:37','2021-03-10 08:11:01','2021-03-09 04:00:11','2021-03-11 08:35:32','2021-03-13 08:36:01'),(190,90,90,'architecto','I shall ever see you again, you dear old thing!\' said the Mock Turtle is.\' \'It\'s the first day,\'.',1,'03:48:42','2021-03-28 10:34:35','2021-03-20 22:25:44','2021-03-19 20:44:28','2021-03-07 23:15:43','2021-03-15 23:41:59'),(191,91,91,'sit','Mock Turtle, capering wildly about. \'Change lobsters again!\' yelled the Gryphon hastily. \'Go on.',1,'20:55:43','2021-02-25 17:40:07','2021-03-15 09:46:04','2021-02-27 18:17:55','2021-03-15 07:05:43','2021-03-05 03:36:27'),(192,92,92,'itaque','In another moment it was very fond of beheading people here; the great hall, with the clock. For.',0,'13:48:50','2021-03-13 08:14:22','2021-03-14 06:32:31','2021-03-10 14:23:06','2021-03-09 08:27:42','2021-02-24 20:40:13'),(193,93,93,'itaque','I almost wish I\'d gone to see the Hatter said, turning to Alice: he had never before seen a cat.',0,'14:37:21','2021-03-09 08:46:04','2021-03-12 18:01:47','2021-03-07 15:35:33','2021-03-22 08:51:21','2021-03-02 07:23:11'),(194,94,94,'sed','I like\"!\' \'You might just as well look and see what I should be raving mad after all! I almost.',0,'00:42:12','2021-03-18 16:28:44','2021-02-25 22:09:32','2021-03-31 05:03:58','2021-03-22 17:29:31','2021-03-17 15:08:52'),(195,95,95,'sapiente','Alice. \'Why, SHE,\' said the Queen. An invitation for the Dormouse,\' thought Alice; \'only, as it\'s.',0,'05:59:15','2021-03-31 07:08:05','2021-03-01 20:22:58','2021-03-03 12:18:25','2021-03-02 10:42:59','2021-03-10 19:43:12'),(196,96,96,'ipsa','Caterpillar. \'Well, I\'ve tried banks, and I\'ve tried to open her mouth; but she saw maps and.',0,'12:24:46','2021-03-26 04:15:55','2021-03-05 10:51:18','2021-03-19 22:52:45','2021-03-03 02:15:11','2021-03-18 07:12:39'),(197,97,97,'ex','Which way?\', holding her hand on the top of the court with a sudden burst of tears, \'I do wish.',0,'13:52:45','2021-02-28 04:32:14','2021-03-09 03:02:37','2021-03-04 09:26:26','2021-03-18 22:17:23','2021-02-25 11:02:57'),(198,98,98,'fugiat','Mock Turtle. \'Seals, turtles, salmon, and so on; then, when you\'ve cleared all the time they were.',1,'15:27:17','2021-03-17 10:14:22','2021-03-02 04:31:38','2021-02-28 19:16:15','2021-03-08 06:22:48','2021-03-10 23:25:02'),(199,99,99,'tempora','There was a dead silence. Alice noticed with some difficulty, as it was good practice to say.',0,'04:40:11','2021-03-29 07:38:22','2021-02-24 11:35:00','2021-03-13 07:34:30','2021-03-10 00:17:25','2021-03-06 19:11:39'),(200,100,100,'omnis','Hatter: and in his turn; and both creatures hid their faces in their mouths--and they\'re all over.',1,'16:51:10','2021-03-18 07:28:11','2021-03-23 04:03:23','2021-03-25 09:04:31','2021-03-04 19:28:20','2021-02-23 12:55:22');
/*!40000 ALTER TABLE `events` ENABLE KEYS */;
UNLOCK TABLES;

--
-- Table structure for table `media`
--

DROP TABLE IF EXISTS `media`;
/*!40101 SET @saved_cs_client     = @@character_set_client */;
/*!50503 SET character_set_client = utf8mb4 */;
CREATE TABLE `media` (
  `id` bigint unsigned NOT NULL AUTO_INCREMENT COMMENT 'Идентификатор строки',
  `creator_id` bigint unsigned DEFAULT NULL COMMENT 'Идентификатор пользователя',
  `target_type` enum('comment','document','event','post','todo_list','todo','user') CHARACTER SET utf8mb4 COLLATE utf8mb4_unicode_ci NOT NULL COMMENT 'тип данных',
  `target_id` bigint unsigned NOT NULL COMMENT 'Идентификатор элемента',
  `media_type` enum('photo','video','audio','avatar') NOT NULL COMMENT 'тип данных',
  `filename` varchar(255) CHARACTER SET utf8mb4 COLLATE utf8mb4_unicode_ci DEFAULT NULL COMMENT 'Ссылка на файл',
  `size` bigint unsigned DEFAULT NULL COMMENT 'Размер файла',
  `metadate` longtext CHARACTER SET utf8mb4 COLLATE utf8mb4_bin COMMENT 'Метаданные',
  `file_path` varchar(255) CHARACTER SET utf8mb4 COLLATE utf8mb4_unicode_ci DEFAULT NULL COMMENT 'Путь к файлу',
  PRIMARY KEY (`id`),
  KEY `media_creator_id_fk` (`creator_id`),
  KEY `target_type_target_id_idx` (`target_type`,`target_id`),
  KEY `filename_idx` (`filename`),
  CONSTRAINT `media_creator_id_fk` FOREIGN KEY (`creator_id`) REFERENCES `users` (`id`) ON DELETE SET NULL,
  CONSTRAINT `media_chk_1` CHECK (json_valid(`metadate`))
) ENGINE=InnoDB AUTO_INCREMENT=331 DEFAULT CHARSET=utf8mb4 COLLATE=utf8mb4_0900_ai_ci COMMENT='Медиаданные';
/*!40101 SET character_set_client = @saved_cs_client */;

--
-- Dumping data for table `media`
--

LOCK TABLES `media` WRITE;
/*!40000 ALTER TABLE `media` DISABLE KEYS */;
INSERT INTO `media` VALUES (1,1,'event',1,'video','harum.avi',52543,'{\"owner\":\"Al Shields\"}','http://dropbox.net/pm/shields-al/'),(2,2,'comment',2,'photo','minus.jpg',9758923,'{\"owner\":\"Gene Tillman\"}','http://dropbox.net/pm/tillman-gene/'),(3,3,'document',3,'video','autem.avi',216323,'{\"owner\":\"Sunny Cummerata\"}','http://dropbox.net/pm/cummerata-sunny/'),(4,4,'event',4,'audio','rerum.mp3',1907,'{\"owner\":\"Bill Klocko\"}','http://dropbox.net/pm/klocko-bill/'),(5,5,'comment',5,'video','qui.avi',590532,'{\"owner\":\"Hilda Johnson\"}','http://dropbox.net/pm/johnson-hilda/'),(6,6,'todo_list',6,'video','blanditiis.avi',815398,'{\"owner\":\"Ralph Armstrong\"}','http://dropbox.net/pm/armstrong-ralph/'),(7,7,'document',7,'audio','aspernatur.mp3',1656589,'{\"owner\":\"Arne Schultz\"}','http://dropbox.net/pm/schultz-arne/'),(8,8,'document',8,'video','delectus.avi',293692,'{\"owner\":\"Missouri Turner\"}','http://dropbox.net/pm/turner-missouri/'),(9,9,'comment',9,'audio','corrupti.mp3',8974,'{\"owner\":\"Virgie Stehr\"}','http://dropbox.net/pm/stehr-virgie/'),(10,10,'document',10,'audio','veniam.mp3',686866,'{\"owner\":\"Cleta Leannon\"}','http://dropbox.net/pm/leannon-cleta/'),(11,11,'event',11,'photo','at.jpg',543255,'{\"owner\":\"Reanna Jacobi\"}','http://dropbox.net/pm/jacobi-reanna/'),(12,12,'todo',12,'video','facilis.avi',261033044,'{\"owner\":\"Braden Johnson\"}','http://dropbox.net/pm/johnson-braden/'),(13,13,'post',13,'audio','ipsa.mp3',2514209,'{\"owner\":\"Adam Sawayn\"}','http://dropbox.net/pm/sawayn-adam/'),(14,14,'user',14,'photo','cumque.jpg',645678,'{\"owner\":\"Florida Treutel\"}','http://dropbox.net/pm/treutel-florida/'),(15,15,'post',15,'video','hic.avi',588625,'{\"owner\":\"Ryan Shanahan\"}','http://dropbox.net/pm/shanahan-ryan/'),(16,16,'todo_list',16,'audio','rem.mp3',3875,'{\"owner\":\"Aniyah Kessler\"}','http://dropbox.net/pm/kessler-aniyah/'),(17,17,'comment',17,'audio','omnis.mp3',4355767,'{\"owner\":\"Rey Wilderman\"}','http://dropbox.net/pm/wilderman-rey/'),(18,18,'todo_list',18,'video','dicta.avi',91483954,'{\"owner\":\"Agnes Hane\"}','http://dropbox.net/pm/hane-agnes/'),(19,19,'todo_list',19,'audio','iusto.mp3',29160929,'{\"owner\":\"Tavares Cummerata\"}','http://dropbox.net/pm/cummerata-tavares/'),(20,20,'post',20,'video','hic.avi',794063008,'{\"owner\":\"Hayden Bosco\"}','http://dropbox.net/pm/bosco-hayden/'),(21,21,'todo_list',21,'photo','non.jpg',996092,'{\"owner\":\"Erik Daniel\"}','http://dropbox.net/pm/daniel-erik/'),(22,22,'document',22,'photo','sit.jpg',960575217,'{\"owner\":\"Meggie Reichert\"}','http://dropbox.net/pm/reichert-meggie/'),(23,23,'todo',23,'photo','quod.jpg',859354850,'{\"owner\":\"Kelly Kutch\"}','http://dropbox.net/pm/kutch-kelly/'),(24,24,'todo_list',24,'photo','labore.jpg',9679173,'{\"owner\":\"Macey Goldner\"}','http://dropbox.net/pm/goldner-macey/'),(25,25,'event',25,'audio','aut.mp3',42297471,'{\"owner\":\"Ignacio Corwin\"}','http://dropbox.net/pm/corwin-ignacio/'),(26,26,'todo',26,'audio','dolor.mp3',204585,'{\"owner\":\"Tyson Muller\"}','http://dropbox.net/pm/muller-tyson/'),(27,27,'user',27,'audio','est.mp3',24651,'{\"owner\":\"Luther Kemmer\"}','http://dropbox.net/pm/kemmer-luther/'),(28,28,'user',28,'video','qui.avi',499499,'{\"owner\":\"Tatum Dach\"}','http://dropbox.net/pm/dach-tatum/'),(29,29,'todo_list',29,'photo','in.jpg',413542,'{\"owner\":\"Chloe Raynor\"}','http://dropbox.net/pm/raynor-chloe/'),(30,30,'todo',30,'photo','commodi.jpg',801370,'{\"owner\":\"Meta Jacobi\"}','http://dropbox.net/pm/jacobi-meta/'),(31,31,'todo',31,'audio','quam.mp3',559213,'{\"owner\":\"Modesta McLaughlin\"}','http://dropbox.net/pm/mclaughlin-modesta/'),(32,32,'todo',32,'video','eaque.avi',545440,'{\"owner\":\"Braden Glover\"}','http://dropbox.net/pm/glover-braden/'),(33,33,'event',33,'audio','rerum.mp3',39560,'{\"owner\":\"Dominique Schmidt\"}','http://dropbox.net/pm/schmidt-dominique/'),(34,34,'comment',34,'video','ut.avi',551482,'{\"owner\":\"Alejandra Gottlieb\"}','http://dropbox.net/pm/gottlieb-alejandra/'),(35,35,'post',35,'photo','illo.jpg',60034,'{\"owner\":\"Janiya Langworth\"}','http://dropbox.net/pm/langworth-janiya/'),(36,36,'user',36,'video','repellendus.avi',1473726,'{\"owner\":\"Junior Brekke\"}','http://dropbox.net/pm/brekke-junior/'),(37,37,'todo',37,'audio','hic.mp3',628730,'{\"owner\":\"Florine Kertzmann\"}','http://dropbox.net/pm/kertzmann-florine/'),(38,38,'post',38,'audio','facilis.mp3',479206,'{\"owner\":\"Santa Russel\"}','http://dropbox.net/pm/russel-santa/'),(39,39,'post',39,'audio','omnis.mp3',499838,'{\"owner\":\"Lorenz Abbott\"}','http://dropbox.net/pm/abbott-lorenz/'),(40,40,'post',40,'audio','necessitatibus.mp3',51576,'{\"owner\":\"Prudence Hettinger\"}','http://dropbox.net/pm/hettinger-prudence/'),(41,41,'post',41,'photo','consequuntur.jpg',725847924,'{\"owner\":\"Celine Hegmann\"}','http://dropbox.net/pm/hegmann-celine/'),(42,42,'post',42,'video','dolores.avi',748364,'{\"owner\":\"Nia Murphy\"}','http://dropbox.net/pm/murphy-nia/'),(43,43,'comment',43,'audio','sint.mp3',577093,'{\"owner\":\"Jadyn Stracke\"}','http://dropbox.net/pm/stracke-jadyn/'),(44,44,'event',44,'audio','ea.mp3',630374,'{\"owner\":\"Anderson Bosco\"}','http://dropbox.net/pm/bosco-anderson/'),(45,45,'event',45,'audio','quia.mp3',410592,'{\"owner\":\"Earlene Schaefer\"}','http://dropbox.net/pm/schaefer-earlene/'),(46,46,'todo',46,'video','ad.avi',151840,'{\"owner\":\"Lyda Rippin\"}','http://dropbox.net/pm/rippin-lyda/'),(47,47,'user',47,'audio','qui.mp3',517422,'{\"owner\":\"Helena Mayer\"}','http://dropbox.net/pm/mayer-helena/'),(48,48,'user',48,'photo','laudantium.jpg',121593,'{\"owner\":\"Alejandrin Howell\"}','http://dropbox.net/pm/howell-alejandrin/'),(49,49,'comment',49,'photo','alias.jpg',9177,'{\"owner\":\"Saige DuBuque\"}','http://dropbox.net/pm/dubuque-saige/'),(50,50,'todo_list',50,'video','consectetur.avi',3466,'{\"owner\":\"Cristal Lemke\"}','http://dropbox.net/pm/lemke-cristal/'),(51,51,'user',51,'video','fuga.avi',45700,'{\"owner\":\"Mabelle Nolan\"}','http://dropbox.net/pm/nolan-mabelle/'),(52,52,'document',52,'audio','earum.mp3',853718,'{\"owner\":\"Vern Kuhic\"}','http://dropbox.net/pm/kuhic-vern/'),(53,53,'todo',53,'video','accusamus.avi',32778168,'{\"owner\":\"Mya Donnelly\"}','http://dropbox.net/pm/donnelly-mya/'),(54,54,'todo_list',54,'audio','in.mp3',121494,'{\"owner\":\"Peggie Welch\"}','http://dropbox.net/pm/welch-peggie/'),(55,55,'user',55,'audio','voluptatem.mp3',5934,'{\"owner\":\"Columbus Bashirian\"}','http://dropbox.net/pm/bashirian-columbus/'),(56,56,'todo_list',56,'photo','alias.jpg',870263,'{\"owner\":\"Bert Pfeffer\"}','http://dropbox.net/pm/pfeffer-bert/'),(57,57,'todo_list',57,'audio','id.mp3',36314,'{\"owner\":\"Eleanore Gutmann\"}','http://dropbox.net/pm/gutmann-eleanore/'),(58,58,'todo',58,'video','cum.avi',807089,'{\"owner\":\"Rickey Hagenes\"}','http://dropbox.net/pm/hagenes-rickey/'),(59,59,'post',59,'audio','voluptatibus.mp3',916504,'{\"owner\":\"Tyree Gerhold\"}','http://dropbox.net/pm/gerhold-tyree/'),(60,60,'post',60,'video','sunt.avi',620360,'{\"owner\":\"Cassie Hegmann\"}','http://dropbox.net/pm/hegmann-cassie/'),(61,61,'post',61,'photo','impedit.jpg',5455989,'{\"owner\":\"Laurianne Windler\"}','http://dropbox.net/pm/windler-laurianne/'),(62,62,'document',62,'video','aut.avi',3499637,'{\"owner\":\"Karson Bernier\"}','http://dropbox.net/pm/bernier-karson/'),(63,63,'todo',63,'audio','magni.mp3',37996283,'{\"owner\":\"Heaven Kub\"}','http://dropbox.net/pm/kub-heaven/'),(64,64,'user',64,'video','impedit.avi',151255,'{\"owner\":\"Meredith Boehm\"}','http://dropbox.net/pm/boehm-meredith/'),(65,65,'document',65,'audio','velit.mp3',9764,'{\"owner\":\"Aglae Stracke\"}','http://dropbox.net/pm/stracke-aglae/'),(66,66,'post',66,'photo','nobis.jpg',996762,'{\"owner\":\"Ramon Toy\"}','http://dropbox.net/pm/toy-ramon/'),(67,67,'comment',67,'photo','recusandae.jpg',93816,'{\"owner\":\"Alyce Rippin\"}','http://dropbox.net/pm/rippin-alyce/'),(68,68,'comment',68,'photo','ut.jpg',520048,'{\"owner\":\"Landen West\"}','http://dropbox.net/pm/west-landen/'),(69,69,'event',69,'video','voluptate.avi',2648666,'{\"owner\":\"Bobbie Heaney\"}','http://dropbox.net/pm/heaney-bobbie/'),(70,70,'todo_list',70,'audio','vero.mp3',6923,'{\"owner\":\"Jaron Jaskolski\"}','http://dropbox.net/pm/jaskolski-jaron/'),(71,71,'post',71,'photo','nesciunt.jpg',599953,'{\"owner\":\"Reese Bosco\"}','http://dropbox.net/pm/bosco-reese/'),(72,72,'todo',72,'video','maxime.avi',22124,'{\"owner\":\"Miguel Friesen\"}','http://dropbox.net/pm/friesen-miguel/'),(73,73,'todo',73,'video','adipisci.avi',6143,'{\"owner\":\"Delmer Welch\"}','http://dropbox.net/pm/welch-delmer/'),(74,74,'todo_list',74,'video','cumque.avi',2161,'{\"owner\":\"Mariana Mann\"}','http://dropbox.net/pm/mann-mariana/'),(75,75,'event',75,'audio','nihil.mp3',429621,'{\"owner\":\"Ashlynn Barton\"}','http://dropbox.net/pm/barton-ashlynn/'),(76,76,'document',76,'video','nesciunt.avi',338246,'{\"owner\":\"Frieda Hudson\"}','http://dropbox.net/pm/hudson-frieda/'),(77,77,'post',77,'audio','at.mp3',255827,'{\"owner\":\"Dayne Mitchell\"}','http://dropbox.net/pm/mitchell-dayne/'),(78,78,'event',78,'photo','excepturi.jpg',392370,'{\"owner\":\"Duncan Hand\"}','http://dropbox.net/pm/hand-duncan/'),(79,79,'post',79,'video','amet.avi',981124045,'{\"owner\":\"Easter Nader\"}','http://dropbox.net/pm/nader-easter/'),(80,80,'event',80,'video','quaerat.avi',937111,'{\"owner\":\"Laurel Hirthe\"}','http://dropbox.net/pm/hirthe-laurel/'),(81,81,'event',81,'photo','error.jpg',498447,'{\"owner\":\"Wilma Johnson\"}','http://dropbox.net/pm/johnson-wilma/'),(82,82,'document',82,'video','ab.avi',670901,'{\"owner\":\"Keegan Koelpin\"}','http://dropbox.net/pm/koelpin-keegan/'),(83,83,'post',83,'photo','autem.jpg',56974,'{\"owner\":\"Ronaldo Luettgen\"}','http://dropbox.net/pm/luettgen-ronaldo/'),(84,84,'todo',84,'video','voluptas.avi',74963,'{\"owner\":\"Ludwig Gislason\"}','http://dropbox.net/pm/gislason-ludwig/'),(85,85,'user',85,'audio','at.mp3',5249352,'{\"owner\":\"Stephania Bednar\"}','http://dropbox.net/pm/bednar-stephania/'),(86,86,'user',86,'video','rem.avi',3562,'{\"owner\":\"Willis West\"}','http://dropbox.net/pm/west-willis/'),(87,87,'comment',87,'audio','aspernatur.mp3',55309668,'{\"owner\":\"Laurianne Moore\"}','http://dropbox.net/pm/moore-laurianne/'),(88,88,'comment',88,'video','aut.avi',340291,'{\"owner\":\"Haskell Schuppe\"}','http://dropbox.net/pm/schuppe-haskell/'),(89,89,'user',89,'audio','hic.mp3',16150,'{\"owner\":\"Lempi Kerluke\"}','http://dropbox.net/pm/kerluke-lempi/'),(90,90,'post',90,'audio','et.mp3',339264,'{\"owner\":\"Coleman Runolfsdottir\"}','http://dropbox.net/pm/runolfsdottir-coleman/'),(91,91,'user',91,'video','ratione.avi',3395,'{\"owner\":\"Garrick Lowe\"}','http://dropbox.net/pm/lowe-garrick/'),(92,92,'document',92,'audio','occaecati.mp3',562814,'{\"owner\":\"Tianna Rempel\"}','http://dropbox.net/pm/rempel-tianna/'),(93,93,'post',93,'video','dignissimos.avi',49588,'{\"owner\":\"Ian Waters\"}','http://dropbox.net/pm/waters-ian/'),(94,94,'todo',94,'audio','est.mp3',77494,'{\"owner\":\"Al Kuhn\"}','http://dropbox.net/pm/kuhn-al/'),(95,95,'user',95,'video','autem.avi',849167,'{\"owner\":\"Tressa Streich\"}','http://dropbox.net/pm/streich-tressa/'),(96,96,'comment',96,'video','unde.avi',223131,'{\"owner\":\"Oran Goyette\"}','http://dropbox.net/pm/goyette-oran/'),(97,97,'document',97,'video','dolores.avi',558153,'{\"owner\":\"Meredith Harber\"}','http://dropbox.net/pm/harber-meredith/'),(98,98,'document',98,'photo','quibusdam.jpg',111376,'{\"owner\":\"William Bechtelar\"}','http://dropbox.net/pm/bechtelar-william/'),(99,99,'comment',99,'photo','alias.jpg',22400,'{\"owner\":\"Sydni Wolff\"}','http://dropbox.net/pm/wolff-sydni/'),(100,100,'document',100,'photo','excepturi.jpg',872418,'{\"owner\":\"Laurie Rau\"}','http://dropbox.net/pm/rau-laurie/'),(101,1,'event',1,'audio','quis.mp3',17964,'{\"owner\":\"Al Shields\"}','http://dropbox.net/pm/shields-al/'),(102,2,'user',2,'video','debitis.avi',462566,'{\"owner\":\"Gene Tillman\"}','http://dropbox.net/pm/tillman-gene/'),(103,3,'todo_list',3,'audio','et.mp3',973797338,'{\"owner\":\"Sunny Cummerata\"}','http://dropbox.net/pm/cummerata-sunny/'),(104,4,'todo_list',4,'photo','nihil.jpg',248938,'{\"owner\":\"Bill Klocko\"}','http://dropbox.net/pm/klocko-bill/'),(105,5,'todo_list',5,'audio','est.mp3',57731,'{\"owner\":\"Hilda Johnson\"}','http://dropbox.net/pm/johnson-hilda/'),(106,6,'document',6,'video','libero.avi',87947,'{\"owner\":\"Ralph Armstrong\"}','http://dropbox.net/pm/armstrong-ralph/'),(107,7,'user',7,'photo','velit.jpg',7673,'{\"owner\":\"Arne Schultz\"}','http://dropbox.net/pm/schultz-arne/'),(108,8,'comment',8,'photo','quo.jpg',6928,'{\"owner\":\"Missouri Turner\"}','http://dropbox.net/pm/turner-missouri/'),(109,9,'todo_list',9,'photo','voluptatem.jpg',956262922,'{\"owner\":\"Virgie Stehr\"}','http://dropbox.net/pm/stehr-virgie/'),(110,10,'document',10,'video','nobis.avi',846993,'{\"owner\":\"Cleta Leannon\"}','http://dropbox.net/pm/leannon-cleta/'),(111,11,'document',11,'video','necessitatibus.avi',478150,'{\"owner\":\"Reanna Jacobi\"}','http://dropbox.net/pm/jacobi-reanna/'),(112,12,'todo_list',12,'photo','ipsam.jpg',4291891,'{\"owner\":\"Braden Johnson\"}','http://dropbox.net/pm/johnson-braden/'),(113,13,'post',13,'video','iusto.avi',819350,'{\"owner\":\"Adam Sawayn\"}','http://dropbox.net/pm/sawayn-adam/'),(114,14,'todo',14,'audio','voluptatem.mp3',3359,'{\"owner\":\"Florida Treutel\"}','http://dropbox.net/pm/treutel-florida/'),(115,15,'todo_list',15,'video','eveniet.avi',436067675,'{\"owner\":\"Ryan Shanahan\"}','http://dropbox.net/pm/shanahan-ryan/'),(116,16,'comment',16,'photo','itaque.jpg',839773,'{\"owner\":\"Aniyah Kessler\"}','http://dropbox.net/pm/kessler-aniyah/'),(117,17,'todo_list',17,'video','quia.avi',754417,'{\"owner\":\"Rey Wilderman\"}','http://dropbox.net/pm/wilderman-rey/'),(118,18,'todo_list',18,'photo','sit.jpg',4096449,'{\"owner\":\"Agnes Hane\"}','http://dropbox.net/pm/hane-agnes/'),(119,19,'todo',19,'video','sint.avi',25393,'{\"owner\":\"Tavares Cummerata\"}','http://dropbox.net/pm/cummerata-tavares/'),(120,20,'event',20,'video','numquam.avi',242763,'{\"owner\":\"Hayden Bosco\"}','http://dropbox.net/pm/bosco-hayden/'),(121,21,'event',21,'audio','ipsa.mp3',2345,'{\"owner\":\"Erik Daniel\"}','http://dropbox.net/pm/daniel-erik/'),(122,22,'event',22,'audio','earum.mp3',940568,'{\"owner\":\"Meggie Reichert\"}','http://dropbox.net/pm/reichert-meggie/'),(123,23,'post',23,'video','asperiores.avi',7861,'{\"owner\":\"Kelly Kutch\"}','http://dropbox.net/pm/kutch-kelly/'),(124,24,'user',24,'audio','magnam.mp3',964550,'{\"owner\":\"Macey Goldner\"}','http://dropbox.net/pm/goldner-macey/'),(125,25,'event',25,'photo','commodi.jpg',991047,'{\"owner\":\"Ignacio Corwin\"}','http://dropbox.net/pm/corwin-ignacio/'),(126,26,'comment',26,'audio','officia.mp3',275901,'{\"owner\":\"Tyson Muller\"}','http://dropbox.net/pm/muller-tyson/'),(127,27,'document',27,'photo','et.jpg',51587,'{\"owner\":\"Luther Kemmer\"}','http://dropbox.net/pm/kemmer-luther/'),(128,28,'todo_list',28,'audio','quo.mp3',1713,'{\"owner\":\"Tatum Dach\"}','http://dropbox.net/pm/dach-tatum/'),(129,29,'user',29,'video','deserunt.avi',917774709,'{\"owner\":\"Chloe Raynor\"}','http://dropbox.net/pm/raynor-chloe/'),(130,30,'post',30,'audio','in.mp3',16759,'{\"owner\":\"Meta Jacobi\"}','http://dropbox.net/pm/jacobi-meta/'),(131,31,'user',31,'audio','blanditiis.mp3',17625,'{\"owner\":\"Modesta McLaughlin\"}','http://dropbox.net/pm/mclaughlin-modesta/'),(132,32,'document',32,'photo','magni.jpg',294075,'{\"owner\":\"Braden Glover\"}','http://dropbox.net/pm/glover-braden/'),(133,33,'todo_list',33,'video','expedita.avi',183728,'{\"owner\":\"Dominique Schmidt\"}','http://dropbox.net/pm/schmidt-dominique/'),(134,34,'post',34,'video','culpa.avi',274793,'{\"owner\":\"Alejandra Gottlieb\"}','http://dropbox.net/pm/gottlieb-alejandra/'),(135,35,'document',35,'photo','similique.jpg',209207,'{\"owner\":\"Janiya Langworth\"}','http://dropbox.net/pm/langworth-janiya/'),(136,36,'todo',36,'photo','repudiandae.jpg',211655,'{\"owner\":\"Junior Brekke\"}','http://dropbox.net/pm/brekke-junior/'),(137,37,'todo',37,'audio','minus.mp3',420653,'{\"owner\":\"Florine Kertzmann\"}','http://dropbox.net/pm/kertzmann-florine/'),(138,38,'todo_list',38,'photo','alias.jpg',458301,'{\"owner\":\"Santa Russel\"}','http://dropbox.net/pm/russel-santa/'),(139,39,'todo',39,'audio','cupiditate.mp3',19545,'{\"owner\":\"Lorenz Abbott\"}','http://dropbox.net/pm/abbott-lorenz/'),(140,40,'todo',40,'audio','et.mp3',712826,'{\"owner\":\"Prudence Hettinger\"}','http://dropbox.net/pm/hettinger-prudence/'),(141,41,'post',41,'video','aliquid.avi',86672,'{\"owner\":\"Celine Hegmann\"}','http://dropbox.net/pm/hegmann-celine/'),(142,42,'post',42,'audio','saepe.mp3',495493,'{\"owner\":\"Nia Murphy\"}','http://dropbox.net/pm/murphy-nia/'),(143,43,'comment',43,'audio','nostrum.mp3',328987,'{\"owner\":\"Jadyn Stracke\"}','http://dropbox.net/pm/stracke-jadyn/'),(144,44,'event',44,'photo','quia.jpg',6753,'{\"owner\":\"Anderson Bosco\"}','http://dropbox.net/pm/bosco-anderson/'),(145,45,'todo_list',45,'photo','voluptas.jpg',1643580,'{\"owner\":\"Earlene Schaefer\"}','http://dropbox.net/pm/schaefer-earlene/'),(146,46,'comment',46,'photo','eveniet.jpg',148458,'{\"owner\":\"Lyda Rippin\"}','http://dropbox.net/pm/rippin-lyda/'),(147,47,'todo',47,'photo','quidem.jpg',69373,'{\"owner\":\"Helena Mayer\"}','http://dropbox.net/pm/mayer-helena/'),(148,48,'todo_list',48,'audio','impedit.mp3',1992,'{\"owner\":\"Alejandrin Howell\"}','http://dropbox.net/pm/howell-alejandrin/'),(149,49,'todo',49,'video','voluptas.avi',9102,'{\"owner\":\"Saige DuBuque\"}','http://dropbox.net/pm/dubuque-saige/'),(150,50,'comment',50,'photo','vel.jpg',8850109,'{\"owner\":\"Cristal Lemke\"}','http://dropbox.net/pm/lemke-cristal/'),(151,51,'user',51,'video','totam.avi',25827,'{\"owner\":\"Mabelle Nolan\"}','http://dropbox.net/pm/nolan-mabelle/'),(152,52,'todo_list',52,'audio','voluptas.mp3',745329,'{\"owner\":\"Vern Kuhic\"}','http://dropbox.net/pm/kuhic-vern/'),(153,53,'document',53,'video','unde.avi',271273,'{\"owner\":\"Mya Donnelly\"}','http://dropbox.net/pm/donnelly-mya/'),(154,54,'user',54,'video','reiciendis.avi',110379,'{\"owner\":\"Peggie Welch\"}','http://dropbox.net/pm/welch-peggie/'),(155,55,'event',55,'video','deleniti.avi',8189,'{\"owner\":\"Columbus Bashirian\"}','http://dropbox.net/pm/bashirian-columbus/'),(156,56,'post',56,'audio','quis.mp3',728074,'{\"owner\":\"Bert Pfeffer\"}','http://dropbox.net/pm/pfeffer-bert/'),(157,57,'user',57,'photo','ab.jpg',299235,'{\"owner\":\"Eleanore Gutmann\"}','http://dropbox.net/pm/gutmann-eleanore/'),(158,58,'user',58,'video','porro.avi',13709,'{\"owner\":\"Rickey Hagenes\"}','http://dropbox.net/pm/hagenes-rickey/'),(159,59,'user',59,'video','dolor.avi',301955,'{\"owner\":\"Tyree Gerhold\"}','http://dropbox.net/pm/gerhold-tyree/'),(160,60,'post',60,'video','dolore.avi',602068,'{\"owner\":\"Cassie Hegmann\"}','http://dropbox.net/pm/hegmann-cassie/'),(161,61,'document',61,'photo','non.jpg',2731,'{\"owner\":\"Laurianne Windler\"}','http://dropbox.net/pm/windler-laurianne/'),(162,62,'todo',62,'video','fugit.avi',94475,'{\"owner\":\"Karson Bernier\"}','http://dropbox.net/pm/bernier-karson/'),(163,63,'user',63,'video','voluptate.avi',178623809,'{\"owner\":\"Heaven Kub\"}','http://dropbox.net/pm/kub-heaven/'),(164,64,'document',64,'audio','eaque.mp3',656172,'{\"owner\":\"Meredith Boehm\"}','http://dropbox.net/pm/boehm-meredith/'),(165,65,'post',65,'photo','voluptas.jpg',987437,'{\"owner\":\"Aglae Stracke\"}','http://dropbox.net/pm/stracke-aglae/'),(166,66,'todo',66,'audio','voluptatem.mp3',2198,'{\"owner\":\"Ramon Toy\"}','http://dropbox.net/pm/toy-ramon/'),(167,67,'comment',67,'audio','corporis.mp3',1282,'{\"owner\":\"Alyce Rippin\"}','http://dropbox.net/pm/rippin-alyce/'),(168,68,'todo_list',68,'photo','ipsam.jpg',98305,'{\"owner\":\"Landen West\"}','http://dropbox.net/pm/west-landen/'),(169,69,'document',69,'audio','non.mp3',4978,'{\"owner\":\"Bobbie Heaney\"}','http://dropbox.net/pm/heaney-bobbie/'),(170,70,'todo',70,'photo','id.jpg',958667,'{\"owner\":\"Jaron Jaskolski\"}','http://dropbox.net/pm/jaskolski-jaron/'),(171,71,'event',71,'audio','ratione.mp3',821027,'{\"owner\":\"Reese Bosco\"}','http://dropbox.net/pm/bosco-reese/'),(172,72,'event',72,'photo','mollitia.jpg',288681,'{\"owner\":\"Miguel Friesen\"}','http://dropbox.net/pm/friesen-miguel/'),(173,73,'todo_list',73,'video','nulla.avi',219134,'{\"owner\":\"Delmer Welch\"}','http://dropbox.net/pm/welch-delmer/'),(174,74,'post',74,'audio','eius.mp3',365908,'{\"owner\":\"Mariana Mann\"}','http://dropbox.net/pm/mann-mariana/'),(175,75,'todo',75,'audio','quae.mp3',3937,'{\"owner\":\"Ashlynn Barton\"}','http://dropbox.net/pm/barton-ashlynn/'),(176,76,'comment',76,'video','necessitatibus.avi',275003525,'{\"owner\":\"Frieda Hudson\"}','http://dropbox.net/pm/hudson-frieda/'),(177,77,'event',77,'photo','harum.jpg',4116020,'{\"owner\":\"Dayne Mitchell\"}','http://dropbox.net/pm/mitchell-dayne/'),(178,78,'event',78,'photo','sit.jpg',38870,'{\"owner\":\"Duncan Hand\"}','http://dropbox.net/pm/hand-duncan/'),(179,79,'todo_list',79,'video','similique.avi',35653,'{\"owner\":\"Easter Nader\"}','http://dropbox.net/pm/nader-easter/'),(180,80,'document',80,'video','consectetur.avi',622590,'{\"owner\":\"Laurel Hirthe\"}','http://dropbox.net/pm/hirthe-laurel/'),(181,81,'todo',81,'video','et.avi',428944145,'{\"owner\":\"Wilma Johnson\"}','http://dropbox.net/pm/johnson-wilma/'),(182,82,'event',82,'audio','corporis.mp3',2508,'{\"owner\":\"Keegan Koelpin\"}','http://dropbox.net/pm/koelpin-keegan/'),(183,83,'event',83,'video','accusamus.avi',445549,'{\"owner\":\"Ronaldo Luettgen\"}','http://dropbox.net/pm/luettgen-ronaldo/'),(184,84,'todo_list',84,'photo','consequatur.jpg',4864,'{\"owner\":\"Ludwig Gislason\"}','http://dropbox.net/pm/gislason-ludwig/'),(185,85,'todo',85,'video','sunt.avi',300646010,'{\"owner\":\"Stephania Bednar\"}','http://dropbox.net/pm/bednar-stephania/'),(186,86,'comment',86,'audio','quis.mp3',89284,'{\"owner\":\"Willis West\"}','http://dropbox.net/pm/west-willis/'),(187,87,'todo_list',87,'video','explicabo.avi',6623,'{\"owner\":\"Laurianne Moore\"}','http://dropbox.net/pm/moore-laurianne/'),(188,88,'document',88,'audio','mollitia.mp3',67930,'{\"owner\":\"Haskell Schuppe\"}','http://dropbox.net/pm/schuppe-haskell/'),(189,89,'todo_list',89,'video','ad.avi',5610866,'{\"owner\":\"Lempi Kerluke\"}','http://dropbox.net/pm/kerluke-lempi/'),(190,90,'event',90,'video','repellat.avi',710726812,'{\"owner\":\"Coleman Runolfsdottir\"}','http://dropbox.net/pm/runolfsdottir-coleman/'),(191,91,'user',91,'video','voluptatem.avi',349975,'{\"owner\":\"Garrick Lowe\"}','http://dropbox.net/pm/lowe-garrick/'),(192,92,'comment',92,'video','culpa.avi',622971,'{\"owner\":\"Tianna Rempel\"}','http://dropbox.net/pm/rempel-tianna/'),(193,93,'todo',93,'photo','quia.jpg',605897970,'{\"owner\":\"Ian Waters\"}','http://dropbox.net/pm/waters-ian/'),(194,94,'user',94,'video','quia.avi',403227,'{\"owner\":\"Al Kuhn\"}','http://dropbox.net/pm/kuhn-al/'),(195,95,'document',95,'video','reprehenderit.avi',956212,'{\"owner\":\"Tressa Streich\"}','http://dropbox.net/pm/streich-tressa/'),(196,96,'user',96,'video','ipsam.avi',28400,'{\"owner\":\"Oran Goyette\"}','http://dropbox.net/pm/goyette-oran/'),(197,97,'document',97,'audio','aut.mp3',72643,'{\"owner\":\"Meredith Harber\"}','http://dropbox.net/pm/harber-meredith/'),(198,98,'post',98,'photo','amet.jpg',408379,'{\"owner\":\"William Bechtelar\"}','http://dropbox.net/pm/bechtelar-william/'),(199,99,'user',99,'photo','quis.jpg',3227,'{\"owner\":\"Sydni Wolff\"}','http://dropbox.net/pm/wolff-sydni/'),(200,100,'document',100,'photo','illo.jpg',49374,'{\"owner\":\"Laurie Rau\"}','http://dropbox.net/pm/rau-laurie/'),(201,1,'event',1,'video','harum.mvk.avi',52543,'{\"owner\":\"Al Shields\"}','http://dropbox.net/pm/shields-al/'),(202,2,'comment',2,'photo','minus.jpg.jpg',9758923,'{\"owner\":\"Gene Tillman\"}','http://dropbox.net/pm/tillman-gene/'),(203,3,'document',3,'video','autem.avi.avi',561377,'{\"owner\":\"Sunny Cummerata\"}','http://dropbox.net/pm/cummerata-sunny/'),(204,39,'user',39,'avatar','39_Abbott.jpg',10000,'{\"owner\":\"Lorenz Abbott\"}','/media/users/images/'),(205,6,'user',6,'avatar','6_Armstrong.jpg',10000,'{\"owner\":\"Ralph Armstrong\"}','/media/users/images/'),(206,75,'user',75,'avatar','75_Barton.jpg',10000,'{\"owner\":\"Ashlynn Barton\"}','/media/users/images/'),(207,55,'user',55,'avatar','55_Bashirian.jpg',10000,'{\"owner\":\"Columbus Bashirian\"}','/media/users/images/'),(208,98,'user',98,'avatar','98_Bechtelar.jpg',10000,'{\"owner\":\"William Bechtelar\"}','/media/users/images/'),(209,85,'user',85,'avatar','85_Bednar.jpg',10000,'{\"owner\":\"Stephania Bednar\"}','/media/users/images/'),(210,62,'user',62,'avatar','62_Bernier.jpg',10000,'{\"owner\":\"Karson Bernier\"}','/media/users/images/'),(211,64,'user',64,'avatar','64_Boehm.jpg',10000,'{\"owner\":\"Meredith Boehm\"}','/media/users/images/'),(212,44,'user',44,'avatar','44_Bosco.jpg',10000,'{\"owner\":\"Anderson Bosco\"}','/media/users/images/'),(213,20,'user',20,'avatar','20_Bosco.jpg',10000,'{\"owner\":\"Hayden Bosco\"}','/media/users/images/'),(214,71,'user',71,'avatar','71_Bosco.jpg',10000,'{\"owner\":\"Reese Bosco\"}','/media/users/images/'),(215,36,'user',36,'avatar','36_Brekke.jpg',10000,'{\"owner\":\"Junior Brekke\"}','/media/users/images/'),(216,25,'user',25,'avatar','25_Corwin.jpg',10000,'{\"owner\":\"Ignacio Corwin\"}','/media/users/images/'),(217,3,'user',3,'avatar','3_Cummerata.jpg',10000,'{\"owner\":\"Sunny Cummerata\"}','/media/users/images/'),(218,19,'user',19,'avatar','19_Cummerata.jpg',10000,'{\"owner\":\"Tavares Cummerata\"}','/media/users/images/'),(219,28,'user',28,'avatar','28_Dach.jpg',10000,'{\"owner\":\"Tatum Dach\"}','/media/users/images/'),(220,21,'user',21,'avatar','21_Daniel.jpg',10000,'{\"owner\":\"Erik Daniel\"}','/media/users/images/'),(221,53,'user',53,'avatar','53_Donnelly.jpg',10000,'{\"owner\":\"Mya Donnelly\"}','/media/users/images/'),(222,49,'user',49,'avatar','49_DuBuque.jpg',10000,'{\"owner\":\"Saige DuBuque\"}','/media/users/images/'),(223,72,'user',72,'avatar','72_Friesen.jpg',10000,'{\"owner\":\"Miguel Friesen\"}','/media/users/images/'),(224,59,'user',59,'avatar','59_Gerhold.jpg',10000,'{\"owner\":\"Tyree Gerhold\"}','/media/users/images/'),(225,84,'user',84,'avatar','84_Gislason.jpg',10000,'{\"owner\":\"Ludwig Gislason\"}','/media/users/images/'),(226,32,'user',32,'avatar','32_Glover.jpg',10000,'{\"owner\":\"Braden Glover\"}','/media/users/images/'),(227,24,'user',24,'avatar','24_Goldner.jpg',10000,'{\"owner\":\"Macey Goldner\"}','/media/users/images/'),(228,34,'user',34,'avatar','34_Gottlieb.jpg',10000,'{\"owner\":\"Alejandra Gottlieb\"}','/media/users/images/'),(229,96,'user',96,'avatar','96_Goyette.jpg',10000,'{\"owner\":\"Oran Goyette\"}','/media/users/images/'),(230,57,'user',57,'avatar','57_Gutmann.jpg',10000,'{\"owner\":\"Eleanore Gutmann\"}','/media/users/images/'),(231,58,'user',58,'avatar','58_Hagenes.jpg',10000,'{\"owner\":\"Rickey Hagenes\"}','/media/users/images/'),(232,78,'user',78,'avatar','78_Hand.jpg',10000,'{\"owner\":\"Duncan Hand\"}','/media/users/images/'),(233,18,'user',18,'avatar','18_Hane.jpg',10000,'{\"owner\":\"Agnes Hane\"}','/media/users/images/'),(234,97,'user',97,'avatar','97_Harber.jpg',10000,'{\"owner\":\"Meredith Harber\"}','/media/users/images/'),(235,69,'user',69,'avatar','69_Heaney.jpg',10000,'{\"owner\":\"Bobbie Heaney\"}','/media/users/images/'),(236,60,'user',60,'avatar','60_Hegmann.jpg',10000,'{\"owner\":\"Cassie Hegmann\"}','/media/users/images/'),(237,41,'user',41,'avatar','41_Hegmann.jpg',10000,'{\"owner\":\"Celine Hegmann\"}','/media/users/images/'),(238,40,'user',40,'avatar','40_Hettinger.jpg',10000,'{\"owner\":\"Prudence Hettinger\"}','/media/users/images/'),(239,80,'user',80,'avatar','80_Hirthe.jpg',10000,'{\"owner\":\"Laurel Hirthe\"}','/media/users/images/'),(240,48,'user',48,'avatar','48_Howell.jpg',10000,'{\"owner\":\"Alejandrin Howell\"}','/media/users/images/'),(241,76,'user',76,'avatar','76_Hudson.jpg',10000,'{\"owner\":\"Frieda Hudson\"}','/media/users/images/'),(242,30,'user',30,'avatar','30_Jacobi.jpg',10000,'{\"owner\":\"Meta Jacobi\"}','/media/users/images/'),(243,11,'user',11,'avatar','11_Jacobi.jpg',10000,'{\"owner\":\"Reanna Jacobi\"}','/media/users/images/'),(244,70,'user',70,'avatar','70_Jaskolski.jpg',10000,'{\"owner\":\"Jaron Jaskolski\"}','/media/users/images/'),(245,12,'user',12,'avatar','12_Johnson.jpg',10000,'{\"owner\":\"Braden Johnson\"}','/media/users/images/'),(246,5,'user',5,'avatar','5_Johnson.jpg',10000,'{\"owner\":\"Hilda Johnson\"}','/media/users/images/'),(247,81,'user',81,'avatar','81_Johnson.jpg',10000,'{\"owner\":\"Wilma Johnson\"}','/media/users/images/'),(248,27,'user',27,'avatar','27_Kemmer.jpg',10000,'{\"owner\":\"Luther Kemmer\"}','/media/users/images/'),(249,89,'user',89,'avatar','89_Kerluke.jpg',10000,'{\"owner\":\"Lempi Kerluke\"}','/media/users/images/'),(250,37,'user',37,'avatar','37_Kertzmann.jpg',10000,'{\"owner\":\"Florine Kertzmann\"}','/media/users/images/'),(251,16,'user',16,'avatar','16_Kessler.jpg',10000,'{\"owner\":\"Aniyah Kessler\"}','/media/users/images/'),(252,4,'user',4,'avatar','4_Klocko.jpg',10000,'{\"owner\":\"Bill Klocko\"}','/media/users/images/'),(253,82,'user',82,'avatar','82_Koelpin.jpg',10000,'{\"owner\":\"Keegan Koelpin\"}','/media/users/images/'),(254,63,'user',63,'avatar','63_Kub.jpg',10000,'{\"owner\":\"Heaven Kub\"}','/media/users/images/'),(255,52,'user',52,'avatar','52_Kuhic.jpg',10000,'{\"owner\":\"Vern Kuhic\"}','/media/users/images/'),(256,94,'user',94,'avatar','94_Kuhn.jpg',10000,'{\"owner\":\"Al Kuhn\"}','/media/users/images/'),(257,23,'user',23,'avatar','23_Kutch.jpg',10000,'{\"owner\":\"Kelly Kutch\"}','/media/users/images/'),(258,35,'user',35,'avatar','35_Langworth.jpg',10000,'{\"owner\":\"Janiya Langworth\"}','/media/users/images/'),(259,10,'user',10,'avatar','10_Leannon.jpg',10000,'{\"owner\":\"Cleta Leannon\"}','/media/users/images/'),(260,50,'user',50,'avatar','50_Lemke.jpg',10000,'{\"owner\":\"Cristal Lemke\"}','/media/users/images/'),(261,91,'user',91,'avatar','91_Lowe.jpg',10000,'{\"owner\":\"Garrick Lowe\"}','/media/users/images/'),(262,83,'user',83,'avatar','83_Luettgen.jpg',10000,'{\"owner\":\"Ronaldo Luettgen\"}','/media/users/images/'),(263,74,'user',74,'avatar','74_Mann.jpg',10000,'{\"owner\":\"Mariana Mann\"}','/media/users/images/'),(264,47,'user',47,'avatar','47_Mayer.jpg',10000,'{\"owner\":\"Helena Mayer\"}','/media/users/images/'),(265,31,'user',31,'avatar','31_McLaughlin.jpg',10000,'{\"owner\":\"Modesta McLaughlin\"}','/media/users/images/'),(266,77,'user',77,'avatar','77_Mitchell.jpg',10000,'{\"owner\":\"Dayne Mitchell\"}','/media/users/images/'),(267,87,'user',87,'avatar','87_Moore.jpg',10000,'{\"owner\":\"Laurianne Moore\"}','/media/users/images/'),(268,26,'user',26,'avatar','26_Muller.jpg',10000,'{\"owner\":\"Tyson Muller\"}','/media/users/images/'),(269,42,'user',42,'avatar','42_Murphy.jpg',10000,'{\"owner\":\"Nia Murphy\"}','/media/users/images/'),(270,79,'user',79,'avatar','79_Nader.jpg',10000,'{\"owner\":\"Easter Nader\"}','/media/users/images/'),(271,51,'user',51,'avatar','51_Nolan.jpg',10000,'{\"owner\":\"Mabelle Nolan\"}','/media/users/images/'),(272,56,'user',56,'avatar','56_Pfeffer.jpg',10000,'{\"owner\":\"Bert Pfeffer\"}','/media/users/images/'),(273,100,'user',100,'avatar','100_Rau.jpg',10000,'{\"owner\":\"Laurie Rau\"}','/media/users/images/'),(274,29,'user',29,'avatar','29_Raynor.jpg',10000,'{\"owner\":\"Chloe Raynor\"}','/media/users/images/'),(275,22,'user',22,'avatar','22_Reichert.jpg',10000,'{\"owner\":\"Meggie Reichert\"}','/media/users/images/'),(276,92,'user',92,'avatar','92_Rempel.jpg',10000,'{\"owner\":\"Tianna Rempel\"}','/media/users/images/'),(277,67,'user',67,'avatar','67_Rippin.jpg',10000,'{\"owner\":\"Alyce Rippin\"}','/media/users/images/'),(278,46,'user',46,'avatar','46_Rippin.jpg',10000,'{\"owner\":\"Lyda Rippin\"}','/media/users/images/'),(279,90,'user',90,'avatar','90_Runolfsdottir.jpg',10000,'{\"owner\":\"Coleman Runolfsdottir\"}','/media/users/images/'),(280,38,'user',38,'avatar','38_Russel.jpg',10000,'{\"owner\":\"Santa Russel\"}','/media/users/images/'),(281,13,'user',13,'avatar','13_Sawayn.jpg',10000,'{\"owner\":\"Adam Sawayn\"}','/media/users/images/'),(282,45,'user',45,'avatar','45_Schaefer.jpg',10000,'{\"owner\":\"Earlene Schaefer\"}','/media/users/images/'),(283,33,'user',33,'avatar','33_Schmidt.jpg',10000,'{\"owner\":\"Dominique Schmidt\"}','/media/users/images/'),(284,7,'user',7,'avatar','7_Schultz.jpg',10000,'{\"owner\":\"Arne Schultz\"}','/media/users/images/'),(285,88,'user',88,'avatar','88_Schuppe.jpg',10000,'{\"owner\":\"Haskell Schuppe\"}','/media/users/images/'),(286,15,'user',15,'avatar','15_Shanahan.jpg',10000,'{\"owner\":\"Ryan Shanahan\"}','/media/users/images/'),(287,1,'user',1,'avatar','1_Shields.jpg',10000,'{\"owner\":\"Al Shields\"}','/media/users/images/'),(288,9,'user',9,'avatar','9_Stehr.jpg',10000,'{\"owner\":\"Virgie Stehr\"}','/media/users/images/'),(289,65,'user',65,'avatar','65_Stracke.jpg',10000,'{\"owner\":\"Aglae Stracke\"}','/media/users/images/'),(290,43,'user',43,'avatar','43_Stracke.jpg',10000,'{\"owner\":\"Jadyn Stracke\"}','/media/users/images/'),(291,95,'user',95,'avatar','95_Streich.jpg',10000,'{\"owner\":\"Tressa Streich\"}','/media/users/images/'),(292,2,'user',2,'avatar','2_Tillman.jpg',10000,'{\"owner\":\"Gene Tillman\"}','/media/users/images/'),(293,66,'user',66,'avatar','66_Toy.jpg',10000,'{\"owner\":\"Ramon Toy\"}','/media/users/images/'),(294,14,'user',14,'avatar','14_Treutel.jpg',10000,'{\"owner\":\"Florida Treutel\"}','/media/users/images/'),(295,8,'user',8,'avatar','8_Turner.jpg',10000,'{\"owner\":\"Missouri Turner\"}','/media/users/images/'),(296,93,'user',93,'avatar','93_Waters.jpg',10000,'{\"owner\":\"Ian Waters\"}','/media/users/images/'),(297,73,'user',73,'avatar','73_Welch.jpg',10000,'{\"owner\":\"Delmer Welch\"}','/media/users/images/'),(298,54,'user',54,'avatar','54_Welch.jpg',10000,'{\"owner\":\"Peggie Welch\"}','/media/users/images/'),(299,68,'user',68,'avatar','68_West.jpg',10000,'{\"owner\":\"Landen West\"}','/media/users/images/'),(300,86,'user',86,'avatar','86_West.jpg',10000,'{\"owner\":\"Willis West\"}','/media/users/images/'),(301,17,'user',17,'avatar','17_Wilderman.jpg',10000,'{\"owner\":\"Rey Wilderman\"}','/media/users/images/'),(302,61,'user',61,'avatar','61_Windler.jpg',10000,'{\"owner\":\"Laurianne Windler\"}','/media/users/images/'),(303,99,'user',99,'avatar','99_Wolff.jpg',10000,'{\"owner\":\"Sydni Wolff\"}','/media/users/images/');
/*!40000 ALTER TABLE `media` ENABLE KEYS */;
UNLOCK TABLES;
/*!50003 SET @saved_cs_client      = @@character_set_client */ ;
/*!50003 SET @saved_cs_results     = @@character_set_results */ ;
/*!50003 SET @saved_col_connection = @@collation_connection */ ;
/*!50003 SET character_set_client  = utf8mb4 */ ;
/*!50003 SET character_set_results = utf8mb4 */ ;
/*!50003 SET collation_connection  = utf8mb4_0900_ai_ci */ ;
/*!50003 SET @saved_sql_mode       = @@sql_mode */ ;
/*!50003 SET sql_mode              = 'ONLY_FULL_GROUP_BY,STRICT_TRANS_TABLES,NO_ZERO_IN_DATE,NO_ZERO_DATE,ERROR_FOR_DIVISION_BY_ZERO,NO_ENGINE_SUBSTITUTION' */ ;
DELIMITER ;;
/*!50003 CREATE*/ /*!50017 DEFINER=`root`@`localhost`*/ /*!50003 TRIGGER `media_validation` BEFORE INSERT ON `media` FOR EACH ROW BEGIN
  IF !is_row_exists(NEW.target_id, NEW.target_type) THEN
    SIGNAL SQLSTATE "45000"
    SET MESSAGE_TEXT = "Error adding media! Target table doesn't contain row id provided!";
  END IF;
END */;;
DELIMITER ;
/*!50003 SET sql_mode              = @saved_sql_mode */ ;
/*!50003 SET character_set_client  = @saved_cs_client */ ;
/*!50003 SET character_set_results = @saved_cs_results */ ;
/*!50003 SET collation_connection  = @saved_col_connection */ ;

--
-- Table structure for table `messages`
--

DROP TABLE IF EXISTS `messages`;
/*!40101 SET @saved_cs_client     = @@character_set_client */;
/*!50503 SET character_set_client = utf8mb4 */;
CREATE TABLE `messages` (
  `id` bigint unsigned NOT NULL AUTO_INCREMENT COMMENT 'Идентификатор строки',
  `chat_id` bigint unsigned NOT NULL COMMENT 'Идентификатор чата',
  `creator_id` bigint unsigned NOT NULL COMMENT 'Автор сообщения',
  `body` text CHARACTER SET utf8mb4 COLLATE utf8mb4_unicode_ci COMMENT 'текс сообщения',
  `is_delivered` tinyint(1) DEFAULT NULL COMMENT 'Статус доставки',
  `is_read` tinyint(1) DEFAULT NULL COMMENT 'Статус получения)',
  `created_at` datetime DEFAULT CURRENT_TIMESTAMP COMMENT 'Время создания строки',
  `updated_at` datetime DEFAULT CURRENT_TIMESTAMP ON UPDATE CURRENT_TIMESTAMP COMMENT 'Время обновления строки',
  PRIMARY KEY (`id`),
  KEY `messages_chat_id_fk` (`chat_id`),
  KEY `messages_creator_id_fk` (`creator_id`),
  CONSTRAINT `messages_chat_id_fk` FOREIGN KEY (`chat_id`) REFERENCES `chats` (`id`) ON DELETE CASCADE,
  CONSTRAINT `messages_creator_id_fk` FOREIGN KEY (`creator_id`) REFERENCES `users` (`id`) ON DELETE CASCADE
) ENGINE=InnoDB AUTO_INCREMENT=501 DEFAULT CHARSET=utf8mb4 COLLATE=utf8mb4_0900_ai_ci COMMENT='таблица чатов';
/*!40101 SET character_set_client = @saved_cs_client */;

--
-- Dumping data for table `messages`
--

LOCK TABLES `messages` WRITE;
/*!40000 ALTER TABLE `messages` DISABLE KEYS */;
INSERT INTO `messages` VALUES (1,14,35,'I COULD NOT SWIM--\" you can\'t help that,\' said the cook. The King and the roof off.\' After a while.',1,0,'2021-02-26 10:47:51','2021-03-16 19:00:56'),(2,43,57,'Mouse, in a moment. \'Let\'s go on for some time busily writing in his throat,\' said the Hatter. \'It.',1,1,'2021-03-03 06:09:15','2021-03-17 07:17:03'),(3,94,72,'HERE.\' \'But then,\' thought she, \'if people had all to lie down upon her: she gave a little sharp.',1,0,'2021-03-12 15:53:03','2021-03-17 20:46:19'),(4,28,29,'Alice, \'shall I NEVER get any older than I am to see if she could have told you that.\' \'If I\'d.',1,1,'2021-03-05 04:44:17','2021-02-27 18:48:50'),(5,14,88,'Alice to herself, \'the way all the first minute or two, looking for it, you know--\' \'What did they.',1,0,'2021-03-05 17:57:57','2021-02-23 19:44:24'),(6,61,21,'MINE.\' The Queen turned angrily away from her as hard as she listened, or seemed to Alice a little.',1,0,'2021-02-24 22:29:18','2021-03-05 11:13:41'),(7,62,8,'Seven. \'Yes, it IS his business!\' said Five, \'and I\'ll tell him--it was for bringing the cook was.',1,0,'2021-02-26 03:31:22','2021-03-15 09:17:04'),(8,83,31,'Alice, who felt very curious to know when the tide rises and sharks are around, His voice has a.',1,1,'2021-02-26 03:01:31','2021-03-10 00:49:52'),(9,46,89,'Alice looked at it, busily painting them red. Alice thought this a very pretty dance,\' said Alice.',1,0,'2021-03-05 20:49:19','2021-03-21 23:51:39'),(10,31,76,'Alice had got burnt, and eaten up by wild beasts and other unpleasant things, all because they.',1,0,'2021-03-20 21:46:36','2021-03-20 00:48:19'),(11,12,46,'Mock Turtle. \'Seals, turtles, salmon, and so on; then, when you\'ve cleared all the jelly-fish out.',1,1,'2021-03-18 03:49:33','2021-02-23 16:35:17'),(12,87,18,'Alice looked all round her once more, while the Dodo solemnly, rising to its feet, \'I move that.',1,0,'2021-03-04 21:19:32','2021-03-08 10:44:32'),(13,28,66,'Queen, and Alice looked round, eager to see you any more!\' And here poor Alice began telling them.',1,0,'2021-03-18 20:27:23','2021-03-16 20:04:41'),(14,1,48,'King, \'unless it was YOUR table,\' said Alice; \'living at the March Hare interrupted in a low.',1,0,'2021-03-20 17:12:48','2021-03-17 08:02:11'),(15,3,73,'Heads below!\' (a loud crash)--\'Now, who did that?--It was Bill, I fancy--Who\'s to go nearer till.',1,1,'2021-03-21 10:33:28','2021-03-03 18:43:36'),(16,23,31,'SIT down,\' the King said to herself. \'I dare say you\'re wondering why I don\'t believe it,\' said.',1,1,'2021-03-15 06:18:39','2021-03-12 21:48:41'),(17,98,80,'If I or she should meet the real Mary Ann, and be turned out of the birds hurried off at once: one.',1,1,'2021-03-07 05:51:17','2021-03-08 02:42:26'),(18,55,88,'This sounded promising, certainly: Alice turned and came back again. \'Keep your temper,\' said the.',1,0,'2021-03-16 19:32:04','2021-03-12 05:06:24'),(19,97,20,'I am so VERY wide, but she added, to herself, \'to be going messages for a minute or two, which.',1,0,'2021-03-08 22:25:41','2021-03-20 23:50:33'),(20,72,34,'King hastily said, and went on: \'--that begins with an M?\' said Alice. \'It must be kind to them,\'.',1,0,'2021-02-27 09:24:28','2021-03-01 08:37:45'),(21,79,52,'Mock Turtle went on, \'What HAVE you been doing here?\' \'May it please your Majesty,\' he began, \'for.',1,1,'2021-03-12 04:16:32','2021-03-02 20:36:39'),(22,99,18,'I\'m doubtful about the reason so many out-of-the-way things had happened lately, that Alice had.',1,0,'2021-02-26 07:30:18','2021-03-10 03:01:46'),(23,78,30,'YOUR opinion,\' said Alice. \'Well, then,\' the Cat remarked. \'Don\'t be impertinent,\' said the.',1,0,'2021-03-11 15:06:34','2021-03-17 13:49:11'),(24,60,66,'When she got back to my jaw, Has lasted the rest were quite silent, and looked at her side. She.',1,1,'2021-03-05 22:00:16','2021-03-17 15:43:56'),(25,53,23,'Alice; \'I might as well as she went on, \'I must go and get in at the Mouse\'s tail; \'but why do you.',1,1,'2021-03-13 12:52:01','2021-03-20 16:55:46'),(26,35,25,'Alice. \'Why, there they are!\' said the White Rabbit with pink eyes ran close by it, and talking.',1,0,'2021-03-17 07:01:28','2021-03-16 14:05:12'),(27,44,23,'Alice, that she ought not to lie down upon their faces. There was a very decided tone: \'tell her.',1,0,'2021-03-03 09:50:21','2021-03-18 16:49:31'),(28,83,98,'The Footman seemed to think that there was silence for some way, and nothing seems to suit them!\'.',1,1,'2021-02-26 02:51:34','2021-03-13 02:24:35'),(29,57,80,'I don\'t want to get through was more and more faintly came, carried on the spot.\' This did not.',1,0,'2021-03-23 01:52:40','2021-03-07 05:44:37'),(30,11,13,'French lesson-book. The Mouse did not get hold of it; then Alice dodged behind a great deal to.',1,1,'2021-03-07 22:50:24','2021-03-07 03:55:00'),(31,3,98,'Let me see: that would be quite as safe to stay in here any longer!\' She waited for a minute or.',1,0,'2021-02-27 00:46:44','2021-02-25 08:28:46'),(32,22,21,'Some of the what?\' said the Queen, and Alice, were in custody and under sentence of execution.\'.',1,0,'2021-03-11 19:14:45','2021-03-17 14:59:45'),(33,98,34,'YET,\' she said this she looked up, but it was as long as there was no more to be managed? I.',1,0,'2021-03-21 02:26:45','2021-02-23 09:44:23'),(34,12,1,'Mock Turtle said: \'no wise fish would go through,\' thought poor Alice, \'to speak to this last.',1,1,'2021-03-09 09:31:13','2021-02-24 13:23:46'),(35,50,85,'Caterpillar The Caterpillar and Alice looked all round her head. \'If I eat one of them.\' In.',1,1,'2021-03-13 20:54:05','2021-03-02 00:15:54'),(36,62,80,'I\'ll tell him--it was for bringing the cook was busily stirring the soup, and seemed not to be.',1,1,'2021-03-21 05:24:29','2021-02-24 00:10:45'),(37,1,66,'Then she went on \'And how many hours a day or two: wouldn\'t it be murder to leave off this.',1,1,'2021-03-12 03:32:17','2021-03-02 22:17:08'),(38,32,47,'No room!\' they cried out when they had been for some time without interrupting it. \'They were.',1,1,'2021-02-25 01:54:09','2021-03-14 08:58:20'),(39,61,59,'Alice. \'Stand up and down looking for eggs, as it went, \'One side of WHAT?\' thought Alice; but she.',1,0,'2021-02-28 18:36:24','2021-02-26 06:38:04'),(40,91,84,'Five. \'I heard the King and Queen of Hearts, he stole those tarts, And took them quite away!\'.',1,1,'2021-03-17 06:19:17','2021-03-17 20:56:13'),(41,82,28,'So they couldn\'t get them out of the trees had a little of her voice. Nobody moved. \'Who cares for.',1,0,'2021-03-18 10:11:56','2021-03-09 01:31:12'),(42,56,89,'Mock Turtle went on, \'you throw the--\' \'The lobsters!\' shouted the Queen. \'You make me giddy.\' And.',1,0,'2021-03-07 13:47:52','2021-02-28 14:24:46'),(43,67,29,'Alice angrily. \'It wasn\'t very civil of you to death.\"\' \'You are old,\' said the Caterpillar took.',1,1,'2021-03-07 16:00:28','2021-03-13 17:26:57'),(44,54,75,'Duchess; \'and that\'s the jury, of course--\"I GAVE HER ONE, THEY GAVE HIM TWO--\" why, that must be.',1,0,'2021-02-24 20:13:30','2021-03-05 10:21:39'),(45,88,90,'Alice, timidly; \'some of the table, half hoping that they had settled down in an undertone,.',1,1,'2021-03-15 22:43:02','2021-03-11 08:57:25'),(46,64,13,'Knave. The Knave shook his head mournfully. \'Not I!\' said the March Hare. \'Then it wasn\'t very.',1,1,'2021-03-21 03:50:23','2021-03-13 21:52:19'),(47,64,82,'I\'ll never go THERE again!\' said Alice very politely; but she thought to herself, \'to be going.',1,0,'2021-03-04 19:23:08','2021-03-18 18:34:56'),(48,83,46,'It was opened by another footman in livery came running out of a well?\' \'Take some more.',1,1,'2021-03-19 19:55:31','2021-03-12 15:58:11'),(49,83,97,'So they got their tails in their mouths. So they sat down, and felt quite unhappy at the White.',1,1,'2021-03-16 02:08:33','2021-03-22 21:01:37'),(50,25,12,'The Cat seemed to be no use in waiting by the fire, and at once crowded round it, panting, and.',1,1,'2021-03-05 18:16:39','2021-03-22 10:04:18'),(51,8,25,'Still she went on \'And how did you manage on the ground near the centre of the pack, she could.',1,1,'2021-03-15 12:28:50','2021-02-25 23:56:52'),(52,40,85,'Duck. \'Found IT,\' the Mouse to Alice severely. \'What are tarts made of?\' Alice asked in a very.',1,1,'2021-03-04 03:45:17','2021-03-16 06:18:56'),(53,6,88,'And the Eaglet bent down its head impatiently, and said, \'So you think you could only hear.',1,0,'2021-03-12 15:59:13','2021-03-17 16:08:28'),(54,7,46,'I get it home?\' when it grunted again, and Alice guessed in a whisper, half afraid that it was a.',1,1,'2021-03-02 05:11:44','2021-03-20 03:39:17'),(55,60,94,'Queen\'s shrill cries to the three gardeners who were all writing very busily on slates. \'What are.',1,1,'2021-02-26 06:12:28','2021-03-22 09:49:08'),(56,52,48,'Gryphon. \'We can do no more, whatever happens. What WILL become of me? They\'re dreadfully fond of.',1,0,'2021-03-10 07:15:33','2021-03-05 18:23:39'),(57,6,89,'Caterpillar The Caterpillar was the matter on, What would become of me?\' Luckily for Alice, the.',1,0,'2021-03-19 00:41:47','2021-03-18 23:53:04'),(58,30,76,'CURTSEYING as you\'re falling through the air! Do you think you could draw treacle out of court!.',1,1,'2021-03-13 04:04:40','2021-02-28 08:19:14'),(59,9,5,'Alice. \'Stand up and leave the room, when her eye fell upon a Gryphon, lying fast asleep in the.',1,1,'2021-03-15 06:39:54','2021-03-16 23:22:26'),(60,55,62,'Rabbit whispered in a whisper, half afraid that it had been, it suddenly appeared again..',1,1,'2021-03-01 16:48:15','2021-03-18 16:10:58'),(61,37,7,'Sir, With no jury or judge, would be like, \'--for they haven\'t got much evidence YET,\' she said to.',1,1,'2021-02-26 12:47:36','2021-03-22 02:31:45'),(62,53,37,'Dormouse turned out, and, by the Queen said--\' \'Get to your places!\' shouted the Queen. \'I never.',1,1,'2021-03-20 07:37:11','2021-02-25 21:55:25'),(63,62,15,'THAT is--\"Take care of themselves.\"\' \'How fond she is of yours.\"\' \'Oh, I beg your pardon,\' said.',1,1,'2021-02-24 21:48:43','2021-02-24 11:09:33'),(64,71,96,'I am now? That\'ll be a great thistle, to keep back the wandering hair that curled all over their.',1,1,'2021-03-20 14:44:15','2021-03-01 10:22:02'),(65,71,62,'Majesty?\' he asked. \'Begin at the end.\' \'If you please, sir--\' The Rabbit Sends in a VERY good.',1,0,'2021-02-24 07:51:42','2021-03-13 04:38:41'),(66,91,77,'Dinah, if I must, I must,\' the King said to the shore. CHAPTER III. A Caucus-Race and a great many.',1,1,'2021-03-19 11:07:14','2021-03-18 11:54:55'),(67,53,79,'I suppose.\' So she stood still where she was, and waited. When the pie was all about, and crept a.',1,1,'2021-02-28 19:07:14','2021-03-14 06:22:45'),(68,71,44,'Rabbit in a great thistle, to keep back the wandering hair that curled all over with fright. \'Oh,.',1,1,'2021-02-24 09:14:33','2021-03-18 21:37:32'),(69,48,77,'Alice began to repeat it, when a sharp hiss made her look up in her life; it was sneezing on the.',1,0,'2021-02-28 04:36:22','2021-03-17 12:40:55'),(70,79,88,'March.\' As she said to the rose-tree, she went on again: \'Twenty-four hours, I THINK; or is it.',1,1,'2021-03-03 04:42:04','2021-02-27 01:09:18'),(71,5,74,'I had our Dinah here, I know I have done that, you know,\' said the King. The next thing was waving.',1,1,'2021-03-05 07:45:52','2021-02-23 09:05:42'),(72,96,9,'There was a body to cut it off from: that he shook both his shoes off. \'Give your evidence,\' said.',1,0,'2021-02-27 07:19:02','2021-03-07 01:09:41'),(73,47,75,'Alice: \'allow me to him: She gave me a good many little girls of her voice. Nobody moved. \'Who.',1,1,'2021-02-25 16:58:25','2021-03-03 02:27:17'),(74,61,86,'YOU must cross-examine the next verse,\' the Gryphon repeated impatiently: \'it begins \"I passed by.',1,0,'2021-03-08 20:58:11','2021-03-08 17:33:45'),(75,98,82,'Dormouse say?\' one of the Lobster Quadrille?\' the Gryphon added \'Come, let\'s try Geography. London.',1,1,'2021-03-02 10:24:39','2021-03-06 17:51:42'),(76,46,98,'But the snail replied \"Too far, too far!\" and gave a look askance-- Said he thanked the whiting.',1,0,'2021-03-22 19:35:41','2021-02-25 07:11:31'),(77,73,50,'Bill had left off writing on his knee, and looking at them with one of the court,\" and I could not.',1,0,'2021-03-07 17:34:38','2021-03-20 02:38:55'),(78,52,31,'INSIDE, you might knock, and I don\'t remember where.\' \'Well, it must be a walrus or hippopotamus,.',1,1,'2021-03-13 21:52:55','2021-03-23 05:19:01'),(79,20,19,'March Hare interrupted, yawning. \'I\'m getting tired of this. I vote the young man said, \'And your.',1,0,'2021-03-01 15:15:21','2021-03-20 06:54:53'),(80,97,73,'Dormouse indignantly. However, he consented to go nearer till she shook the house, \"Let us both go.',1,1,'2021-03-09 23:40:27','2021-03-17 15:44:47'),(81,9,32,'Mock Turtle. \'No, no! The adventures first,\' said the Mouse. \'--I proceed. \"Edwin and Morcar, the.',1,1,'2021-03-17 01:38:06','2021-03-07 02:55:48'),(82,92,34,'WAS a narrow escape!\' said Alice, in a trembling voice to its feet, ran round the thistle again;.',1,1,'2021-02-25 18:21:34','2021-03-07 03:46:20'),(83,10,43,'As soon as look at the mushroom (she had kept a piece of bread-and-butter in the air. She did not.',1,0,'2021-03-12 07:24:11','2021-03-16 09:08:46'),(84,63,49,'Duchess: \'flamingoes and mustard both bite. And the Eaglet bent down its head impatiently, and.',1,1,'2021-03-08 17:31:35','2021-03-07 10:41:11'),(85,64,51,'Alice, (she had grown up,\' she said to herself that perhaps it was quite pale (with passion, Alice.',1,1,'2021-03-03 06:40:33','2021-02-28 17:30:01'),(86,90,6,'It quite makes my forehead ache!\' Alice watched the White Rabbit interrupted: \'UNimportant, your.',1,1,'2021-03-02 10:07:22','2021-03-04 19:21:53'),(87,76,30,'Queen. \'Their heads are gone, if it began ordering people about like that!\' \'I couldn\'t afford to.',1,1,'2021-03-03 01:29:14','2021-03-06 15:59:10'),(88,21,21,'I\'m sure _I_ shan\'t be beheaded!\' said Alice, (she had kept a piece of rudeness was more and more.',1,1,'2021-03-05 08:30:14','2021-03-20 08:56:04'),(89,49,2,'White Rabbit: it was not a moment to think that proved it at last, they must needs come wriggling.',1,0,'2021-03-16 22:37:44','2021-03-03 22:44:29'),(90,1,83,'Gryphon. \'Do you take me for his housemaid,\' she said to herself, rather sharply; \'I advise you to.',1,0,'2021-03-14 05:33:29','2021-03-04 19:30:02'),(91,84,56,'Alice angrily. \'It wasn\'t very civil of you to learn?\' \'Well, there was room for this, and she had.',1,0,'2021-03-19 05:41:25','2021-03-23 04:02:57'),(92,44,40,'I am, sir,\' said Alice; \'it\'s laid for a dunce? Go on!\' \'I\'m a poor man, your Majesty,\' the Hatter.',1,0,'2021-03-03 19:38:39','2021-03-20 09:43:39'),(93,65,81,'Like a tea-tray in the direction it pointed to, without trying to invent something!\' \'I--I\'m a.',1,1,'2021-02-28 04:47:55','2021-03-23 07:31:42'),(94,20,46,'Queen. \'Can you play croquet with the next verse,\' the Gryphon said to herself in a very small.',1,1,'2021-02-28 11:15:09','2021-03-22 12:45:26'),(95,89,31,'Hatter, \'when the Queen ordering off her unfortunate guests to execution--once more the pig-baby.',1,0,'2021-03-15 09:32:47','2021-02-23 14:12:25'),(96,46,19,'Classics master, though. He was looking down with one eye; \'I seem to see its meaning. \'And just.',1,1,'2021-02-25 17:53:55','2021-02-27 18:15:23'),(97,97,92,'Mock Turtle\'s Story \'You can\'t think how glad I am very tired of this. I vote the young man said,.',1,0,'2021-03-10 14:18:44','2021-03-12 08:35:04'),(98,87,51,'Alice again. \'No, I give it up,\' Alice replied: \'what\'s the answer?\' \'I haven\'t the slightest.',1,1,'2021-03-20 01:51:50','2021-03-08 22:13:38'),(99,4,71,'However, the Multiplication Table doesn\'t signify: let\'s try the effect: the next moment she.',1,0,'2021-03-02 03:38:20','2021-03-22 01:22:08'),(100,96,38,'Dormouse shall!\' they both sat silent and looked at the stick, running a very curious thing, and.',1,1,'2021-03-20 00:26:34','2021-02-23 09:04:21'),(101,21,97,'Footman. \'That\'s the most important piece of bread-and-butter in the lock, and to hear his.',1,0,'2021-03-13 22:05:13','2021-02-27 17:24:25'),(102,73,24,'Who ever saw one that size? Why, it fills the whole place around her became alive with the Lory,.',1,0,'2021-03-04 23:28:40','2021-03-06 10:07:41'),(103,38,36,'Gryphon went on. \'We had the dish as its share of the wood--(she considered him to you, Though.',1,1,'2021-03-09 18:02:25','2021-03-05 07:49:25'),(104,44,56,'Duchess. \'Everything\'s got a moral, if only you can find out the Fish-Footman was gone, and, by.',1,1,'2021-03-05 15:06:21','2021-03-04 16:56:05'),(105,67,83,'For he can thoroughly enjoy The pepper when he pleases!\' CHORUS. \'Wow! wow! wow!\' \'Here! you may.',1,1,'2021-03-11 21:44:11','2021-03-06 16:48:23'),(106,21,96,'I think?\' he said in a day is very confusing.\' \'It isn\'t,\' said the Gryphon. \'I mean, what makes.',1,0,'2021-03-19 03:17:20','2021-03-15 08:29:33'),(107,32,23,'DOTH THE LITTLE BUSY BEE,\" but it was in livery: otherwise, judging by his garden, and marked,.',1,0,'2021-03-14 06:28:54','2021-02-28 00:52:43'),(108,18,19,'King: \'however, it may kiss my hand if it likes.\' \'I\'d rather not,\' the Cat went on, taking first.',1,1,'2021-03-06 12:14:21','2021-03-19 11:52:02'),(109,94,47,'I shouldn\'t like THAT!\' \'Oh, you foolish Alice!\' she answered herself. \'How can you learn lessons.',1,0,'2021-03-19 16:40:53','2021-03-04 09:16:17'),(110,53,7,'Alice; not that she was quite tired and out of that dark hall, and wander about among those beds.',1,0,'2021-03-22 19:35:07','2021-03-05 03:51:42'),(111,15,79,'After a minute or two, which gave the Pigeon had finished. \'As if I like being that person, I\'ll.',1,1,'2021-03-13 16:06:24','2021-02-27 13:07:37'),(112,25,48,'But the insolence of his tail. \'As if it thought that SOMEBODY ought to speak, and no more to be a.',1,0,'2021-03-13 23:54:24','2021-03-06 11:57:36'),(113,21,95,'Mock Turtle went on, \'and most things twinkled after that--only the March Hare. The Hatter was the.',1,0,'2021-03-12 19:03:41','2021-03-11 14:24:18'),(114,72,49,'Mock Turtle in a tone of delight, which changed into alarm in another minute there was generally a.',1,1,'2021-03-03 20:47:49','2021-03-09 01:25:32'),(115,42,98,'I think.\' And she began again: \'Ou est ma chatte?\' which was sitting between them, fast asleep,.',1,0,'2021-03-19 21:45:22','2021-03-16 04:56:50'),(116,61,79,'Sir, With no jury or judge, would be like, but it puzzled her a good many little girls of her.',1,1,'2021-02-23 15:50:56','2021-02-25 09:06:55'),(117,86,54,'Rabbit whispered in a melancholy air, and, after glaring at her side. She was looking up into.',1,0,'2021-03-11 13:26:19','2021-02-26 13:37:52'),(118,65,96,'Pigeon. \'I\'m NOT a serpent, I tell you!\' said Alice. \'What IS a Caucus-race?\' said Alice; \'I must.',1,0,'2021-02-28 11:09:52','2021-03-11 17:36:44'),(119,56,44,'Alice again. \'No, I didn\'t,\' said Alice: \'besides, that\'s not a bit of stick, and tumbled head.',1,1,'2021-02-28 17:54:39','2021-02-26 00:12:04'),(120,45,37,'She soon got it out to sea. So they had any sense, they\'d take the roof of the baby, it was too.',1,1,'2021-02-28 03:14:10','2021-03-01 20:55:54'),(121,97,27,'So she set to work, and very soon had to run back into the loveliest garden you ever see you.',1,1,'2021-03-03 09:08:31','2021-02-27 07:32:42'),(122,18,52,'Queen. \'You make me giddy.\' And then, turning to the porpoise, \"Keep back, please: we don\'t want.',1,1,'2021-03-16 03:23:16','2021-03-15 08:56:27'),(123,99,14,'Alice\'s elbow was pressed so closely against her foot, that there was nothing so VERY nearly at.',1,1,'2021-03-07 08:50:26','2021-03-15 06:59:10'),(124,30,35,'Alice went on growing, and she felt unhappy. \'It was a table set out under a tree a few minutes to.',1,0,'2021-02-24 14:28:57','2021-02-27 08:41:36'),(125,58,3,'I suppose?\' \'Yes,\' said Alice, \'it\'s very rude.\' The Hatter was out of the thing yourself, some.',1,1,'2021-03-03 04:00:01','2021-03-04 14:39:22'),(126,83,48,'Let me think: was I the same side of the shepherd boy--and the sneeze of the ground--and I should.',1,1,'2021-03-19 01:51:45','2021-03-12 08:16:33'),(127,62,8,'Alice rather unwillingly took the cauldron of soup off the mushroom, and raised herself to some.',1,0,'2021-03-22 13:44:43','2021-03-06 11:31:32'),(128,54,53,'Alice did not much like keeping so close to her: first, because the Duchess sang the second thing.',1,1,'2021-03-09 20:55:52','2021-03-10 14:57:59'),(129,36,19,'King; \'and don\'t be nervous, or I\'ll kick you down stairs!\' \'That is not said right,\' said the.',1,1,'2021-03-01 18:43:17','2021-03-19 04:09:08'),(130,8,77,'Alice. \'You are,\' said the Queen shouted at the Gryphon said to the dance. \'\"What matters it how.',1,0,'2021-03-13 01:06:36','2021-03-01 14:35:08'),(131,58,4,'The first question of course had to pinch it to her head, she tried to curtsey as she left her,.',1,0,'2021-03-17 06:05:27','2021-03-19 20:26:36'),(132,67,65,'CAN all that green stuff be?\' said Alice. \'And be quick about it,\' said the White Rabbit, with a.',1,1,'2021-03-20 21:05:38','2021-03-06 06:24:48'),(133,69,29,'The Mouse only growled in reply. \'Idiot!\' said the White Rabbit read:-- \'They told me he was.',1,0,'2021-03-06 19:40:44','2021-03-02 16:25:44'),(134,70,59,'I only wish it was,\' said the Cat, and vanished. Alice was beginning to think this a good.',1,1,'2021-03-10 07:57:44','2021-03-18 04:31:50'),(135,61,92,'After a time there were TWO little shrieks, and more faintly came, carried on the hearth and.',1,1,'2021-03-12 02:23:53','2021-02-28 23:18:16'),(136,29,17,'Alice, \'and if it began ordering people about like that!\' \'I couldn\'t help it,\' said Alice, as she.',1,1,'2021-03-14 09:29:24','2021-03-20 01:44:49'),(137,41,79,'Alice ventured to ask. \'Suppose we change the subject. \'Go on with the bread-and-butter getting so.',1,1,'2021-03-06 14:59:35','2021-03-12 10:50:45'),(138,32,94,'Caterpillar took the thimble, saying \'We beg your pardon!\' cried Alice again, for she had but to.',1,0,'2021-03-16 14:05:41','2021-02-26 15:27:36'),(139,40,89,'It\'s by far the most confusing thing I ever saw one that size? Why, it fills the whole place.',1,0,'2021-02-23 15:03:50','2021-03-10 11:10:19'),(140,51,7,'Some of the Queen was close behind it was indeed: she was beginning to grow larger again, and all.',1,0,'2021-03-15 18:59:17','2021-03-13 03:22:16'),(141,13,27,'Alice. \'Why, you don\'t like them!\' When the pie was all about, and shouting \'Off with her head!\'.',1,0,'2021-02-27 17:46:50','2021-03-06 11:09:29'),(142,95,69,'Queen, who was beginning to see it again, but it was too much pepper in my own tears! That WILL be.',1,0,'2021-02-25 17:26:07','2021-03-01 21:41:58'),(143,31,42,'She felt very lonely and low-spirited. In a little feeble, squeaking voice, (\'That\'s Bill,\'.',1,1,'2021-03-13 09:01:05','2021-02-24 10:01:24'),(144,55,95,'I almost wish I hadn\'t to bring tears into her face, with such sudden violence that Alice said;.',1,0,'2021-02-25 06:18:23','2021-03-10 08:11:29'),(145,71,46,'Alice, (she had grown in the pool, \'and she sits purring so nicely by the soldiers, who of course.',1,0,'2021-02-27 04:57:11','2021-03-06 02:32:22'),(146,70,64,'Alice was very likely to eat or drink something or other; but the great wonder is, that I\'m.',1,1,'2021-03-22 03:31:48','2021-03-09 05:57:57'),(147,78,18,'This is the capital of Rome, and Rome--no, THAT\'S all wrong, I\'m certain! I must have a prize.',1,1,'2021-03-10 09:07:02','2021-03-19 12:28:24'),(148,18,96,'Queen was in the distance. \'Come on!\' and ran till she heard a voice outside, and stopped to.',1,1,'2021-03-15 07:10:35','2021-02-27 22:05:11'),(149,25,59,'Alice waited till she shook the house, and found that, as nearly as she could. \'The Dormouse is.',1,0,'2021-03-10 10:53:24','2021-03-18 13:16:31'),(150,71,47,'Duchess said in a trembling voice:-- \'I passed by his face only, she would have made a dreadfully.',1,1,'2021-03-18 16:40:28','2021-02-25 07:28:40'),(151,20,24,'King. On this the whole thing, and longed to change the subject. \'Go on with the Mouse in the.',1,0,'2021-03-01 07:11:01','2021-03-04 03:21:26'),(152,89,4,'Lizard as she went on saying to herself in a languid, sleepy voice. \'Who are YOU?\' said the.',1,1,'2021-03-20 01:35:55','2021-03-20 06:01:43'),(153,32,4,'Alice went on eagerly: \'There is such a dear little puppy it was!\' said Alice, \'and why it is I.',1,1,'2021-03-12 00:21:01','2021-03-14 18:43:51'),(154,95,47,'Knave was standing before them, in chains, with a soldier on each side, and opened their eyes and.',1,1,'2021-03-11 04:02:02','2021-03-05 11:49:38'),(155,72,34,'Alice took up the chimney, has he?\' said Alice indignantly. \'Let me alone!\' \'Serpent, I say.',1,0,'2021-03-03 07:11:20','2021-03-05 21:31:00'),(156,50,66,'Mock Turtle to the Mock Turtle. So she set to work throwing everything within her reach at the.',1,1,'2021-03-15 19:32:37','2021-03-04 15:14:48'),(157,3,31,'Lobster Quadrille?\' the Gryphon only answered \'Come on!\' and ran off, thinking while she was not.',1,1,'2021-03-05 14:52:35','2021-02-28 04:15:07'),(158,80,93,'Alice. \'And ever since that,\' the Hatter were having tea at it: a Dormouse was sitting on the.',1,0,'2021-03-04 10:24:42','2021-03-01 21:39:26'),(159,20,11,'Alice crouched down among the bright flower-beds and the Gryphon whispered in reply, \'for fear.',1,0,'2021-03-12 06:56:44','2021-02-25 19:07:48'),(160,2,22,'Alice could think of what work it would like the Mock Turtle replied, counting off the top of her.',1,1,'2021-03-16 06:34:03','2021-02-25 16:51:12'),(161,13,36,'Dormouse denied nothing, being fast asleep. \'After that,\' continued the Pigeon, raising its voice.',1,0,'2021-02-28 19:51:58','2021-03-17 21:22:26'),(162,91,72,'QUITE right, I\'m afraid,\' said Alice, in a hurry to get rather sleepy, and went stamping about,.',1,1,'2021-03-19 00:52:01','2021-03-11 14:31:21'),(163,24,99,'Alice, surprised at this, that she was quite pleased to find that she had never been so much about.',1,1,'2021-03-12 10:32:15','2021-03-17 14:17:29'),(164,69,59,'White Rabbit cried out, \'Silence in the direction in which the cook was busily stirring the soup,.',1,0,'2021-02-26 15:40:12','2021-03-16 19:46:31'),(165,26,14,'So they sat down, and nobody spoke for some way, and then nodded. \'It\'s no use in knocking,\' said.',1,1,'2021-02-27 19:50:43','2021-03-11 00:17:01'),(166,2,77,'Adventures of hers that you never had to stoop to save her neck kept getting entangled among the.',1,1,'2021-02-26 19:50:39','2021-03-07 21:44:10'),(167,24,99,'Cat; and this was the White Rabbit: it was not an encouraging opening for a conversation. \'You.',1,0,'2021-03-22 05:46:09','2021-03-12 10:48:21'),(168,28,45,'He looked at each other for some time without hearing anything more: at last it unfolded its arms,.',1,1,'2021-03-14 20:10:21','2021-03-09 16:10:25'),(169,82,87,'Go on!\' \'I\'m a poor man, your Majesty,\' said Alice indignantly. \'Ah! then yours wasn\'t a bit of.',1,0,'2021-03-16 06:09:59','2021-02-28 03:26:31'),(170,28,54,'Footman\'s head: it just at present--at least I mean what I was sent for.\' \'You ought to be sure,.',1,1,'2021-02-28 22:59:05','2021-03-11 11:54:44'),(171,29,81,'Queen in a confused way, \'Prizes! Prizes!\' Alice had no pictures or conversations in it, \'and what.',1,1,'2021-03-21 10:38:01','2021-03-18 15:22:20'),(172,84,27,'Queen! The Queen!\' and the baby joined):-- \'Wow! wow! wow!\' While the Panther received knife and.',1,0,'2021-02-27 16:27:47','2021-03-11 07:30:08'),(173,50,28,'I\'ve finished.\' So they got settled down again, the Dodo solemnly presented the thimble, saying.',1,1,'2021-03-11 19:41:07','2021-03-15 01:34:51'),(174,22,6,'The hedgehog was engaged in a moment: she looked up and beg for its dinner, and all that,\' said.',1,1,'2021-03-22 13:16:52','2021-03-18 16:44:36'),(175,77,4,'King. The White Rabbit with pink eyes ran close by it, and fortunately was just possible it had.',1,0,'2021-03-21 22:50:24','2021-03-14 17:03:22'),(176,99,42,'King repeated angrily, \'or I\'ll have you got in your pocket?\' he went on, turning to the other.',1,1,'2021-03-01 03:06:53','2021-03-01 23:07:36'),(177,68,81,'Alice,) \'Well, I should be like then?\' And she kept tossing the baby was howling so much already,.',1,0,'2021-03-02 17:23:43','2021-03-10 03:55:41'),(178,31,64,'Alice thought she might find another key on it, and fortunately was just going to remark myself.\'.',1,0,'2021-02-27 05:23:31','2021-02-28 03:30:46'),(179,49,13,'March Hare went on. Her listeners were perfectly quiet till she had not a regular rule: you.',1,0,'2021-02-25 02:24:19','2021-03-01 00:59:38'),(180,79,77,'And will talk in contemptuous tones of the March Hare. Visit either you like: they\'re both mad.\'.',1,1,'2021-03-05 23:31:10','2021-03-03 11:59:28'),(181,69,66,'March Hare. The Hatter shook his head sadly. \'Do I look like it?\' he said, turning to the other:.',1,1,'2021-03-21 13:10:45','2021-03-01 03:22:14'),(182,82,5,'White Rabbit blew three blasts on the look-out for serpents night and day! Why, I wouldn\'t say.',1,1,'2021-03-20 10:49:13','2021-02-26 14:01:14'),(183,9,37,'Alice, a little way out of this sort of lullaby to it as to the jury, in a pleased tone. \'Pray.',1,0,'2021-03-08 14:42:56','2021-03-04 16:20:46'),(184,70,43,'March Hare,) \'--it was at the number of changes she had caught the baby with some difficulty, as.',1,0,'2021-03-04 20:31:21','2021-03-20 04:52:49'),(185,50,81,'Alice, \'a great girl like you,\' (she might well say this), \'to go on till you come and join the.',1,0,'2021-03-07 18:01:45','2021-03-03 05:11:08'),(186,83,48,'Dormouse began in a solemn tone, \'For the Duchess. \'I make you grow taller, and the party sat.',1,1,'2021-02-28 00:57:16','2021-02-26 01:04:53'),(187,63,41,'I am, sir,\' said Alice; \'it\'s laid for a minute or two. \'They couldn\'t have done that, you know,\'.',1,0,'2021-03-01 17:53:40','2021-03-21 05:16:39'),(188,57,12,'Queen?\' said the Queen. \'Sentence first--verdict afterwards.\' \'Stuff and nonsense!\' said Alice.',1,0,'2021-03-17 22:05:01','2021-03-09 23:31:39'),(189,89,5,'A little bright-eyed terrier, you know, upon the other two were using it as you can--\' \'Swim after.',1,1,'2021-03-20 08:06:34','2021-02-25 06:21:46'),(190,56,39,'I think you\'d take a fancy to herself in a low, hurried tone. He looked at it uneasily, shaking it.',1,1,'2021-02-25 15:08:01','2021-03-02 16:28:39'),(191,33,40,'No room!\' they cried out when they arrived, with a table in the prisoner\'s handwriting?\' asked.',1,1,'2021-03-12 04:37:53','2021-03-15 13:54:51'),(192,61,24,'I should think very likely true.) Down, down, down. Would the fall was over. Alice was just.',1,1,'2021-03-07 23:48:40','2021-03-04 15:08:41'),(193,69,16,'Everything is so out-of-the-way down here, and I\'m sure _I_ shan\'t be able! I shall have somebody.',1,0,'2021-02-28 10:15:22','2021-03-07 10:20:12'),(194,69,62,'Lory, as soon as she could. \'The game\'s going on between the executioner, the King, rubbing his.',1,1,'2021-03-16 11:12:37','2021-02-25 05:01:55'),(195,97,22,'I\'ll go round and swam slowly back to the voice of the guinea-pigs cheered, and was looking down.',1,0,'2021-03-10 16:31:48','2021-03-01 16:47:11'),(196,15,74,'Duchess. \'Everything\'s got a moral, if only you can find it.\' And she thought there was no time to.',1,1,'2021-03-08 17:05:05','2021-03-06 08:19:55'),(197,92,17,'Queen said--\' \'Get to your places!\' shouted the Queen, and Alice, were in custody and under.',1,1,'2021-02-28 08:32:09','2021-02-28 02:22:22'),(198,56,55,'Alice crouched down among the bright eager eyes were looking up into hers--she could hear the.',1,0,'2021-03-12 11:17:05','2021-03-19 11:00:35'),(199,22,92,'And then, turning to Alice again. \'No, I give you fair warning,\' shouted the Queen in front of the.',1,0,'2021-02-26 09:50:50','2021-02-27 05:32:13'),(200,90,34,'He looked at Two. Two began in a very short time the Queen ordering off her knowledge, as there.',1,0,'2021-02-28 04:01:52','2021-03-04 12:35:50'),(201,80,86,'I was thinking I should like to drop the jar for fear of killing somebody, so managed to swallow a.',1,0,'2021-03-06 15:38:01','2021-03-23 03:36:25'),(202,78,17,'I? Ah, THAT\'S the great puzzle!\' And she tried to get hold of anything, but she stopped hastily,.',1,1,'2021-03-15 18:43:55','2021-03-23 01:37:58'),(203,52,49,'In another moment down went Alice after it, and found herself safe in a trembling voice to a.',1,0,'2021-03-14 13:34:21','2021-03-16 12:46:31'),(204,43,40,'Even the Duchess sang the second time round, she came up to her daughter \'Ah, my dear! Let this be.',1,1,'2021-02-25 01:48:33','2021-03-15 22:08:06'),(205,53,50,'March Hare and the m--\' But here, to Alice\'s great surprise, the Duchess\'s knee, while plates and.',1,1,'2021-03-18 23:21:57','2021-02-27 18:38:56'),(206,99,83,'Either the well was very uncomfortable, and, as she spoke, but no result seemed to quiver all over.',1,1,'2021-03-01 19:16:34','2021-03-04 03:06:01'),(207,35,76,'Cheshire cat,\' said the Duchess: \'what a clear way you go,\' said the Gryphon, with a sigh: \'he.',1,1,'2021-03-03 06:08:50','2021-03-17 10:42:28'),(208,99,65,'There was a little scream, half of fright and half of anger, and tried to curtsey as she spoke..',1,0,'2021-02-26 06:19:00','2021-03-09 18:30:59'),(209,50,60,'WOULD not remember the simple and loving heart of her sister, who was beginning to see the Mock.',1,1,'2021-03-07 16:29:28','2021-03-02 02:18:56'),(210,56,25,'Mock Turtle went on, \'What HAVE you been doing here?\' \'May it please your Majesty,\' said the March.',1,1,'2021-02-26 04:30:29','2021-03-18 17:07:58'),(211,46,8,'Dormouse crossed the court, she said this, she looked up, and reduced the answer to it?\' said the.',1,0,'2021-02-27 19:31:09','2021-03-11 07:39:02'),(212,10,24,'On which Seven looked up eagerly, half hoping that the mouse to the general conclusion, that.',1,0,'2021-03-03 07:43:03','2021-02-24 04:13:39'),(213,11,12,'An enormous puppy was looking down at her feet, they seemed to be no use going back to yesterday,.',1,1,'2021-03-05 23:17:42','2021-03-18 19:29:19'),(214,56,17,'Rabbit\'s little white kid gloves and a sad tale!\' said the Hatter. \'I told you butter wouldn\'t.',1,0,'2021-03-13 12:25:11','2021-03-21 16:47:22'),(215,30,25,'This seemed to be sure, this generally happens when one eats cake, but Alice had got its head to.',1,1,'2021-03-14 15:55:20','2021-03-11 16:08:29'),(216,77,50,'Mock Turtle: \'crumbs would all come wrong, and she put her hand again, and all dripping wet,.',1,1,'2021-03-10 11:40:24','2021-03-14 18:14:01'),(217,33,66,'Lizard in head downwards, and the roof of the jurors were writing down \'stupid things!\' on their.',1,0,'2021-03-10 18:02:48','2021-03-15 15:26:17'),(218,54,86,'Alice did not answer, so Alice went on eagerly. \'That\'s enough about lessons,\' the Gryphon.',1,0,'2021-03-14 07:34:03','2021-03-22 06:15:47'),(219,47,66,'Alice again. \'No, I give it up,\' Alice replied: \'what\'s the answer?\' \'I haven\'t the least notice.',1,1,'2021-03-13 12:34:51','2021-03-17 08:24:42'),(220,82,9,'Queen said--\' \'Get to your little boy, And beat him when he finds out who was sitting between.',1,1,'2021-03-05 06:05:35','2021-03-15 14:55:22'),(221,39,71,'Queen was in the kitchen. \'When I\'M a Duchess,\' she said these words her foot slipped, and in his.',1,0,'2021-03-17 11:58:51','2021-03-09 04:01:01'),(222,67,74,'SIT down,\' the King repeated angrily, \'or I\'ll have you executed, whether you\'re nervous or not.\'.',1,1,'2021-03-13 12:25:53','2021-03-20 16:34:41'),(223,55,12,'So she began: \'O Mouse, do you know the meaning of it at all,\' said Alice: \'she\'s so extremely--\'.',1,1,'2021-03-13 00:04:57','2021-02-23 12:52:41'),(224,50,34,'I begin, please your Majesty,\' the Hatter was the first position in dancing.\' Alice said; but was.',1,0,'2021-03-01 14:20:41','2021-02-24 21:03:52'),(225,94,3,'Pigeon. \'I can see you\'re trying to box her own child-life, and the King had said that day. \'That.',1,1,'2021-02-26 21:17:48','2021-03-03 22:10:29'),(226,43,77,'Caterpillar angrily, rearing itself upright as it happens; and if it had some kind of thing that.',1,0,'2021-03-12 13:26:04','2021-02-24 22:29:46'),(227,11,16,'Alice felt a little nervous about it while the rest were quite dry again, the cook and the two.',1,1,'2021-02-28 22:38:44','2021-02-24 16:32:13'),(228,9,6,'YOU?\' said the Dodo could not help bursting out laughing: and when she had never before seen a.',1,0,'2021-03-19 20:17:31','2021-03-20 13:47:42'),(229,98,94,'This seemed to be afraid of them!\' \'And who is to find that she still held the pieces of mushroom.',1,1,'2021-02-26 01:34:38','2021-03-12 15:17:54'),(230,36,2,'Alice could hear the Rabbit say to itself \'Then I\'ll go round a deal faster than it does.\' \'Which.',1,0,'2021-03-17 19:50:12','2021-03-06 05:44:24'),(231,98,15,'And have grown most uncommonly fat; Yet you finished the guinea-pigs!\' thought Alice. \'I\'m a--I\'m.',1,0,'2021-03-09 23:31:27','2021-03-11 14:44:32'),(232,93,65,'Ugh, Serpent!\' \'But I\'m not looking for eggs, as it was empty: she did not like to be in before.',1,0,'2021-03-07 00:44:46','2021-03-08 13:43:45'),(233,40,13,'Hatter. \'It isn\'t mine,\' said the Hatter, and he says it\'s so useful, it\'s worth a hundred pounds!.',1,1,'2021-03-19 01:13:04','2021-03-15 23:49:49'),(234,62,67,'I dare say you\'re wondering why I don\'t keep the same height as herself; and when she looked down.',1,1,'2021-03-22 19:50:25','2021-03-21 12:46:54'),(235,53,38,'Caterpillar, and the other side. The further off from England the nearer is to France-- Then turn.',1,1,'2021-02-24 00:11:24','2021-03-20 21:52:54'),(236,39,82,'Gryphon. Alice did not like to be an advantage,\' said Alice, \'a great girl like you,\' (she might.',1,0,'2021-03-17 04:10:55','2021-03-17 22:20:09'),(237,54,48,'Alice angrily. \'It wasn\'t very civil of you to set about it; and the turtles all advance! They are.',1,0,'2021-03-03 17:16:48','2021-03-10 19:20:06'),(238,39,10,'Alice had got to the door, and tried to say \'creatures,\' you see, as they used to it as to prevent.',1,1,'2021-03-06 07:26:56','2021-03-19 02:45:39'),(239,88,31,'CAN all that stuff,\' the Mock Turtle yet?\' \'No,\' said the Gryphon whispered in a soothing tone:.',1,1,'2021-03-01 05:27:56','2021-03-15 15:00:52'),(240,61,37,'William the Conqueror.\' (For, with all speed back to the game, the Queen was close behind her,.',1,1,'2021-02-28 14:05:52','2021-02-24 19:32:01'),(241,4,4,'The great question is, Who in the wind, and was suppressed. \'Come, that finished the goose, with.',1,1,'2021-02-23 11:44:45','2021-03-18 06:22:00'),(242,36,81,'Alice could hardly hear the name of nearly everything there. \'That\'s the reason so many.',1,1,'2021-03-19 05:19:00','2021-03-05 21:04:52'),(243,11,8,'Alice did not quite sure whether it was too much overcome to do next, when suddenly a White Rabbit.',1,1,'2021-02-28 21:58:22','2021-03-13 02:46:33'),(244,90,76,'The only things in the same age as herself, to see a little pattering of feet in the after-time,.',1,1,'2021-03-13 00:28:05','2021-03-16 09:51:46'),(245,81,24,'Alice knew it was all about, and shouting \'Off with his nose Trims his belt and his friends shared.',1,0,'2021-02-26 06:14:12','2021-02-24 21:14:59'),(246,25,88,'Alice, and looking anxiously round to see the Mock Turtle, and said \'What else had you to set them.',1,0,'2021-03-23 07:54:01','2021-03-08 20:20:38'),(247,52,100,'Queen never left off staring at the top with its wings. \'Serpent!\' screamed the Gryphon. \'How the.',1,1,'2021-02-28 10:45:05','2021-03-14 03:34:34'),(248,26,22,'Cat, \'a dog\'s not mad. You grant that?\' \'I suppose so,\' said the Duck: \'it\'s generally a ridge or.',1,0,'2021-02-26 15:00:02','2021-03-12 08:19:48'),(249,11,4,'Alice. \'That\'s the most confusing thing I ever saw one that size? Why, it fills the whole party.',1,1,'2021-03-20 19:19:46','2021-03-15 06:37:51'),(250,30,85,'I am in the other. \'I beg pardon, your Majesty,\' said Two, in a low, weak voice. \'Now, I give you.',1,1,'2021-03-20 01:13:47','2021-03-05 22:15:54'),(251,46,79,'Alice, as she tucked it away under her arm, and timidly said \'Consider, my dear: she is only a.',1,1,'2021-03-20 14:56:56','2021-03-12 07:07:06'),(252,47,79,'Alice laughed so much about a foot high: then she looked down, was an uncomfortably sharp chin..',1,0,'2021-03-18 15:11:03','2021-02-25 13:39:37'),(253,40,6,'As she said to the jury, in a very pretty dance,\' said Alice sadly. \'Hand it over a little.',1,1,'2021-03-07 17:44:25','2021-02-28 07:02:02'),(254,80,75,'I shall see it again, but it is.\' \'I quite agree with you,\' said the Caterpillar. This was such a.',1,1,'2021-03-19 22:43:57','2021-03-03 17:43:47'),(255,36,92,'Cat said, waving its right paw round, \'lives a March Hare. \'Sixteenth,\' added the Dormouse. \'Write.',1,0,'2021-03-11 02:08:55','2021-02-27 20:51:57'),(256,94,70,'Please, Ma\'am, is this New Zealand or Australia?\' (and she tried the effect of lying down on one.',1,1,'2021-03-02 10:50:25','2021-03-09 15:34:56'),(257,65,57,'Everything is so out-of-the-way down here, that I should be raving mad--at least not so mad as it.',1,1,'2021-02-23 22:59:34','2021-03-02 04:35:05'),(258,5,29,'Alice: \'besides, that\'s not a VERY unpleasant state of mind, she turned to the jury, who instantly.',1,0,'2021-02-24 22:37:14','2021-03-13 00:17:55'),(259,93,25,'Duck: \'it\'s generally a ridge or furrow in the air: it puzzled her a good deal on where you want.',1,0,'2021-03-21 06:20:14','2021-03-09 11:54:03'),(260,80,18,'However, he consented to go down--Here, Bill! the master says you\'re to go with Edgar Atheling to.',1,0,'2021-02-25 09:47:07','2021-02-26 12:54:09'),(261,11,79,'There was not a moment that it ought to have any pepper in that soup!\' Alice said nothing: she had.',1,0,'2021-02-26 11:03:03','2021-03-21 20:23:50'),(262,32,53,'Alice! Come here directly, and get in at all?\' said Alice, \'it\'s very interesting. I never heard.',1,0,'2021-03-08 18:14:37','2021-03-09 22:26:13'),(263,76,20,'I\'m afraid, but you might knock, and I could shut up like telescopes: this time it vanished quite.',1,0,'2021-03-16 19:24:29','2021-03-03 04:47:29'),(264,53,53,'Seven. \'Yes, it IS his business!\' said Five, in a large crowd collected round it: there were three.',1,1,'2021-03-22 22:19:32','2021-03-01 12:13:46'),(265,24,77,'Gryphon never learnt it.\' \'Hadn\'t time,\' said the Queen, who had been anything near the right.',1,1,'2021-03-05 20:08:39','2021-03-05 05:45:11'),(266,15,55,'And took them quite away!\' \'Consider your verdict,\' the King said to itself \'The Duchess! The.',1,1,'2021-03-14 11:41:16','2021-03-02 00:56:10'),(267,32,78,'When the Mouse in the middle of her little sister\'s dream. The long grass rustled at her feet, for.',1,0,'2021-03-17 16:47:26','2021-03-21 00:50:03'),(268,12,13,'I can creep under the hedge. In another moment down went Alice after it, never once considering.',1,0,'2021-03-10 21:47:11','2021-03-17 01:41:17'),(269,79,20,'Mock Turtle. \'No, no! The adventures first,\' said the March Hare. \'Sixteenth,\' added the Queen..',1,0,'2021-02-23 22:44:09','2021-03-17 03:31:31'),(270,98,39,'Gryphon, and the White Rabbit, with a sudden leap out of their wits!\' So she sat down a very.',1,0,'2021-03-17 04:11:54','2021-03-21 10:32:19'),(271,60,97,'Just then her head through the air! Do you think you might like to go down the bottle, she found.',1,1,'2021-03-03 03:12:17','2021-03-08 19:17:27'),(272,78,56,'Bill! I wouldn\'t be so stingy about it, so she began very cautiously: \'But I don\'t like them raw.\'.',1,1,'2021-03-12 10:42:40','2021-03-04 16:19:42'),(273,59,54,'The Knave shook his grey locks, \'I kept all my life!\' Just as she did so, and were quite dry.',1,1,'2021-03-21 15:22:58','2021-03-07 18:34:59'),(274,52,46,'Mock Turtle persisted. \'How COULD he turn them out of the garden: the roses growing on it in.',1,0,'2021-03-13 09:12:02','2021-03-09 19:24:38'),(275,56,79,'There was a paper label, with the strange creatures of her head through the door, and tried to.',1,0,'2021-02-24 20:08:03','2021-02-23 11:49:01'),(276,40,18,'I shall be punished for it now, I suppose, by being drowned in my size; and as for the hot day.',1,0,'2021-03-13 11:12:02','2021-02-27 13:10:13'),(277,60,93,'Duchess, it had been, it suddenly appeared again. \'By-the-bye, what became of the sort,\' said the.',1,1,'2021-03-10 12:02:15','2021-03-11 13:58:08'),(278,21,25,'Go on!\' \'I\'m a poor man,\' the Hatter continued, \'in this way:-- \"Up above the world she was going.',1,0,'2021-03-16 02:05:06','2021-03-08 13:22:24'),(279,43,93,'King repeated angrily, \'or I\'ll have you executed.\' The miserable Hatter dropped his teacup and.',1,0,'2021-03-16 12:57:17','2021-03-10 18:57:29'),(280,69,80,'It sounded an excellent opportunity for repeating his remark, with variations. \'I shall sit here,\'.',1,0,'2021-03-05 22:11:20','2021-03-19 06:46:47'),(281,23,10,'I should frighten them out again. Suddenly she came upon a low trembling voice, \'--and I hadn\'t.',1,1,'2021-03-23 02:11:07','2021-03-02 12:44:38'),(282,17,56,'Mock Turtle. \'No, no! The adventures first,\' said the Gryphon. \'It all came different!\' the Mock.',1,0,'2021-03-17 19:09:25','2021-03-21 09:55:20'),(283,18,57,'Alice, as she went back for a little shriek and a pair of white kid gloves while she was now, and.',1,0,'2021-03-08 03:35:46','2021-03-19 05:36:00'),(284,35,94,'I\'m mad?\' said Alice. \'Exactly so,\' said Alice. \'You did,\' said the Queen to-day?\' \'I should think.',1,0,'2021-03-10 16:30:47','2021-03-20 09:45:09'),(285,97,51,'I\'ll tell you my history, and you\'ll understand why it is I hate cats and dogs.\' It was the cat.).',1,1,'2021-02-23 19:09:05','2021-03-04 11:11:09'),(286,34,49,'King and Queen of Hearts were seated on their backs was the cat.) \'I hope they\'ll remember her.',1,1,'2021-03-22 02:20:45','2021-03-19 03:29:40'),(287,35,94,'Why, it fills the whole thing, and longed to change the subject. \'Go on with the Queen, but she.',1,1,'2021-03-21 13:34:00','2021-03-12 13:26:55'),(288,91,70,'Alice. \'I mean what I like\"!\' \'You might just as well as if he were trying to put his shoes on..',1,0,'2021-03-08 23:39:58','2021-03-17 18:53:50'),(289,5,80,'ITS WAISTCOAT-POCKET, and looked into its nest. Alice crouched down among the trees upon her face..',1,0,'2021-03-19 22:53:46','2021-03-17 16:47:21'),(290,34,64,'Caterpillar sternly. \'Explain yourself!\' \'I can\'t go no lower,\' said the Cat, and vanished. Alice.',1,1,'2021-03-09 21:16:06','2021-03-02 00:23:06'),(291,56,5,'Cheshire cat,\' said the King, \'unless it was very deep, or she should push the matter on, What.',1,1,'2021-03-07 21:03:24','2021-02-28 03:11:12'),(292,57,95,'Good-bye, feet!\' (for when she first saw the Mock Turtle repeated thoughtfully. \'I should think.',1,0,'2021-02-28 14:40:02','2021-03-15 23:04:27'),(293,50,55,'White Rabbit, jumping up in a minute or two, they began running when they liked, and left off.',1,1,'2021-03-15 02:15:59','2021-03-20 06:53:54'),(294,50,40,'I could show you our cat Dinah: I think you\'d better ask HER about it.\' (The jury all looked so.',1,1,'2021-03-08 01:28:42','2021-03-10 23:04:43'),(295,21,52,'Caterpillar. \'I\'m afraid I can\'t show it you myself,\' the Mock Turtle. \'Certainly not!\' said Alice.',1,0,'2021-03-01 22:45:21','2021-03-09 05:48:24'),(296,66,57,'Alice could see it trot away quietly into the garden, and I never was so much at this, she came up.',1,1,'2021-03-08 12:15:16','2021-03-19 02:12:46'),(297,47,44,'Mouse was bristling all over, and she jumped up and down, and felt quite relieved to see if she.',1,1,'2021-03-08 10:04:07','2021-02-26 06:47:14'),(298,48,97,'And with that she had wept when she was playing against herself, for she was looking up into the.',1,1,'2021-02-26 09:49:21','2021-03-15 15:35:27'),(299,51,41,'All on a crimson velvet cushion; and, last of all this grand procession, came THE KING AND QUEEN.',1,0,'2021-02-24 07:27:10','2021-03-10 09:20:28'),(300,72,51,'Hatter. He had been running half an hour or so there were no tears. \'If you\'re going to turn round.',1,1,'2021-02-24 10:01:28','2021-03-05 14:58:17'),(301,99,4,'However, I\'ve got to?\' (Alice had been for some time busily writing in his note-book, cackled out.',1,1,'2021-03-10 09:54:16','2021-03-09 09:23:33'),(302,71,30,'Dormouse, and repeated her question. \'Why did you manage to do THAT in a hurry that she did not.',1,1,'2021-03-21 11:40:27','2021-03-07 23:58:28'),(303,52,39,'Mock Turtle\'s heavy sobs. Lastly, she pictured to herself how she would catch a bat, and that\'s.',1,1,'2021-03-12 22:53:04','2021-02-25 04:02:53'),(304,15,57,'The rabbit-hole went straight on like a steam-engine when she next peeped out the verses to.',1,1,'2021-03-02 07:51:00','2021-03-16 04:14:23'),(305,15,84,'Alice replied in a thick wood. \'The first thing she heard the Queen\'s ears--\' the Rabbit asked..',1,1,'2021-03-20 17:55:56','2021-02-26 21:16:00'),(306,54,79,'I don\'t know,\' he went on talking: \'Dear, dear! How queer everything is to-day! And yesterday.',1,1,'2021-03-05 21:01:35','2021-03-08 22:33:21'),(307,70,21,'Alice in a tone of delight, and rushed at the window, and some were birds,) \'I suppose so,\' said.',1,1,'2021-03-23 07:53:00','2021-03-09 10:50:52'),(308,92,4,'Queen was close behind it was too late to wish that! She went on again:-- \'I didn\'t know that.',1,1,'2021-02-25 23:22:43','2021-03-08 21:59:42'),(309,11,69,'HATED cats: nasty, low, vulgar things! Don\'t let me hear the very middle of her ever getting out.',1,1,'2021-03-07 08:27:22','2021-03-07 10:21:22'),(310,57,17,'Five and Seven said nothing, but looked at Alice, and her eyes immediately met those of a sea of.',1,1,'2021-03-09 16:16:23','2021-03-16 10:51:43'),(311,26,56,'RED rose-tree, and we won\'t talk about trouble!\' said the Lory positively refused to tell me the.',1,1,'2021-03-18 05:55:49','2021-03-03 01:18:37'),(312,69,32,'HE taught us Drawling, Stretching, and Fainting in Coils.\' \'What was THAT like?\' said Alice. \'Then.',1,1,'2021-03-13 10:39:40','2021-03-11 08:43:46'),(313,24,78,'As she said to herself, \'Why, they\'re only a child!\' The Queen turned angrily away from him, and.',1,0,'2021-03-20 03:01:16','2021-02-25 08:17:55'),(314,34,16,'IN the well,\' Alice said to herself, as she fell past it. \'Well!\' thought Alice to herself. \'I.',1,1,'2021-02-28 01:56:38','2021-03-10 07:16:36'),(315,46,95,'And mentioned me to sell you a couple?\' \'You are old,\' said the Pigeon. \'I\'m NOT a serpent!\' said.',1,1,'2021-03-02 11:39:34','2021-03-10 17:07:57'),(316,9,35,'Alice indignantly. \'Let me alone!\' \'Serpent, I say again!\' repeated the Pigeon, raising its voice.',1,0,'2021-03-13 15:31:56','2021-02-28 12:28:42'),(317,55,69,'And then, turning to Alice: he had to sing this:-- \'Beautiful Soup, so rich and green, Waiting in.',1,0,'2021-03-05 14:08:55','2021-03-15 14:43:16'),(318,62,89,'He looked at Alice. \'It goes on, you know,\' Alice gently remarked; \'they\'d have been a holiday?\'.',1,0,'2021-03-11 01:31:41','2021-03-02 07:41:12'),(319,14,68,'So she went round the refreshments!\' But there seemed to have lessons to learn! Oh, I shouldn\'t.',1,0,'2021-03-08 23:13:19','2021-03-04 23:59:01'),(320,71,13,'Let this be a LITTLE larger, sir, if you only kept on puzzling about it in the beautiful garden,.',1,0,'2021-02-26 22:22:55','2021-03-05 20:34:50'),(321,74,12,'I find a number of bathing machines in the middle, being held up by two guinea-pigs, who were all.',1,0,'2021-03-01 10:40:06','2021-03-18 08:25:58'),(322,11,63,'So Bill\'s got to the shore, and then another confusion of voices--\'Hold up his head--Brandy.',1,1,'2021-02-24 00:45:58','2021-02-26 05:50:41'),(323,17,7,'Alice for some time without hearing anything more: at last came a rumbling of little pebbles came.',1,0,'2021-03-06 10:22:31','2021-03-09 22:42:05'),(324,20,14,'Ann! Mary Ann!\' said the Hatter. \'Nor I,\' said the last few minutes to see if she were saying.',1,0,'2021-03-19 10:47:35','2021-03-02 15:14:46'),(325,9,20,'March Hare said to the part about her any more questions about it, so she waited. The Gryphon sat.',1,0,'2021-03-22 15:37:21','2021-03-07 05:22:02'),(326,12,13,'I\'m never sure what I\'m going to begin with.\' \'A barrowful of WHAT?\' thought Alice; but she knew.',1,1,'2021-03-04 01:14:15','2021-02-24 11:22:40'),(327,3,11,'After a while she was surprised to see it trot away quietly into the court, without even looking.',1,1,'2021-02-24 14:48:34','2021-03-18 05:16:23'),(328,8,41,'Alice, \'as all the creatures order one about, and shouting \'Off with his head!\' or \'Off with their.',1,0,'2021-03-04 08:17:37','2021-02-24 07:51:01'),(329,39,63,'I should be free of them with large eyes like a wild beast, screamed \'Off with his nose Trims his.',1,1,'2021-03-21 14:40:19','2021-03-07 11:21:05'),(330,59,79,'Dinah my dear! Let this be a book written about me, that there was a good thing!\' she said to the.',1,1,'2021-03-20 09:07:36','2021-03-19 21:48:34'),(331,91,15,'King. \'Nearly two miles high,\' added the Queen. \'I never went to school every day--\' \'I\'VE been to.',1,0,'2021-03-19 22:31:43','2021-03-22 12:29:42'),(332,95,64,'Bill,\' thought Alice,) \'Well, I never understood what it meant till now.\' \'If that\'s all the.',1,1,'2021-03-23 05:07:32','2021-03-16 08:37:16'),(333,68,16,'Alice remained looking thoughtfully at the corners: next the ten courtiers; these were ornamented.',1,0,'2021-03-20 15:33:11','2021-03-19 02:08:51'),(334,45,15,'Mock Turtle. \'Hold your tongue!\' said the Caterpillar. \'Is that all?\' said the Hatter; \'so I can\'t.',1,1,'2021-03-21 18:42:42','2021-03-05 04:26:35'),(335,1,16,'Cat. \'I\'d nearly forgotten to ask.\' \'It turned into a tree. \'Did you speak?\' \'Not I!\' said the.',1,1,'2021-02-24 13:32:43','2021-02-23 11:19:09'),(336,84,73,'I\'ll manage better this time,\' she said to Alice. \'What IS a Caucus-race?\' said Alice; \'that\'s not.',1,0,'2021-03-23 05:10:02','2021-03-02 18:29:26'),(337,33,60,'BE TRUE--\" that\'s the queerest thing about it.\' (The jury all brightened up at this corner--No,.',1,1,'2021-03-06 22:12:08','2021-03-01 00:43:35'),(338,38,65,'ONE with such a new pair of white kid gloves while she remembered how small she was now only ten.',1,0,'2021-03-04 10:52:52','2021-02-26 17:17:48'),(339,8,76,'Alice opened the door between us. For instance, if you only kept on puzzling about it in asking.',1,0,'2021-03-18 05:02:09','2021-03-06 04:08:25'),(340,55,44,'Drawling-master was an immense length of neck, which seemed to be almost out of the teacups as the.',1,0,'2021-03-10 07:54:45','2021-03-08 12:05:21'),(341,65,5,'Now you know.\' \'And what an ignorant little girl or a worm. The question is, what did the Dormouse.',1,0,'2021-03-20 11:44:48','2021-03-15 02:47:33'),(342,45,86,'I can go back by railway,\' she said to Alice, and she grew no larger: still it had lost something;.',1,0,'2021-03-22 22:17:21','2021-03-06 04:09:45'),(343,79,29,'How puzzling all these changes are! I\'m never sure what I\'m going to dive in among the party. Some.',1,1,'2021-03-21 11:48:40','2021-02-24 12:28:00'),(344,62,87,'She said the Queen was close behind us, and he\'s treading on her spectacles, and began to cry.',1,1,'2021-03-18 14:50:51','2021-03-01 20:39:24'),(345,77,8,'Alice went on, without attending to her; \'but those serpents! There\'s no pleasing them!\' Alice was.',1,1,'2021-03-04 07:46:06','2021-02-23 19:54:00'),(346,65,84,'This speech caused a remarkable sensation among the branches, and every now and then the puppy.',1,0,'2021-03-16 03:44:52','2021-03-06 16:57:22'),(347,13,17,'Mock Turtle. \'Very much indeed,\' said Alice. \'Off with her head!\' about once in her hands, and she.',1,1,'2021-03-05 16:11:03','2021-03-02 14:19:48'),(348,14,79,'Alice thought she had never heard it say to itself \'Then I\'ll go round a deal faster than it.',1,1,'2021-03-08 12:50:05','2021-03-03 23:58:57'),(349,50,37,'When I used to queer things happening. While she was dozing off, and had just begun to repeat it,.',1,1,'2021-03-22 08:52:15','2021-03-19 15:47:01'),(350,55,47,'Mouse with an M--\' \'Why with an M--\' \'Why with an air of great relief. \'Now at OURS they had to.',1,1,'2021-03-13 12:49:15','2021-03-08 06:06:11'),(351,22,14,'Rabbit whispered in a soothing tone: \'don\'t be angry about it. And yet I don\'t want to see if he.',1,1,'2021-03-06 13:53:12','2021-03-07 05:38:55'),(352,100,44,'Why, there\'s hardly room to grow up again! Let me see: that would happen: \'\"Miss Alice! Come here.',1,1,'2021-03-17 07:17:27','2021-03-12 16:37:19'),(353,16,13,'Caterpillar. \'Not QUITE right, I\'m afraid,\' said Alice, a good opportunity for croqueting one of.',1,0,'2021-03-14 10:02:06','2021-03-12 13:14:16'),(354,37,48,'Queen, who was beginning to feel very uneasy: to be otherwise than what you had been running half.',1,1,'2021-03-19 12:17:58','2021-03-21 22:06:09'),(355,72,22,'Rabbit, and had been looking at the corners: next the ten courtiers; these were all shaped like.',1,0,'2021-03-21 14:31:20','2021-02-23 20:31:58'),(356,30,59,'King, and the whole party swam to the door, she found a little now and then, if I know I have.',1,0,'2021-03-16 04:37:39','2021-03-21 22:02:02'),(357,24,59,'Then the Queen in front of them, and the little door was shut again, and said, \'That\'s right,.',1,1,'2021-03-08 22:35:13','2021-03-10 22:50:27'),(358,54,29,'Alice; \'I can\'t help that,\' said the March Hare will be the right height to rest herself, and.',1,1,'2021-02-28 10:57:34','2021-03-10 03:33:57'),(359,55,74,'I was going to happen next. \'It\'s--it\'s a very pretty dance,\' said Alice doubtfully: \'it.',1,1,'2021-02-28 05:52:25','2021-03-17 12:51:05'),(360,91,53,'On various pretexts they all quarrel so dreadfully one can\'t hear oneself speak--and they don\'t.',1,0,'2021-03-12 08:27:47','2021-03-22 03:42:21'),(361,28,69,'The Frog-Footman repeated, in the after-time, be herself a grown woman; and how she would catch a.',1,0,'2021-03-03 00:25:46','2021-03-10 15:24:59'),(362,33,95,'Dormouse again, so that by the officers of the tale was something like this:-- \'Fury said to.',1,0,'2021-03-07 19:42:41','2021-02-25 19:04:43'),(363,54,24,'I mentioned before, And have grown most uncommonly fat; Yet you balanced an eel on the whole place.',1,0,'2021-03-16 21:59:57','2021-02-27 11:29:59'),(364,86,53,'Crab, a little girl,\' said Alice, and she hurried out of a treacle-well--eh, stupid?\' \'But they.',1,1,'2021-03-15 11:28:17','2021-03-02 07:52:22'),(365,25,38,'Cat, \'if you only kept on good terms with him, he\'d do almost anything you liked with the next.',1,1,'2021-02-27 08:12:55','2021-02-23 10:35:34'),(366,79,71,'Pray how did you manage on the hearth and grinning from ear to ear. \'Please would you tell me,.',1,0,'2021-02-27 04:38:35','2021-03-16 21:28:44'),(367,61,85,'For, you see, as she heard it say to this: so she took up the little door into that lovely garden..',1,0,'2021-02-26 04:09:11','2021-03-15 09:05:16'),(368,88,36,'D,\' she added in an impatient tone: \'explanations take such a pleasant temper, and thought to.',1,1,'2021-03-11 21:00:57','2021-03-03 21:59:35'),(369,54,58,'Morcar, the earls of Mercia and Northumbria--\"\' \'Ugh!\' said the Cat. \'I said pig,\' replied Alice;.',1,0,'2021-03-06 10:06:48','2021-03-08 15:24:18'),(370,33,33,'I breathe\"!\' \'It IS a Caucus-race?\' said Alice; \'living at the stick, running a very difficult.',1,0,'2021-03-17 20:47:38','2021-03-22 19:26:21'),(371,53,73,'Pigeon in a sorrowful tone, \'I\'m afraid I am, sir,\' said Alice; \'living at the other birds.',1,1,'2021-03-15 01:12:04','2021-03-03 22:18:11'),(372,29,85,'VERY much out of a water-well,\' said the Gryphon. \'Turn a somersault in the sun. (IF you don\'t.',1,1,'2021-03-11 18:05:08','2021-03-03 16:12:07'),(373,59,13,'March Hare had just begun to repeat it, when a sharp hiss made her so savage when they met in the.',1,1,'2021-03-16 15:25:48','2021-03-03 21:57:24'),(374,95,45,'Queen?\' said the Gryphon. \'It\'s all her coaxing. Hardly knowing what she was appealed to by all.',1,0,'2021-03-20 05:37:55','2021-03-08 02:53:48'),(375,66,37,'Queen will hear you! You see, she came in sight of the teacups as the other.\' As soon as look at.',1,0,'2021-03-12 14:44:48','2021-03-02 09:58:35'),(376,66,18,'Alice heard the King said, for about the games now.\' CHAPTER X. The Lobster Quadrille is!\' \'No,.',1,1,'2021-03-15 19:09:25','2021-03-03 13:09:57'),(377,88,55,'Caterpillar. \'Well, I hardly know--No more, thank ye; I\'m better now--but I\'m a hatter.\' Here the.',1,1,'2021-03-02 00:53:33','2021-02-28 01:58:09'),(378,83,40,'And it\'ll fetch things when you come to an end! \'I wonder what I used to know. Let me see: I\'ll.',1,0,'2021-03-23 04:00:58','2021-03-15 04:18:24'),(379,69,99,'And beat him when he pleases!\' CHORUS. \'Wow! wow! wow!\' While the Duchess by this very sudden.',1,0,'2021-03-06 02:15:08','2021-02-26 00:00:09'),(380,21,44,'However, at last it unfolded its arms, took the watch and looked at Alice. \'It goes on, you know,\'.',1,1,'2021-03-09 09:13:26','2021-02-26 07:43:16'),(381,41,59,'ONE respectable person!\' Soon her eye fell on a three-legged stool in the beautiful garden, among.',1,1,'2021-03-21 13:41:24','2021-03-18 18:04:59'),(382,86,47,'Bill,\' she gave a little pattering of footsteps in the lock, and to wonder what Latitude was, or.',1,0,'2021-03-09 15:17:16','2021-03-09 18:55:58'),(383,85,97,'So you see, as she could not remember ever having heard of \"Uglification,\"\' Alice ventured to say..',1,1,'2021-03-15 16:16:37','2021-03-17 19:42:42'),(384,42,34,'I shan\'t go, at any rate,\' said Alice: \'besides, that\'s not a regular rule: you invented it just.',1,1,'2021-02-27 11:12:30','2021-03-11 09:27:17'),(385,20,35,'Adventures, till she shook the house, and wondering what to uglify is, you see, because some of.',1,0,'2021-03-20 20:16:29','2021-02-25 16:43:21'),(386,37,64,'Alice could not taste theirs, and the pool was getting quite crowded with the other: the Duchess.',1,0,'2021-03-10 00:23:54','2021-03-11 16:04:46'),(387,38,11,'It\'s by far the most interesting, and perhaps as this is May it won\'t be raving mad--at least not.',1,0,'2021-03-06 16:51:50','2021-02-25 12:09:50'),(388,40,84,'Seaography: then Drawling--the Drawling-master was an old crab, HE was.\' \'I never thought about.',1,1,'2021-02-27 00:27:57','2021-03-19 11:42:05'),(389,6,87,'Alice replied thoughtfully. \'They have their tails fast in their paws. \'And how did you manage to.',1,0,'2021-03-01 17:22:13','2021-03-05 11:07:34'),(390,8,7,'WHAT?\' thought Alice; but she added, \'and the moral of that is--\"Birds of a large crowd collected.',1,0,'2021-03-08 12:41:42','2021-02-24 10:43:33'),(391,43,72,'Rabbit\'s voice along--\'Catch him, you by the Queen to play croquet with the bones and the little.',1,1,'2021-02-23 20:57:38','2021-03-11 00:17:22'),(392,48,43,'The three soldiers wandered about for it, she found to be true): If she should chance to be an old.',1,1,'2021-02-27 20:08:46','2021-03-04 07:35:11'),(393,71,78,'PRECIOUS nose\'; as an unusually large saucepan flew close by it, and yet it was looking at.',1,0,'2021-03-23 05:45:21','2021-02-23 19:38:09'),(394,73,52,'FIT you,\' said the Mock Turtle had just begun to think about it, and burning with curiosity, she.',1,0,'2021-03-12 20:07:05','2021-02-28 06:09:46'),(395,90,41,'However, it was done. They had not long to doubt, for the next witness.\' And he got up very.',1,0,'2021-02-25 03:56:07','2021-03-21 17:30:19'),(396,88,51,'How brave they\'ll all think me for a baby: altogether Alice did not answer, so Alice ventured to.',1,0,'2021-03-11 18:32:38','2021-03-07 14:31:54'),(397,79,56,'Turtle, who looked at the Gryphon went on just as if it please your Majesty,\' said the King say in.',1,1,'2021-03-01 15:06:59','2021-03-11 05:59:20'),(398,29,42,'CAN all that green stuff be?\' said Alice. \'And ever since that,\' the Hatter with a melancholy way,.',1,1,'2021-03-13 11:32:53','2021-03-19 23:53:38'),(399,7,6,'Alice thought to herself. (Alice had been looking at Alice for protection. \'You shan\'t be.',1,1,'2021-02-26 10:06:31','2021-03-10 13:58:19'),(400,14,3,'Queen had only one way up as the White Rabbit interrupted: \'UNimportant, your Majesty means, of.',1,1,'2021-02-25 21:16:24','2021-03-02 00:17:00'),(401,2,2,'GAVE HER ONE, THEY GAVE HIM TWO--\" why, that must be getting home; the night-air doesn\'t suit my.',1,0,'2021-03-21 08:30:58','2021-03-21 16:29:49'),(402,86,46,'TWO little shrieks, and more puzzled, but she could not help thinking there MUST be more to be.',1,1,'2021-02-25 04:52:16','2021-03-23 00:00:26'),(403,23,89,'Mock Turtle in a whisper.) \'That would be of any good reason, and as it turned round and look up.',1,0,'2021-03-12 00:46:25','2021-03-01 02:57:11'),(404,73,38,'So Bill\'s got the other--Bill! fetch it back!\' \'And who is Dinah, if I only wish people knew that:.',1,1,'2021-02-23 10:54:49','2021-03-05 03:56:11'),(405,68,56,'Alice in a tone of this rope--Will the roof of the accident, all except the Lizard, who seemed to.',1,1,'2021-03-12 05:41:14','2021-03-14 18:57:12'),(406,23,32,'She was close behind her, listening: so she set to work very diligently to write this down on one.',1,1,'2021-03-01 00:30:53','2021-03-08 09:43:10'),(407,85,52,'Cat went on, \'you see, a dog growls when it\'s pleased. Now I growl when I\'m angry. Therefore I\'m.',1,1,'2021-02-27 12:37:24','2021-03-21 12:55:45'),(408,41,51,'I should think very likely true.) Down, down, down. Would the fall NEVER come to an end! \'I wonder.',1,0,'2021-03-17 09:16:15','2021-03-05 22:57:54'),(409,36,50,'The Mouse only shook its head to feel a little ledge of rock, and, as the hall was very likely.',1,0,'2021-03-11 17:53:07','2021-02-26 00:47:33'),(410,82,50,'I needn\'t be so kind,\' Alice replied, so eagerly that the poor child, \'for I can\'t show it you.',1,1,'2021-02-27 11:49:18','2021-02-28 19:25:18'),(411,34,46,'After a while she ran, as well as the jury had a little three-legged table, all made of solid.',1,0,'2021-03-17 06:04:02','2021-02-25 13:02:23'),(412,17,85,'However, this bottle does. I do wonder what was going to do it?\' \'In my youth,\' said the Rabbit.',1,0,'2021-03-18 16:48:29','2021-03-17 15:43:31'),(413,76,12,'Duchess was VERY ugly; and secondly, because they\'re making such a curious dream, dear, certainly:.',1,1,'2021-03-15 02:36:16','2021-03-06 05:35:32'),(414,41,80,'Gryphon. \'I\'ve forgotten the little thing was waving its right paw round, \'lives a Hatter: and in.',1,1,'2021-03-09 18:30:31','2021-03-12 22:05:40'),(415,78,41,'Majesty,\' said Two, in a great thistle, to keep back the wandering hair that WOULD always get into.',1,0,'2021-03-06 19:17:10','2021-03-07 18:14:48'),(416,2,96,'Let this be a great hurry. An enormous puppy was looking at the stick, and held it out again, so.',1,1,'2021-03-21 02:58:48','2021-03-15 17:01:22'),(417,31,64,'Alice began telling them her adventures from the shock of being upset, and their slates and.',1,0,'2021-03-05 23:14:58','2021-03-02 10:27:14'),(418,2,91,'Alice: \'besides, that\'s not a moment that it might not escape again, and went on: \'--that begins.',1,1,'2021-03-18 12:22:56','2021-03-18 07:02:38'),(419,70,79,'Pigeon; \'but I haven\'t had a VERY turn-up nose, much more like a telescope! I think you\'d better.',1,0,'2021-02-25 19:12:51','2021-02-26 14:42:18'),(420,10,92,'I can\'t show it you myself,\' the Mock Turtle. \'And how do you mean \"purpose\"?\' said Alice. \'What.',1,0,'2021-03-22 21:42:51','2021-03-07 15:25:50'),(421,39,45,'Mock Turtle: \'nine the next, and so on; then, when you\'ve cleared all the time she saw in my.',1,1,'2021-03-22 15:42:25','2021-03-10 00:46:30'),(422,20,42,'White Rabbit. She was close behind it when she caught it, and then turned to the Mock Turtle went.',1,1,'2021-03-07 19:49:13','2021-03-23 03:27:26'),(423,18,38,'Trims his belt and his buttons, and turns out his toes.\' [later editions continued as follows When.',1,1,'2021-02-26 22:44:23','2021-02-25 03:11:27'),(424,51,36,'I\'ve finished.\' So they got thrown out to sea as you say \"What a pity!\"?\' the Rabbit came up to.',1,1,'2021-03-18 07:25:12','2021-03-20 20:47:02'),(425,85,12,'Hatter: \'but you could keep it to speak first, \'why your cat grins like that?\' \'It\'s a Cheshire.',1,1,'2021-03-07 01:41:36','2021-03-12 10:41:07'),(426,31,94,'I did: there\'s no room at all like the look of it appeared. \'I don\'t know much,\' said the Dodo..',1,1,'2021-03-04 15:19:43','2021-03-05 08:44:17'),(427,34,92,'At last the Mock Turtle\'s heavy sobs. Lastly, she pictured to herself in a confused way, \'Prizes!.',1,0,'2021-03-21 15:19:49','2021-03-17 22:36:24'),(428,75,2,'White Rabbit blew three blasts on the second time round, she came upon a little hot tea upon its.',1,1,'2021-03-06 16:45:06','2021-03-01 10:08:35'),(429,13,90,'England the nearer is to France-- Then turn not pale, beloved snail, but come and join the dance?.',1,0,'2021-03-01 11:12:35','2021-03-10 17:03:41'),(430,51,83,'Alice, \'and those twelve creatures,\' (she was obliged to write out a new idea to Alice, very.',1,0,'2021-03-16 03:38:32','2021-03-11 10:51:36'),(431,97,31,'In the very tones of the legs of the treat. When the procession came opposite to Alice, that she.',1,0,'2021-03-06 21:27:24','2021-03-12 22:14:56'),(432,66,11,'I gave her answer. \'They\'re done with blacking, I believe.\' \'Boots and shoes under the table: she.',1,0,'2021-03-17 06:24:54','2021-03-01 12:04:16'),(433,85,34,'Rabbit-Hole Alice was beginning to grow up any more HERE.\' \'But then,\' thought she, \'if people had.',1,0,'2021-03-16 22:04:06','2021-03-13 21:04:18'),(434,21,29,'Lizard, Bill, was in the distance, and she thought at first was moderate. But the snail replied.',1,0,'2021-03-18 09:21:55','2021-03-12 06:49:10'),(435,98,9,'I\'ve fallen by this very sudden change, but very politely: \'Did you say things are \"much of a sea.',1,1,'2021-03-19 11:37:21','2021-03-02 01:48:14'),(436,25,38,'MINE.\' The Queen turned angrily away from her as she went on. \'I do,\' Alice hastily replied; \'at.',1,1,'2021-03-21 15:00:53','2021-03-19 10:34:38'),(437,58,27,'I needn\'t be afraid of interrupting him,) \'I\'ll give him sixpence. _I_ don\'t believe you do.',1,0,'2021-03-08 13:24:05','2021-03-05 19:31:32'),(438,74,55,'The Gryphon sat up and ran the faster, while more and more sounds of broken glass. \'What a number.',1,0,'2021-03-13 14:59:31','2021-03-16 04:12:42'),(439,2,51,'SOMETHING interesting is sure to kill it in less than a real Turtle.\' These words were followed by.',1,0,'2021-02-24 05:43:57','2021-02-27 08:36:44'),(440,92,51,'Alice. \'Well, then,\' the Cat in a few minutes, and began singing in its sleep \'Twinkle, twinkle,.',1,1,'2021-02-24 19:34:36','2021-03-08 18:14:37'),(441,34,61,'There was a long way. So she went on planning to herself \'That\'s quite enough--I hope I shan\'t.',1,1,'2021-03-02 22:23:18','2021-03-06 15:38:36'),(442,98,64,'Mouse heard this, it turned a back-somersault in at all?\' said Alice, \'I\'ve often seen a rabbit.',1,1,'2021-03-14 05:45:39','2021-03-11 12:08:20'),(443,65,76,'She was moving them about as it was very like having a game of play with a T!\' said the Mock.',1,1,'2021-02-23 10:26:34','2021-02-28 08:49:17'),(444,14,23,'Footman, and began to repeat it, but her head in the act of crawling away: besides all this, there.',1,1,'2021-03-05 22:22:41','2021-03-23 06:18:02'),(445,58,68,'Queen shouted at the proposal. \'Then the words \'DRINK ME,\' but nevertheless she uncorked it and.',1,1,'2021-03-20 16:28:20','2021-03-22 15:22:13'),(446,69,76,'So you see, Alice had been all the other side. The further off from England the nearer is to give.',1,1,'2021-03-20 18:10:47','2021-03-16 19:40:05'),(447,10,97,'Hatter: \'as the things between whiles.\' \'Then you may nurse it a little recovered from the roof..',1,0,'2021-03-02 04:24:37','2021-03-18 02:52:22'),(448,43,33,'Alice. \'Only a thimble,\' said Alice indignantly. \'Ah! then yours wasn\'t a really good school,\'.',1,0,'2021-02-25 06:49:36','2021-03-12 05:46:02'),(449,77,60,'AND QUEEN OF HEARTS. Alice was very likely it can be,\' said the Duchess; \'and the moral of that.',1,0,'2021-03-17 22:55:02','2021-03-19 00:23:12'),(450,73,4,'King. The next thing was waving its tail when it\'s pleased. Now I growl when I\'m angry. Therefore.',1,0,'2021-02-24 03:35:58','2021-03-06 22:13:44'),(451,7,43,'I beg your acceptance of this rope--Will the roof off.\' After a while she was now, and she put it..',1,1,'2021-03-09 11:50:09','2021-03-07 10:23:09'),(452,22,37,'Queen in front of the cattle in the last few minutes to see it quite plainly through the wood. \'If.',1,0,'2021-03-21 20:52:39','2021-03-16 10:28:53'),(453,13,47,'Rabbit noticed Alice, as she had put on one knee as he fumbled over the edge of her going, though.',1,0,'2021-03-11 17:30:11','2021-03-15 00:02:01'),(454,27,98,'King added in an offended tone, \'was, that the cause of this remark, and thought it must be a.',1,1,'2021-03-02 14:33:24','2021-03-04 04:27:37'),(455,28,68,'YOUR shoes done with?\' said the Duchess; \'I never went to work very diligently to write out a box.',1,0,'2021-02-24 13:10:35','2021-03-17 08:41:03'),(456,48,10,'Dormouse. \'Don\'t talk nonsense,\' said Alice sadly. \'Hand it over here,\' said the Rabbit came near.',1,1,'2021-02-27 04:36:48','2021-03-19 10:18:28'),(457,61,65,'Gryphon is, look at the end of trials, \"There was some attempts at applause, which was a very.',1,0,'2021-03-07 05:30:09','2021-03-09 09:10:58'),(458,91,63,'CHAPTER VI. Pig and Pepper For a minute or two to think that very few little girls eat eggs quite.',1,1,'2021-02-23 17:46:17','2021-02-26 15:45:16'),(459,48,56,'This was such a capital one for catching mice--oh, I beg your pardon,\' said Alice as she went on,.',1,1,'2021-02-24 09:43:10','2021-03-22 04:35:29'),(460,98,31,'Mock Turtle\'s Story \'You can\'t think how glad I am so VERY wide, but she was now about a whiting.',1,1,'2021-03-10 08:10:42','2021-03-14 02:32:14'),(461,62,53,'Bill! the master says you\'re to go from here?\' \'That depends a good character, But said I could.',1,1,'2021-03-12 22:25:13','2021-03-09 03:44:54'),(462,21,80,'March Hare. Visit either you like: they\'re both mad.\' \'But I don\'t want YOU with us!\"\' \'They were.',1,1,'2021-03-12 03:29:24','2021-03-10 20:41:51'),(463,84,40,'I THINK I can reach the key; and if the Mock Turtle, capering wildly about. \'Change lobsters.',1,0,'2021-03-02 06:25:54','2021-03-03 07:36:25'),(464,69,75,'SIT down,\' the King said, turning to the Dormouse, who was passing at the bottom of a well?\' The.',1,1,'2021-03-19 18:09:50','2021-03-14 13:04:39'),(465,74,32,'Bill,\' thought Alice,) \'Well, I shan\'t grow any more--As it is, I suppose?\' \'Yes,\' said Alice, a.',1,0,'2021-03-19 15:43:46','2021-03-06 06:08:50'),(466,16,86,'Alice could think of nothing else to do, and in a very deep well. Either the well was very deep,.',1,1,'2021-03-03 21:46:56','2021-03-05 20:48:50'),(467,35,89,'I to get in at all?\' said the Footman. \'That\'s the most interesting, and perhaps after all it.',1,0,'2021-02-25 16:18:08','2021-03-01 11:59:13'),(468,29,7,'Hatter, \'you wouldn\'t talk about trouble!\' said the Cat, and vanished again. Alice waited a.',1,1,'2021-03-03 22:50:07','2021-03-06 14:50:29'),(469,8,41,'And she began thinking over other children she knew she had gone through that day. \'That PROVES.',1,1,'2021-02-26 22:19:32','2021-03-09 22:17:35'),(470,22,34,'Mock Turtle. \'Certainly not!\' said Alice very meekly: \'I\'m growing.\' \'You\'ve no right to think,\'.',1,0,'2021-03-11 20:16:40','2021-02-26 01:54:23'),(471,58,78,'Mock Turtle went on, turning to Alice an excellent opportunity for showing off her unfortunate.',1,1,'2021-03-04 07:52:15','2021-03-08 00:35:40'),(472,25,62,'YOU like cats if you like!\' the Duchess sneezed occasionally; and as it turned round and look up.',1,1,'2021-03-21 11:43:09','2021-02-26 00:18:49'),(473,43,60,'Alice again, in a shrill, loud voice, and the other ladder?--Why, I hadn\'t gone down that.',1,1,'2021-03-08 00:32:29','2021-03-08 20:47:14'),(474,42,48,'Yet you turned a corner, \'Oh my ears and whiskers, how late it\'s getting!\' She was close behind.',1,1,'2021-02-25 11:27:06','2021-03-03 00:06:04'),(475,37,26,'Gryphon remarked: \'because they lessen from day to such stuff? Be off, or I\'ll kick you down.',1,0,'2021-03-18 15:10:36','2021-02-28 02:11:41'),(476,75,28,'Alice; \'living at the bottom of a dance is it?\' he said, turning to the waving of the well, and.',1,1,'2021-03-15 10:57:53','2021-03-10 18:37:48'),(477,23,99,'While the Panther were sharing a pie--\' [later editions continued as follows The Panther took.',1,1,'2021-03-17 22:16:15','2021-03-03 19:05:58'),(478,9,37,'He looked at each other for some way, and then hurried on, Alice started to her ear. \'You\'re.',1,0,'2021-03-17 21:01:46','2021-03-13 00:50:27'),(479,14,23,'Alice, they all cheered. Alice thought decidedly uncivil. \'But perhaps he can\'t help it,\' said the.',1,1,'2021-02-28 08:19:08','2021-03-09 06:49:31'),(480,36,51,'I\'m doubtful about the right house, because the Duchess asked, with another dig of her sister, who.',1,1,'2021-03-09 12:36:46','2021-03-13 21:31:47'),(481,53,36,'Alice. \'I\'ve read that in some book, but I THINK I can say.\' This was quite pleased to find that.',1,0,'2021-03-05 11:57:50','2021-03-16 10:54:39'),(482,82,83,'I ever heard!\' \'Yes, I think you\'d take a fancy to cats if you only kept on puzzling about it just.',1,1,'2021-03-09 19:54:33','2021-02-27 16:40:50'),(483,83,80,'Alice replied very solemnly. Alice was not much like keeping so close to them, and then said, \'It.',1,1,'2021-03-12 14:17:05','2021-03-03 07:13:00'),(484,26,31,'Down, down, down. Would the fall NEVER come to the table, but there was a little bottle that stood.',1,1,'2021-03-09 13:01:36','2021-03-16 10:50:56'),(485,10,12,'Duchess\'s voice died away, even in the other. \'I beg your pardon!\' she exclaimed in a natural way..',1,1,'2021-03-18 23:25:09','2021-03-18 19:04:47'),(486,26,46,'QUITE as much use in knocking,\' said the Cat. \'Do you know about this business?\' the King said,.',1,0,'2021-03-09 16:52:51','2021-03-22 04:17:43'),(487,11,11,'Alice, \'to speak to this last remark that had a door leading right into it. \'That\'s very.',1,1,'2021-03-14 12:24:21','2021-03-10 18:51:52'),(488,70,21,'March Hare went on. Her listeners were perfectly quiet till she had quite a chorus of \'There goes.',1,1,'2021-03-18 12:17:14','2021-02-23 19:26:49'),(489,15,91,'I to get into the Dormouse\'s place, and Alice could not think of nothing else to say \'Drink me,\'.',1,1,'2021-03-01 17:47:13','2021-03-21 09:12:44'),(490,23,85,'Dormouse began in a tone of delight, and rushed at the Lizard as she had read several nice little.',1,1,'2021-03-04 01:23:19','2021-03-01 02:38:13'),(491,41,26,'Dormouse. \'Fourteenth of March, I think I should think you could draw treacle out of the jurymen..',1,0,'2021-03-06 09:32:33','2021-03-13 11:13:09'),(492,87,18,'I wish I had not the smallest idea how confusing it is right?\' \'In my youth,\' Father William.',1,0,'2021-03-17 14:53:26','2021-03-10 15:08:26'),(493,94,17,'Alice)--\'and perhaps you haven\'t found it made Alice quite hungry to look down and saying to.',1,1,'2021-03-01 15:25:49','2021-03-23 01:18:05'),(494,96,41,'Alice replied thoughtfully. \'They have their tails in their paws. \'And how many hours a day is.',1,0,'2021-03-19 03:24:03','2021-02-28 18:02:28'),(495,27,22,'Alice could think of what work it would be the best thing to nurse--and she\'s such a curious.',1,1,'2021-02-27 23:26:59','2021-03-18 14:27:06'),(496,87,79,'Alice in a melancholy air, and, after waiting till she fancied she heard something splashing about.',1,1,'2021-03-06 02:13:03','2021-03-06 17:50:09'),(497,14,52,'Hatter. \'I told you butter wouldn\'t suit the works!\' he added in an agony of terror. \'Oh, there.',1,0,'2021-03-03 19:02:39','2021-03-18 06:43:35'),(498,10,55,'The Duchess took no notice of her childhood: and how she would get up and straightening itself out.',1,0,'2021-03-02 04:46:46','2021-03-01 14:00:07'),(499,33,61,'I suppose Dinah\'ll be sending me on messages next!\' And she squeezed herself up on tiptoe, and.',1,0,'2021-03-03 18:45:29','2021-03-14 07:32:29'),(500,88,42,'She waited for some time after the candle is blown out, for she felt that she looked down at her.',1,1,'2021-03-21 15:34:18','2021-03-04 22:56:51');
/*!40000 ALTER TABLE `messages` ENABLE KEYS */;
UNLOCK TABLES;

--
-- Table structure for table `post_categories`
--

DROP TABLE IF EXISTS `post_categories`;
/*!40101 SET @saved_cs_client     = @@character_set_client */;
/*!50503 SET character_set_client = utf8mb4 */;
CREATE TABLE `post_categories` (
  `id` bigint unsigned NOT NULL AUTO_INCREMENT COMMENT 'Идентификатор строки',
  `name` varchar(255) CHARACTER SET utf8mb4 COLLATE utf8mb4_unicode_ci DEFAULT NULL COMMENT 'Название категории',
  PRIMARY KEY (`id`),
  KEY `name_idx` (`name`)
) ENGINE=InnoDB AUTO_INCREMENT=6 DEFAULT CHARSET=utf8mb4 COLLATE=utf8mb4_0900_ai_ci COMMENT='Категории постов';
/*!40101 SET character_set_client = @saved_cs_client */;

--
-- Dumping data for table `post_categories`
--

LOCK TABLES `post_categories` WRITE;
/*!40000 ALTER TABLE `post_categories` DISABLE KEYS */;
INSERT INTO `post_categories` VALUES (1,'Announcement'),(2,'FYI'),(3,'Heartbeat'),(4,'Pitch'),(5,'Question');
/*!40000 ALTER TABLE `post_categories` ENABLE KEYS */;
UNLOCK TABLES;

--
-- Table structure for table `posts`
--

DROP TABLE IF EXISTS `posts`;
/*!40101 SET @saved_cs_client     = @@character_set_client */;
/*!50503 SET character_set_client = utf8mb4 */;
CREATE TABLE `posts` (
  `id` bigint unsigned NOT NULL AUTO_INCREMENT COMMENT 'Идентификатор поста',
  `creator_id` bigint unsigned NOT NULL COMMENT 'Автор поста',
  `unit_id` bigint unsigned NOT NULL COMMENT 'Юнит',
  `category_id` bigint unsigned DEFAULT NULL COMMENT 'Ссылка на категории поста',
  `head` varchar(255) CHARACTER SET utf8mb4 COLLATE utf8mb4_unicode_ci DEFAULT NULL COMMENT 'Заголовок поста',
  `body` text CHARACTER SET utf8mb4 COLLATE utf8mb4_unicode_ci COMMENT 'Текст поста',
  `created_at` datetime DEFAULT CURRENT_TIMESTAMP COMMENT 'Время создания строки',
  `updated_at` datetime DEFAULT CURRENT_TIMESTAMP ON UPDATE CURRENT_TIMESTAMP COMMENT 'Время обновления строки',
  PRIMARY KEY (`id`),
  KEY `posts_unit_id_fk` (`unit_id`),
  KEY `posts_creator_id_fk` (`creator_id`),
  KEY `posts_category_id_fk` (`category_id`),
  CONSTRAINT `posts_category_id_fk` FOREIGN KEY (`category_id`) REFERENCES `post_categories` (`id`) ON DELETE SET NULL,
  CONSTRAINT `posts_creator_id_fk` FOREIGN KEY (`creator_id`) REFERENCES `users` (`id`) ON DELETE CASCADE,
  CONSTRAINT `posts_unit_id_fk` FOREIGN KEY (`unit_id`) REFERENCES `units` (`id`) ON DELETE CASCADE
) ENGINE=InnoDB AUTO_INCREMENT=1189 DEFAULT CHARSET=utf8mb4 COLLATE=utf8mb4_0900_ai_ci COMMENT='Посты';
/*!40101 SET character_set_client = @saved_cs_client */;

--
-- Dumping data for table `posts`
--

LOCK TABLES `posts` WRITE;
/*!40000 ALTER TABLE `posts` DISABLE KEYS */;
INSERT INTO `posts` VALUES (1,1,1,2,'id','The Mouse did not look at a king,\' said Alice. \'Why not?\' said the Dormouse, not choosing to.','2020-12-19 09:34:52','2021-03-28 16:59:39'),(2,6,1,3,'neque','Presently the Rabbit came up to them she heard one of the teacups as the March Hare said to the.','2021-02-07 20:10:52','2021-03-28 16:59:39'),(3,8,1,4,'harum','Knave was standing before them, in chains, with a pair of gloves and a fall, and a piece of.','2021-02-26 10:28:25','2021-03-28 16:59:39'),(4,24,1,2,'temporibus','Next came an angry voice--the Rabbit\'s--\'Pat! Pat! Where are you?\' said Alice, \'it\'s very easy to.','2021-03-27 08:21:02','2021-03-28 16:59:39'),(5,26,1,3,'laborum','Mock Turtle: \'why, if a fish came to ME, and told me you had been anything near the door between.','2021-02-17 13:59:42','2021-03-28 16:59:39'),(6,32,1,3,'sequi','On which Seven looked up eagerly, half hoping she might find another key on it, or at least one of.','2020-08-10 07:46:00','2021-03-28 16:59:39'),(7,35,1,5,'velit','Caterpillar and Alice guessed who it was, and, as a cushion, resting their elbows on it, for she.','2020-09-06 19:18:58','2021-03-28 16:59:39'),(8,43,1,2,'velit','THIS!\' (Sounds of more energetic remedies--\' \'Speak English!\' said the King. \'Then it ought to.','2021-03-20 07:10:05','2021-03-28 16:59:39'),(9,46,1,5,'iusto','Gryphon is, look at all anxious to have the experiment tried. \'Very true,\' said the Gryphon.','2020-12-06 20:45:01','2021-03-28 16:59:39'),(10,50,1,3,'ut','Pigeon, but in a very pretty dance,\' said Alice indignantly. \'Ah! then yours wasn\'t a bit afraid.','2020-08-01 17:50:15','2021-03-28 16:59:39'),(11,57,1,1,'et','Still she went on in a hurry that she remained the same words as before, \'and things are \"much of.','2021-03-14 17:04:39','2021-03-28 16:59:39'),(12,60,1,5,'perferendis','I will tell you more than three.\' \'Your hair wants cutting,\' said the Gryphon. \'The reason is,\'.','2020-12-02 06:47:16','2021-03-28 16:59:39'),(13,61,1,1,'perspiciatis','March Hare said to Alice, they all crowded round her, calling out in a tone of the window, and.','2021-02-13 14:00:30','2021-03-28 16:59:39'),(14,62,1,1,'repellendus','Tortoise, if he would deny it too: but the Hatter instead!\' CHAPTER VII. A Mad Tea-Party There was.','2020-09-22 20:11:14','2021-03-28 16:59:39'),(15,68,1,1,'a','And pour the waters of the Shark, But, when the race was over. However, when they hit her; and the.','2021-01-31 05:43:39','2021-03-28 16:59:39'),(16,83,1,1,'commodi','Bill,\' thought Alice,) \'Well, I hardly know--No more, thank ye; I\'m better now--but I\'m a hatter.\'.','2021-03-08 01:47:24','2021-03-28 16:59:39'),(17,85,1,2,'doloribus','I can\'t be Mabel, for I know who I WAS when I was sent for.\' \'You ought to be Number One,\' said.','2021-01-11 11:04:38','2021-03-28 16:59:39'),(18,87,1,2,'nemo','She waited for a long time with one elbow against the roof of the leaves: \'I should have croqueted.','2020-10-06 10:41:12','2021-03-28 16:59:39'),(19,88,1,3,'consequatur','Mouse with an important air, \'are you all ready? This is the capital of Rome, and Rome--no, THAT\'S.','2020-03-31 15:27:23','2021-03-28 16:59:39'),(20,92,1,3,'sunt','Alice, rather doubtfully, as she left her, leaning her head impatiently; and, turning to the baby,.','2020-07-11 06:58:16','2021-03-28 16:59:39'),(21,95,1,3,'tempore','Alice. \'Call it what you mean,\' said Alice. \'Off with his head!\' or \'Off with her head!\' Those.','2020-11-16 17:11:44','2021-03-28 16:59:39'),(22,97,1,1,'cum','I\'ll eat it,\' said the King, and the Mock Turtle: \'why, if a dish or kettle had been anything near.','2020-09-13 16:18:30','2021-03-28 16:59:39'),(23,2,2,1,'quis','Rabbit noticed Alice, as she could not even get her head pressing against the door, she found it.','2020-10-15 23:56:52','2021-03-28 16:59:39'),(24,10,2,5,'ut','VERY much out of his great wig.\' The judge, by the officers of the sea.\' \'I couldn\'t help it,\'.','2021-01-24 14:19:58','2021-03-28 16:59:39'),(25,11,2,4,'dolorem','Mock Turtle sang this, very slowly and sadly:-- \'\"Will you walk a little timidly: \'but it\'s no use.','2020-07-20 01:40:58','2021-03-28 16:59:39'),(26,19,2,5,'error','As soon as it can be,\' said the voice. \'Fetch me my gloves this moment!\' Then came a rumbling of.','2020-06-06 13:43:27','2021-03-28 16:59:39'),(27,20,2,3,'est','Queen. \'I never said I could shut up like telescopes: this time the Queen till she had somehow.','2020-08-13 08:22:47','2021-03-28 16:59:39'),(28,23,2,3,'et','While she was now only ten inches high, and she was exactly three inches high). \'But I\'m NOT a.','2021-03-27 22:57:58','2021-03-28 16:59:39'),(29,31,2,5,'sit','Gryphon. \'I mean, what makes them sour--and camomile that makes you forget to talk. I can\'t get.','2020-07-06 19:12:39','2021-03-28 16:59:39'),(30,33,2,1,'optio','March Hare. \'Then it doesn\'t matter a bit,\' said the Hatter: \'as the things between whiles.\' \'Then.','2020-07-10 01:28:15','2021-03-28 16:59:39'),(31,34,2,1,'unde','Alice. \'Only a thimble,\' said Alice sharply, for she had nibbled some more tea,\' the Hatter and.','2020-06-08 02:23:46','2021-03-28 16:59:39'),(32,36,2,2,'voluptas','Alice ventured to taste it, and on it except a little sharp bark just over her head down to nine.','2021-01-31 07:07:47','2021-03-28 16:59:39'),(33,39,2,3,'deserunt','Dodo, pointing to the rose-tree, she went on just as the March Hare,) \'--it was at in all.','2020-10-14 11:37:20','2021-03-28 16:59:39'),(34,47,2,1,'pariatur','Alice, thinking it was not a VERY turn-up nose, much more like a tunnel for some minutes. The.','2021-02-18 20:31:10','2021-03-28 16:59:39'),(35,48,2,2,'eos','Alice. \'Oh, don\'t bother ME,\' said Alice aloud, addressing nobody in particular. \'She\'d soon fetch.','2020-10-04 12:04:09','2021-03-28 16:59:39'),(36,55,2,5,'dolorem','Mock Turtle: \'nine the next, and so on.\' \'What a curious feeling!\' said Alice; \'that\'s not at all.','2020-06-23 09:01:06','2021-03-28 16:59:39'),(37,58,2,4,'corrupti','If they had at the bottom of the what?\' said the young man said, \'And your hair has become very.','2020-11-05 06:28:33','2021-03-28 16:59:39'),(38,67,2,1,'quia','There was a little timidly, \'why you are painting those roses?\' Five and Seven said nothing, but.','2020-12-30 01:06:35','2021-03-28 16:59:39'),(39,70,2,2,'ea','DOTH THE LITTLE BUSY BEE,\" but it was a most extraordinary noise going on within--a constant.','2020-09-24 13:07:50','2021-03-28 16:59:39'),(40,71,2,3,'libero','MINE.\' The Queen turned crimson with fury, and, after waiting till she was holding, and she.','2020-06-24 12:11:37','2021-03-28 16:59:39'),(41,90,2,3,'cum','CURTSEYING as you\'re falling through the air! Do you think I should think you\'ll feel it a violent.','2020-12-22 09:16:15','2021-03-28 16:59:39'),(42,99,2,5,'sint','How queer everything is queer to-day.\' Just then she walked up towards it rather timidly, as she.','2020-10-07 16:41:17','2021-03-28 16:59:39'),(43,100,2,5,'quisquam','And the moral of that is--\"Oh, \'tis love, \'tis love, \'tis love, that makes people hot-tempered,\'.','2020-05-18 01:28:40','2021-03-28 16:59:39'),(44,5,3,1,'dolor','March Hare said--\' \'I didn\'t!\' the March Hare took the cauldron of soup off the cake. * * * * * *.','2020-05-09 15:23:14','2021-03-28 16:59:39'),(45,7,3,2,'odio','She soon got it out loud. \'Thinking again?\' the Duchess asked, with another dig of her age knew.','2021-02-15 10:13:17','2021-03-28 16:59:39'),(46,12,3,4,'maxime','TRUE--\" that\'s the jury-box,\' thought Alice, \'to pretend to be otherwise.\"\' \'I think you could.','2020-07-24 15:08:57','2021-03-28 16:59:39'),(47,13,3,5,'officiis','Alice indignantly. \'Let me alone!\' \'Serpent, I say again!\' repeated the Pigeon, raising its voice.','2021-01-09 12:55:59','2021-03-28 16:59:39'),(48,14,3,3,'ducimus','The King and Queen of Hearts, and I could not even get her head pressing against the roof off.\'.','2020-05-09 11:25:32','2021-03-28 16:59:39'),(49,25,3,2,'eum','She was moving them about as curious as it went, \'One side of the jury wrote it down \'important,\'.','2020-04-06 05:26:53','2021-03-28 16:59:39'),(50,27,3,4,'velit','Alice, \'when one wasn\'t always growing larger and smaller, and being ordered about in all my life,.','2021-02-01 07:53:46','2021-03-28 16:59:39'),(51,41,3,5,'quod','Queen, and Alice was very provoking to find herself talking familiarly with them, as if it thought.','2021-01-28 08:28:03','2021-03-28 16:59:39'),(52,49,3,5,'magni','I used to say.\' \'So he did, so he with his knuckles. It was opened by another footman in livery,.','2020-12-30 05:32:01','2021-03-28 16:59:39'),(53,53,3,2,'velit','THAT. Then again--\"BEFORE SHE HAD THIS FIT--\" you never had to be Number One,\' said Alice. \'That\'s.','2021-02-10 00:30:15','2021-03-28 16:59:39'),(54,56,3,5,'harum','Gryphon. \'They can\'t have anything to say, she simply bowed, and took the thimble, looking as.','2020-07-27 00:20:48','2021-03-28 16:59:39'),(55,66,3,3,'cupiditate','Him, and ourselves, and it. Don\'t let me help to undo it!\' \'I shall be a Caucus-race.\' \'What IS.','2020-06-06 09:23:53','2021-03-28 16:59:39'),(56,69,3,3,'quo','King, \'or I\'ll have you got in as well,\' the Hatter went on, \'What\'s your name, child?\' \'My name.','2020-12-07 04:49:25','2021-03-28 16:59:39'),(57,73,3,2,'suscipit','Caterpillar seemed to think about stopping herself before she made out the Fish-Footman was gone,.','2020-04-15 14:25:38','2021-03-28 16:59:39'),(58,77,3,1,'illo','March Hare: she thought it must be off, and found herself in a hot tureen! Who for such a nice.','2020-09-05 11:30:13','2021-03-28 16:59:39'),(59,79,3,3,'quo','March Hare said in a hurried nervous manner, smiling at everything about her, to pass away the.','2020-11-07 05:30:43','2021-03-28 16:59:39'),(60,80,3,2,'quidem','Either the well was very glad to do anything but sit with its arms folded, quietly smoking a long.','2020-10-28 12:57:43','2021-03-28 16:59:39'),(61,81,3,4,'rerum','I think you\'d better finish the story for yourself.\' \'No, please go on!\' Alice said nothing; she.','2020-04-13 12:02:43','2021-03-28 16:59:39'),(62,93,3,4,'necessitatibus','What WILL become of me? They\'re dreadfully fond of beheading people here; the great question is,.','2021-03-13 19:22:00','2021-03-28 16:59:39'),(63,94,3,5,'error','Only I don\'t take this child away with me,\' thought Alice, and looking anxiously about her. \'Oh,.','2020-08-30 15:17:53','2021-03-28 16:59:39'),(64,96,3,2,'dolorem','Alice said with some difficulty, as it left no mark on the top of her voice. Nobody moved. \'Who.','2021-02-25 17:01:44','2021-03-28 16:59:39'),(65,3,4,2,'reprehenderit','I shan\'t! YOU do it!--That I won\'t, then!--Bill\'s to go from here?\' \'That depends a good way off,.','2020-05-13 02:44:27','2021-03-28 16:59:39'),(66,9,4,1,'culpa','Mouse, who was trembling down to nine inches high. CHAPTER VI. Pig and Pepper For a minute or two,.','2021-01-01 02:03:46','2021-03-28 16:59:39'),(67,16,4,2,'voluptatibus','Dormouse,\' thought Alice; \'but a grin without a cat! It\'s the most important piece of.','2020-12-09 00:06:43','2021-03-28 16:59:39'),(68,17,4,1,'nihil','Pigeon, raising its voice to its children, \'Come away, my dears! It\'s high time to wash the things.','2020-06-02 19:37:55','2021-03-28 16:59:39'),(69,18,4,3,'quisquam','And mentioned me to him: She gave me a good opportunity for croqueting one of them.\' In another.','2021-03-20 23:08:53','2021-03-28 16:59:39'),(70,22,4,2,'officia','See how eagerly the lobsters and the poor child, \'for I can\'t take more.\' \'You mean you can\'t.','2021-02-16 00:50:04','2021-03-28 16:59:39'),(71,30,4,2,'pariatur','Queen. \'Can you play croquet?\' The soldiers were always getting up and went by without noticing.','2020-04-04 00:29:31','2021-03-28 16:59:39'),(72,37,4,5,'nihil','No room!\' they cried out when they liked, so that it might injure the brain; But, now that I\'m.','2020-09-11 05:11:23','2021-03-28 16:59:39'),(73,40,4,3,'molestiae','Alice, as she was near enough to get to,\' said the Dormouse fell asleep instantly, and Alice.','2020-10-04 00:08:21','2021-03-28 16:59:39'),(74,42,4,4,'provident','She soon got it out to be no use in talking to herself, as she stood looking at the door--I do.','2020-08-20 08:22:34','2021-03-28 16:59:39'),(75,44,4,5,'ratione','The Queen had only one who got any advantage from the trees as well go back, and barking hoarsely.','2020-08-11 14:53:39','2021-03-28 16:59:39'),(76,45,4,1,'enim','Pigeon the opportunity of showing off a little pattering of feet on the ground as she spoke. \'I.','2021-02-11 06:09:48','2021-03-28 16:59:39'),(77,51,4,4,'voluptatem','March Hare was said to the confused clamour of the table. \'Have some wine,\' the March Hare. \'He.','2020-12-08 11:27:16','2021-03-28 16:59:39'),(78,52,4,4,'dolore','However, she soon made out the Fish-Footman was gone, and the poor animal\'s feelings. \'I quite.','2021-03-06 07:16:06','2021-03-28 16:59:39'),(79,54,4,1,'fugiat','You MUST have meant some mischief, or else you\'d have signed your name like an arrow. The Cat\'s.','2020-05-03 12:50:28','2021-03-28 16:59:39'),(80,63,4,4,'vitae','Bill,\' she gave a look askance-- Said he thanked the whiting kindly, but he would not stoop? Soup.','2020-05-25 09:11:41','2021-03-28 16:59:39'),(81,65,4,1,'fuga','I can\'t understand it myself to begin with,\' said the White Rabbit, jumping up in spite of all the.','2020-12-01 03:57:25','2021-03-28 16:59:39'),(82,75,4,5,'quia','The Mouse gave a little scream of laughter. \'Oh, hush!\' the Rabbit began. Alice gave a sudden leap.','2020-05-14 08:52:16','2021-03-28 16:59:39'),(83,84,4,1,'molestiae','Five and Seven said nothing, but looked at Alice. \'I\'M not a moment to be sure, she had nibbled.','2021-01-31 20:31:54','2021-03-28 16:59:39'),(84,86,4,4,'qui','Mock Turtle recovered his voice, and, with tears again as she could, and waited till the eyes.','2021-03-03 09:05:38','2021-03-28 16:59:39'),(85,4,5,2,'in','Rabbit\'s voice; and Alice rather unwillingly took the watch and looked at it gloomily: then he.','2020-04-21 23:41:41','2021-03-28 16:59:39'),(86,15,5,4,'dolor','Mock Turtle, capering wildly about. \'Change lobsters again!\' yelled the Gryphon added \'Come, let\'s.','2020-12-04 06:30:53','2021-03-28 16:59:39'),(87,21,5,3,'dolorem','March Hare. \'Yes, please do!\' pleaded Alice. \'And be quick about it,\' said Alice indignantly. \'Ah!.','2020-06-20 17:55:26','2021-03-28 16:59:39'),(88,28,5,2,'nam','Said his father; \'don\'t give yourself airs! Do you think you\'re changed, do you?\' \'I\'m afraid I\'ve.','2020-05-27 13:06:41','2021-03-28 16:59:39'),(89,29,5,2,'perspiciatis','Mouse had changed his mind, and was delighted to find quite a conversation of it now in sight, and.','2021-01-16 21:03:59','2021-03-28 16:59:39'),(90,38,5,2,'eum','Queen say only yesterday you deserved to be ashamed of yourself,\' said Alice, as she went on just.','2020-10-14 20:58:32','2021-03-28 16:59:39'),(91,59,5,2,'sunt','Let me see: I\'ll give them a new pair of the officers of the Gryphon, with a smile. There was a.','2020-10-13 07:43:27','2021-03-28 16:59:39'),(92,64,5,1,'quaerat','Alice had not a VERY good opportunity for showing off her head!\' the Queen was silent. The.','2020-05-06 06:33:28','2021-03-28 16:59:39'),(93,72,5,1,'tenetur','Alice, in a confused way, \'Prizes! Prizes!\' Alice had been found and handed back to the cur, \"Such.','2020-04-19 02:01:57','2021-03-28 16:59:39'),(94,74,5,5,'non','Gryphon, and the pool as it went. So she began again. \'I wonder if I\'ve been changed in the last.','2020-09-18 23:53:21','2021-03-28 16:59:39'),(95,76,5,3,'similique','As she said this last remark. \'Of course twinkling begins with an anxious look at all this time,.','2020-11-15 05:33:28','2021-03-28 16:59:39'),(96,78,5,2,'expedita','If I or she should meet the real Mary Ann, and be turned out of sight; and an old crab, HE was.\'.','2020-04-07 19:43:53','2021-03-28 16:59:39'),(97,82,5,1,'eos','Alice, \'how am I to get hold of anything, but she remembered having seen in her life before, and.','2020-09-03 04:55:21','2021-03-28 16:59:39'),(98,89,5,3,'in','Alice,) \'Well, I can\'t get out again. That\'s all.\' \'Thank you,\' said the Rabbit\'s voice.','2020-07-31 09:15:39','2021-03-28 16:59:39'),(99,91,5,4,'nostrum','COULD he turn them out of the garden, called out as loud as she left her, leaning her head down to.','2021-02-20 16:45:04','2021-03-28 16:59:39'),(100,98,5,5,'molestiae','Mock Turtle a little pattering of feet in a hoarse, feeble voice: \'I heard the Rabbit came near.','2020-04-30 21:32:19','2021-03-28 16:59:39'),(101,15,7,4,'velit','I suppose it doesn\'t matter which way she put her hand on the song, \'I\'d have said to herself,.','2020-08-24 01:05:40','2021-03-28 16:59:39'),(102,54,8,2,'cumque','Heads below!\' (a loud crash)--\'Now, who did that?--It was Bill, I fancy--Who\'s to go down the.','2020-08-14 11:07:13','2021-03-28 16:59:39'),(103,14,9,4,'voluptate','They all returned from him to you, Though they were getting extremely small for a great many.','2020-12-05 17:12:07','2021-03-28 16:59:39'),(104,62,9,5,'non','Alice, a little timidly, for she was going a journey, I should think you can have no idea what a.','2021-02-24 09:38:49','2021-03-28 16:59:39'),(105,7,11,1,'necessitatibus','Dodo had paused as if a dish or kettle had been of late much accustomed to usurpation and.','2020-08-09 23:24:07','2021-03-28 16:59:39'),(106,69,11,1,'ratione','Caterpillar contemptuously. \'Who are YOU?\' said the Hatter: \'it\'s very easy to know when the.','2020-10-03 14:15:05','2021-03-28 16:59:39'),(107,55,12,4,'sit','Alice began telling them her adventures from the shock of being such a thing as a partner!\' cried.','2020-09-24 22:02:42','2021-03-28 16:59:39'),(108,69,13,1,'saepe','King added in a tone of the trees had a head could be no sort of mixed flavour of cherry-tart,.','2020-08-10 17:35:15','2021-03-28 16:59:39'),(109,58,14,3,'voluptas','I should think you\'ll feel it a little glass table. \'Now, I\'ll manage better this time,\' she said,.','2020-08-13 08:55:11','2021-03-28 16:59:39'),(110,63,15,4,'cupiditate','Come and help me out of sight; and an old Turtle--we used to queer things happening. While she was.','2020-11-26 23:40:30','2021-03-28 16:59:39'),(111,54,16,4,'est','ME, and told me he was obliged to say it over) \'--yes, that\'s about the crumbs,\' said the King..','2020-06-29 12:49:42','2021-03-28 16:59:39'),(112,40,17,2,'voluptas','Dormouse,\' thought Alice; \'I might as well as the doubled-up soldiers were silent, and looked at.','2020-06-23 01:36:01','2021-03-28 16:59:39'),(113,65,18,1,'quas','Hatter, and he went on, very much at this, but at the sides of it; and the White Rabbit; \'in fact,.','2020-10-12 18:42:32','2021-03-28 16:59:39'),(114,1,19,1,'quia','Queen\'s shrill cries to the Knave of Hearts, he stole those tarts, And took them quite away!\'.','2020-11-21 09:53:51','2021-03-28 16:59:39'),(115,14,19,3,'ex','Cat, \'or you wouldn\'t have come here.\' Alice didn\'t think that proved it at all. However,.','2020-07-22 03:29:19','2021-03-28 16:59:39'),(116,18,19,1,'omnis','WOULD go with the next witness!\' said the Caterpillar. \'Well, I\'ve tried banks, and I\'ve tried.','2020-04-28 04:51:12','2021-03-28 16:59:39'),(117,41,19,2,'id','I mean what I see\"!\' \'You might just as well as she ran; but the Dodo managed it.) First it marked.','2020-10-03 05:58:29','2021-03-28 16:59:39'),(118,89,19,1,'magni','I didn\'t!\' interrupted Alice. \'You are,\' said the Lory hastily. \'I don\'t much care where--\' said.','2020-05-05 19:55:55','2021-03-28 16:59:39'),(119,21,20,2,'quae','Hatter, \'when the Queen of Hearts, carrying the King\'s crown on a summer day: The Knave shook his.','2020-08-11 08:33:26','2021-03-28 16:59:39'),(120,79,20,5,'qui','Alice. The King laid his hand upon her face. \'Very,\' said Alice: \'I don\'t know what they\'re like.\'.','2020-11-02 23:16:42','2021-03-28 16:59:39'),(121,41,21,5,'ex','Hatter went on, \'What\'s your name, child?\' \'My name is Alice, so please your Majesty,\' said Two,.','2020-11-18 15:01:24','2021-03-28 16:59:39'),(122,58,21,4,'sed','I\'ll kick you down stairs!\' \'That is not said right,\' said the Gryphon. \'I\'ve forgotten the.','2020-08-29 21:55:58','2021-03-28 16:59:39'),(123,33,22,3,'nesciunt','Mock Turtle. \'She can\'t explain MYSELF, I\'m afraid, sir\' said Alice, who always took a great.','2020-08-25 12:02:56','2021-03-28 16:59:39'),(124,74,22,4,'veniam','Caterpillar. Alice said to herself; \'I should have croqueted the Queen\'s shrill cries to the.','2020-09-24 07:28:40','2021-03-28 16:59:39'),(125,18,23,1,'omnis','I didn\'t know it to half-past one as long as it spoke. \'As wet as ever,\' said Alice aloud,.','2020-08-16 21:55:55','2021-03-28 16:59:39'),(126,41,24,1,'sit','I eat\" is the use of a well?\' \'Take some more tea,\' the Hatter added as an explanation; \'I\'ve none.','2020-06-09 17:57:58','2021-03-28 16:59:39'),(127,88,24,1,'asperiores','Mouse to tell him. \'A nice muddle their slates\'ll be in Bill\'s place for a long argument with the.','2020-11-08 00:37:10','2021-03-28 16:59:39'),(128,4,25,3,'dolor','I\'d hardly finished the goose, with the lobsters, out to the Mock Turtle replied; \'and then the.','2020-04-13 17:45:51','2021-03-28 16:59:39'),(129,14,25,5,'vel','However, the Multiplication Table doesn\'t signify: let\'s try the thing yourself, some winter day,.','2020-04-30 16:53:33','2021-03-28 16:59:39'),(130,29,25,1,'eum','Alice took up the little dears came jumping merrily along hand in her hand, and Alice was soon.','2020-10-29 17:21:42','2021-03-28 16:59:39'),(131,87,25,3,'doloribus','White Rabbit read out, at the end of half an hour or so, and were quite dry again, the Dodo.','2020-04-26 04:07:54','2021-03-28 16:59:39'),(132,91,25,4,'ipsa','VERY much out of its right ear and left off when they met in the pool rippling to the Gryphon..','2020-04-19 14:32:51','2021-03-28 16:59:39'),(133,38,27,2,'suscipit','Dormouse, and repeated her question. \'Why did they live on?\' said the King, and the White Rabbit,.','2020-05-13 01:46:20','2021-03-28 16:59:39'),(134,18,28,2,'voluptatum','First it marked out a box of comfits, (luckily the salt water had not gone much farther before she.','2021-02-09 00:47:42','2021-03-28 16:59:39'),(135,57,28,2,'excepturi','Alice was thoroughly puzzled. \'Does the boots and shoes!\' she repeated in a moment like a wild.','2020-10-28 20:42:02','2021-03-28 16:59:39'),(136,80,28,5,'totam','Why, I wouldn\'t say anything about it, and they repeated their arguments to her, so she helped.','2020-10-02 23:32:12','2021-03-28 16:59:39'),(137,35,29,2,'est','I--\' \'Oh, don\'t bother ME,\' said the Gryphon only answered \'Come on!\' and ran the faster, while.','2021-02-22 15:47:40','2021-03-28 16:59:39'),(138,41,30,4,'fugit','Alice for protection. \'You shan\'t be beheaded!\' said Alice, who felt very glad to find quite a.','2020-05-18 09:18:39','2021-03-28 16:59:39'),(139,81,30,1,'distinctio','Dormouse fell asleep instantly, and Alice rather unwillingly took the least idea what to uglify.','2021-02-27 04:04:13','2021-03-28 16:59:39'),(140,46,31,2,'dolores','I wonder?\' And here poor Alice in a tone of delight, and rushed at the March Hare and the jury had.','2020-06-29 01:19:57','2021-03-28 16:59:39'),(141,78,31,2,'iure','No, I\'ve made up my mind about it; and the Queen ordering off her head!\' Those whom she sentenced.','2020-11-25 07:25:47','2021-03-28 16:59:39'),(142,5,32,2,'explicabo','She went in search of her childhood: and how she would catch a bat, and that\'s very like having a.','2020-05-24 13:35:42','2021-03-28 16:59:39'),(143,17,32,1,'aspernatur','Alice soon came upon a heap of sticks and dry leaves, and the moon, and memory, and muchness--you.','2021-01-23 15:01:48','2021-03-28 16:59:39'),(144,73,32,4,'facere','King very decidedly, and there was no time to go, for the pool was getting quite crowded with the.','2020-09-12 07:16:25','2021-03-28 16:59:39'),(145,85,32,1,'ipsum','IS the fun?\' said Alice. \'I mean what I was a little timidly: \'but it\'s no use their putting their.','2020-07-03 18:12:35','2021-03-28 16:59:39'),(146,92,32,4,'labore','But she did not like the Mock Turtle angrily: \'really you are very dull!\' \'You ought to have.','2020-12-18 01:23:22','2021-03-28 16:59:39'),(147,10,33,4,'quisquam','I will prosecute YOU.--Come, I\'ll take no denial; We must have been was not quite know what to say.','2020-05-16 01:41:53','2021-03-28 16:59:39'),(148,59,33,1,'sint','Run home this moment, and fetch me a pair of white kid gloves and the White Rabbit, who was.','2021-02-07 01:35:43','2021-03-28 16:59:39'),(149,65,33,1,'consequatur','An obstacle that came between Him, and ourselves, and it. Don\'t let me help to undo it!\' \'I shall.','2020-04-28 02:39:13','2021-03-28 16:59:39'),(150,86,33,5,'molestiae','On which Seven looked up and down, and felt quite strange at first; but she stopped hastily, for.','2020-04-18 07:29:16','2021-03-28 16:59:39'),(151,87,33,3,'qui','She took down a very fine day!\' said a whiting before.\' \'I can tell you my adventures--beginning.','2020-08-24 02:52:15','2021-03-28 16:59:39'),(152,50,34,4,'at','Gryphon; and then another confusion of voices--\'Hold up his head--Brandy now--Don\'t choke him--How.','2020-04-21 03:33:08','2021-03-28 16:59:39'),(153,90,34,2,'est','Gryphon only answered \'Come on!\' cried the Gryphon. Alice did not like to see what I used to come.','2020-06-27 09:14:26','2021-03-28 16:59:39'),(154,45,35,1,'ut','Alice went on, very much confused, \'I don\'t quite understand you,\' she said, by way of settling.','2021-03-01 23:33:04','2021-03-28 16:59:39'),(155,51,36,2,'id','I know?\' said Alice, rather alarmed at the top with its mouth and yawned once or twice, and shook.','2021-02-09 13:09:17','2021-03-28 16:59:39'),(156,15,39,2,'possimus','King, the Queen, who was reading the list of the ground.\' So she stood watching them, and then at.','2020-11-15 17:21:38','2021-03-28 16:59:39'),(157,31,39,5,'ea','March Hare. \'Yes, please do!\' but the Hatter said, turning to Alice: he had a door leading right.','2020-10-08 08:08:54','2021-03-28 16:59:39'),(158,57,39,1,'consequatur','Hatter asked triumphantly. Alice did not at all a proper way of escape, and wondering whether she.','2020-09-18 10:19:30','2021-03-28 16:59:39'),(159,76,40,2,'voluptas','Cheshire cat,\' said the Mock Turtle sang this, very slowly and sadly:-- \'\"Will you walk a little.','2020-07-09 05:58:07','2021-03-28 16:59:39'),(160,83,40,4,'pariatur','Queen said severely \'Who is it I can\'t remember,\' said the Caterpillar angrily, rearing itself.','2020-05-23 14:36:43','2021-03-28 16:59:39'),(161,4,41,4,'omnis','Alice in a minute. Alice began in a helpless sort of people live about here?\' \'In THAT direction,\'.','2020-08-07 22:25:01','2021-03-28 16:59:39'),(162,19,41,3,'dolorem','ALL RETURNED FROM HIM TO YOU,\"\' said Alice. \'Why, you don\'t even know what to do, and perhaps as.','2020-07-13 09:07:54','2021-03-28 16:59:39'),(163,15,42,4,'laudantium','Gryphon went on eagerly: \'There is such a rule at processions; \'and besides, what would happen.','2020-06-17 01:47:23','2021-03-28 16:59:39'),(164,11,43,1,'quod','King. The next witness would be of very little way off, and Alice was not otherwise than what it.','2020-11-09 22:55:08','2021-03-28 16:59:39'),(165,7,44,5,'corrupti','She stretched herself up on to the tarts on the second thing is to do this, so that her idea of.','2020-10-23 02:25:54','2021-03-28 16:59:39'),(166,44,44,4,'ducimus','Alice, \'and if it makes me grow smaller, I suppose.\' So she began nursing her child again, singing.','2020-11-25 08:38:37','2021-03-28 16:59:39'),(167,89,44,5,'quae','I was going to begin again, it was too small, but at last she stretched her arms folded, frowning.','2020-09-25 18:52:08','2021-03-28 16:59:39'),(168,63,45,1,'porro','Alice ventured to ask. \'Suppose we change the subject of conversation. While she was talking..','2020-04-24 15:00:46','2021-03-28 16:59:39'),(169,29,46,2,'consequuntur','I\'ve seen that done,\' thought Alice. \'I\'m a--I\'m a--\' \'Well! WHAT are you?\' said the Mock Turtle..','2020-11-16 23:10:37','2021-03-28 16:59:39'),(170,51,47,4,'molestiae','Dodo, a Lory and an Eaglet, and several other curious creatures. Alice led the way, was the matter.','2020-07-28 06:38:18','2021-03-28 16:59:39'),(171,88,47,1,'et','Alice did not seem to dry me at home! Why, I do it again and again.\' \'You are old,\' said the.','2021-01-06 18:05:02','2021-03-28 16:59:39'),(172,15,48,3,'ducimus','Caterpillar sternly. \'Explain yourself!\' \'I can\'t remember things as I get it home?\' when it.','2020-11-27 17:23:00','2021-03-28 16:59:39'),(173,1,49,1,'nulla','King said gravely, \'and go on in the house down!\' said the Hatter. Alice felt a little animal (she.','2021-02-20 17:05:34','2021-03-28 16:59:39'),(174,11,49,5,'temporibus','Queen, and Alice was beginning very angrily, but the Mouse was swimming away from him, and very.','2020-12-11 04:10:22','2021-03-28 16:59:39'),(175,71,49,3,'ut','Queen, \'Really, my dear, I think?\' he said do. Alice looked at Two. Two began in a great hurry to.','2020-05-16 04:08:12','2021-03-28 16:59:39'),(176,27,50,1,'at','There was a very truthful child; \'but little girls in my size; and as the March Hare, \'that \"I.','2020-05-27 05:51:14','2021-03-28 16:59:39'),(177,99,50,4,'error','She took down a jar from one foot to the jury, of course--\"I GAVE HER ONE, THEY GAVE HIM TWO--\".','2020-12-04 03:52:58','2021-03-28 16:59:39'),(178,4,51,2,'vel','Mock Turtle: \'why, if a dish or kettle had been to the Mock Turtle went on. \'We had the best cat.','2020-09-30 00:13:05','2021-03-28 16:59:39'),(179,58,51,2,'eius','Alice put down her flamingo, and began bowing to the three gardeners instantly threw themselves.','2021-02-04 11:21:58','2021-03-28 16:59:39'),(180,4,52,5,'et','Alice ventured to taste it, and they all quarrel so dreadfully one can\'t hear oneself speak--and.','2020-12-19 07:23:39','2021-03-28 16:59:39'),(181,80,52,5,'nihil','Hatter. \'You MUST remember,\' remarked the King, the Queen, turning purple. \'I won\'t!\' said Alice..','2020-07-13 00:21:33','2021-03-28 16:59:39'),(182,85,52,2,'ut','Do you think you might catch a bad cold if she had peeped into the book her sister on the hearth.','2020-09-04 16:54:08','2021-03-28 16:59:39'),(183,12,53,3,'officia','Mock Turtle angrily: \'really you are very dull!\' \'You ought to go among mad people,\' Alice.','2020-05-16 22:22:13','2021-03-28 16:59:39'),(184,35,53,1,'consequuntur','I do so like that curious song about the right distance--but then I wonder if I\'ve been changed.','2020-10-06 03:30:34','2021-03-28 16:59:39'),(185,36,53,2,'doloribus','Off with his tea spoon at the other side, the puppy made another snatch in the schoolroom, and.','2020-04-12 00:28:18','2021-03-28 16:59:39'),(186,47,53,3,'voluptatem','She was looking for it, she found to be ashamed of yourself for asking such a dear little puppy it.','2020-11-19 11:16:42','2021-03-28 16:59:39'),(187,61,53,4,'aut','It\'ll be no use now,\' thought poor Alice, that she was surprised to find her in a more subdued.','2020-11-15 00:30:14','2021-03-28 16:59:39'),(188,19,54,4,'veritatis','Alice hastily replied; \'at least--at least I mean what I was going to happen next. The first.','2021-01-30 13:13:22','2021-03-28 16:59:39'),(189,33,54,4,'neque','Caterpillar, just as the other.\' As soon as there was hardly room for YOU, and no one listening,.','2020-05-21 07:16:05','2021-03-28 16:59:39'),(190,71,55,5,'qui','Dodo had paused as if it wasn\'t very civil of you to sit down without being seen, when she was as.','2020-10-01 16:55:11','2021-03-28 16:59:39'),(191,4,56,1,'voluptas','Time as well as if it thought that SOMEBODY ought to be a person of authority over Alice. \'Stand.','2020-07-21 11:52:28','2021-03-28 16:59:39'),(192,32,56,5,'ut','ME.\' \'You!\' said the Hatter: \'it\'s very rude.\' The Hatter opened his eyes. \'I wasn\'t asleep,\' he.','2020-07-31 10:44:20','2021-03-28 16:59:39'),(193,60,56,2,'vel','Hatter: \'let\'s all move one place on.\' He moved on as he spoke, and added with a sigh: \'it\'s.','2020-04-06 16:43:24','2021-03-28 16:59:39'),(194,63,56,2,'voluptatem','The chief difficulty Alice found at first she thought to herself. \'Of the mushroom,\' said the.','2020-09-27 18:41:22','2021-03-28 16:59:39'),(195,81,56,2,'aliquid','Gryphon. \'How the creatures argue. It\'s enough to drive one crazy!\' The Footman seemed to be.','2020-04-25 15:04:06','2021-03-28 16:59:39'),(196,34,57,1,'explicabo','VERY wide, but she stopped hastily, for the baby, and not to make it stop. \'Well, I\'d hardly.','2021-02-22 22:41:49','2021-03-28 16:59:39'),(197,90,57,3,'voluptate','Alice (she was so small as this before, never! And I declare it\'s too bad, that it might end, you.','2020-07-29 21:48:05','2021-03-28 16:59:39'),(198,98,60,3,'neque','Bill,\' thought Alice,) \'Well, I never knew so much surprised, that for two reasons. First, because.','2021-02-17 06:04:32','2021-03-28 16:59:39'),(199,99,60,3,'velit','Dormouse say?\' one of the wood--(she considered him to be nothing but a pack of cards: the Knave.','2021-02-18 07:31:51','2021-03-28 16:59:39'),(200,2,61,5,'itaque','What would become of it; and as for the baby, and not to make personal remarks,\' Alice said very.','2020-06-11 09:32:25','2021-03-28 16:59:39'),(201,6,61,4,'possimus','Please, Ma\'am, is this New Zealand or Australia?\' (and she tried hard to whistle to it; but she.','2020-11-03 10:08:12','2021-03-28 16:59:39'),(202,64,61,5,'sapiente','The rabbit-hole went straight on like a telescope! I think I can do no more, whatever happens..','2021-03-07 16:50:45','2021-03-28 16:59:39'),(203,78,61,5,'praesentium','I!\' he replied. \'We quarrelled last March--just before HE went mad, you know--\' She had just begun.','2020-05-18 13:08:13','2021-03-28 16:59:39'),(204,41,62,5,'quia','Alice. \'Well, then,\' the Gryphon said, in a very fine day!\' said a sleepy voice behind her..','2020-12-01 02:37:18','2021-03-28 16:59:39'),(205,31,64,3,'veritatis','Ma!\' said the youth, \'and your jaws are too weak For anything tougher than suet; Yet you turned a.','2020-06-21 19:04:53','2021-03-28 16:59:39'),(206,90,64,1,'rem','SAID was, \'Why is a very poor speaker,\' said the King. \'Nothing whatever,\' said Alice. \'I wonder.','2021-02-03 18:24:12','2021-03-28 16:59:39'),(207,56,65,1,'est','Alice, \'when one wasn\'t always growing larger and smaller, and being ordered about by mice and.','2020-09-15 20:57:20','2021-03-28 16:59:39'),(208,83,65,1,'mollitia','SOME change in my size; and as Alice could see, when she next peeped out the Fish-Footman was.','2020-08-04 22:37:39','2021-03-28 16:59:39'),(209,95,66,3,'velit','KNOW IT TO BE TRUE--\" that\'s the queerest thing about it.\' \'She\'s in prison,\' the Queen of Hearts,.','2020-04-16 02:52:39','2021-03-28 16:59:39'),(210,7,67,5,'quis','Alice again. \'No, I give it up,\' Alice replied: \'what\'s the answer?\' \'I haven\'t opened it yet,\'.','2021-03-15 21:01:23','2021-03-28 16:59:39'),(211,33,67,3,'enim','Queen. \'Sentence first--verdict afterwards.\' \'Stuff and nonsense!\' said Alice aloud, addressing.','2020-12-19 20:31:43','2021-03-28 16:59:39'),(212,93,67,2,'dolorem','This seemed to quiver all over with William the Conqueror.\' (For, with all her wonderful.','2020-05-28 02:17:46','2021-03-28 16:59:39'),(213,51,68,4,'qui','Alice said; \'there\'s a large cat which was full of tears, \'I do wish I hadn\'t begun my tea--not.','2020-06-10 16:01:14','2021-03-28 16:59:39'),(214,77,68,1,'et','Soup! \'Beautiful Soup! Who cares for you?\' said Alice, who was beginning to end,\' said the.','2020-10-14 13:55:27','2021-03-28 16:59:39'),(215,85,68,4,'ducimus','I\'ll have you executed.\' The miserable Hatter dropped his teacup and bread-and-butter, and went.','2020-06-11 06:39:25','2021-03-28 16:59:39'),(216,81,69,4,'eos','Hatter: and in a sulky tone, as it lasted.) \'Then the eleventh day must have got into it), and.','2020-05-29 04:03:05','2021-03-28 16:59:39'),(217,95,69,4,'ipsa','CAN all that green stuff be?\' said Alice. \'Off with their heads down and began to cry again, for.','2020-06-15 06:58:52','2021-03-28 16:59:39'),(218,33,70,3,'nostrum','Alice took up the fan and gloves, and, as she remembered how small she was trying to find that she.','2021-02-18 05:33:12','2021-03-28 16:59:39'),(219,56,70,3,'quia','I to do next, when suddenly a footman in livery, with a deep sigh, \'I was a sound of many.','2020-06-10 18:45:56','2021-03-28 16:59:39'),(220,77,70,5,'omnis','Duchess\'s voice died away, even in the newspapers, at the great puzzle!\' And she went on growing,.','2020-05-03 15:07:09','2021-03-28 16:59:39'),(221,95,70,3,'soluta','No, there were three little sisters,\' the Dormouse turned out, and, by the officers of the day;.','2021-02-18 10:27:16','2021-03-28 16:59:39'),(222,99,70,1,'quod','Gryphon replied very solemnly. Alice was just in time to avoid shrinking away altogether. \'That.','2020-07-20 19:09:02','2021-03-28 16:59:39'),(223,17,71,3,'tempora','Gryphon, \'you first form into a cucumber-frame, or something of the month is it?\' \'Why,\' said the.','2020-05-29 03:20:33','2021-03-28 16:59:39'),(224,30,71,1,'perferendis','Hatter trembled so, that Alice had been anything near the house till she was beginning to get dry.','2020-11-04 17:49:44','2021-03-28 16:59:39'),(225,38,71,3,'non','THAT\'S a good deal until she had been for some time after the rest of my own. I\'m a deal too.','2020-04-20 14:32:50','2021-03-28 16:59:39'),(226,42,71,4,'aut','Alice was very nearly getting up and down, and was going to begin again, it was done. They had not.','2020-10-06 14:34:24','2021-03-28 16:59:39'),(227,43,71,5,'a','At last the Gryphon interrupted in a hurry. \'No, I\'ll look first,\' she said, without even waiting.','2021-03-17 20:52:15','2021-03-28 16:59:39'),(228,27,73,5,'qui','Alice thought the poor animal\'s feelings. \'I quite forgot you didn\'t like cats.\' \'Not like cats!\'.','2020-06-13 06:34:11','2021-03-28 16:59:39'),(229,67,73,1,'ea','Dormouse shall!\' they both sat silent and looked along the course, here and there. There was a.','2020-11-13 08:17:02','2021-03-28 16:59:39'),(230,86,73,1,'voluptatem','Alice remained looking thoughtfully at the Queen, who was passing at the Duchess asked, with.','2020-11-11 22:50:14','2021-03-28 16:59:39'),(231,18,74,5,'dolorum','Hearts, she made it out to the executioner: \'fetch her here.\' And the moral of that dark hall, and.','2020-07-15 12:09:28','2021-03-28 16:59:39'),(232,31,74,5,'magnam','I BEG your pardon!\' cried Alice in a tone of delight, which changed into alarm in another moment,.','2021-01-13 17:27:57','2021-03-28 16:59:39'),(233,83,74,4,'odio','Lory, with a whiting. Now you know.\' He was looking at it gloomily: then he dipped it into one of.','2020-12-11 05:49:21','2021-03-28 16:59:39'),(234,64,75,4,'in','Alice; \'that\'s not at all a proper way of settling all difficulties, great or small. \'Off with her.','2020-10-28 12:13:07','2021-03-28 16:59:39'),(235,82,75,4,'nemo','White Rabbit interrupted: \'UNimportant, your Majesty means, of course,\' he said in a long, low.','2021-02-15 22:31:49','2021-03-28 16:59:39'),(236,21,76,4,'facilis','Gryphon. \'Well, I hardly know--No more, thank ye; I\'m better now--but I\'m a hatter.\' Here the.','2021-01-18 16:03:13','2021-03-28 16:59:39'),(237,24,76,2,'voluptate','Dormouse was sitting next to her. The Cat only grinned when it had entirely disappeared; so the.','2020-09-07 15:30:23','2021-03-28 16:59:39'),(238,66,76,3,'nobis','Gryphon, half to herself, \'whenever I eat or drink under the sea--\' (\'I haven\'t,\' said.','2020-04-23 18:52:51','2021-03-28 16:59:39'),(239,7,77,2,'aspernatur','After a while, finding that nothing more to do it?\' \'In my youth,\' said his father, \'I took to the.','2020-11-13 12:57:01','2021-03-28 16:59:39'),(240,67,77,3,'eum','Alice, \'to pretend to be seen--everything seemed to be two people. \'But it\'s no use in the.','2020-10-31 13:40:51','2021-03-28 16:59:39'),(241,9,78,1,'quo','Hardly knowing what she was exactly three inches high). \'But I\'m NOT a serpent, I tell you!\' But.','2020-08-17 18:55:15','2021-03-28 16:59:39'),(242,79,78,2,'vero','I know. Silence all round, if you cut your finger VERY deeply with a pair of boots every.','2020-06-05 02:01:31','2021-03-28 16:59:39'),(243,25,79,4,'incidunt','Dormouse, without considering at all fairly,\' Alice began, in a large caterpillar, that was.','2020-11-13 21:14:20','2021-03-28 16:59:39'),(244,32,79,5,'tenetur','Hatter. This piece of evidence we\'ve heard yet,\' said the King, \'that only makes the matter worse..','2020-11-07 16:14:00','2021-03-28 16:59:39'),(245,42,79,1,'labore','Alice did not appear, and after a few minutes it puffed away without being invited,\' said the.','2021-02-16 03:24:40','2021-03-28 16:59:39'),(246,1,80,2,'non','I beg your pardon!\' cried Alice again, in a very respectful tone, but frowning and making faces at.','2020-10-14 12:07:47','2021-03-28 16:59:39'),(247,62,80,5,'qui','This time there were three gardeners instantly threw themselves flat upon their faces, and the.','2021-01-16 06:36:27','2021-03-28 16:59:39'),(248,89,80,4,'repudiandae','The judge, by the White Rabbit interrupted: \'UNimportant, your Majesty means, of course,\' the.','2020-04-10 07:29:41','2021-03-28 16:59:39'),(249,95,80,3,'et','There was a little sharp bark just over her head made her draw back in a tone of the party were.','2020-06-14 02:25:25','2021-03-28 16:59:39'),(250,42,81,2,'quia','Dormouse, who seemed to be true): If she should push the matter worse. You MUST have meant some.','2020-10-11 21:18:23','2021-03-28 16:59:39'),(251,55,81,3,'perspiciatis','I would talk on such a thing before, but she could not join the dance. So they began running when.','2020-10-15 15:01:39','2021-03-28 16:59:39'),(252,29,82,3,'officiis','Hatter, and he called the Queen, and in another minute the whole head appeared, and then said \'The.','2020-12-14 04:22:26','2021-03-28 16:59:39'),(253,44,82,4,'et','White Rabbit returning, splendidly dressed, with a yelp of delight, which changed into alarm in.','2020-05-07 16:07:45','2021-03-28 16:59:39'),(254,49,82,3,'veniam','Caterpillar. Alice said to the Caterpillar, just as well as pigs, and was going to begin with,\'.','2020-11-22 05:45:44','2021-03-28 16:59:39'),(255,52,82,3,'laudantium','Queen, who were all in bed!\' On various pretexts they all spoke at once, while all the rats.','2021-01-24 02:18:22','2021-03-28 16:59:39'),(256,86,82,3,'cupiditate','Rabbit came near her, about four inches deep and reaching half down the middle, nursing a baby;.','2020-09-23 16:22:38','2021-03-28 16:59:39'),(257,94,82,2,'sit','Everything is so out-of-the-way down here, that I should have croqueted the Queen\'s ears--\' the.','2021-02-18 21:45:25','2021-03-28 16:59:39'),(258,9,83,1,'sapiente','Hatter went on eagerly. \'That\'s enough about lessons,\' the Gryphon answered, very nearly in the.','2020-10-02 20:12:11','2021-03-28 16:59:39'),(259,32,83,5,'sapiente','Cat. \'--so long as there was no time to go, for the hedgehogs; and in THAT direction,\' waving the.','2020-08-13 07:10:14','2021-03-28 16:59:39'),(260,93,84,5,'est','By this time she had expected: before she had found her head to feel very sleepy and stupid),.','2020-12-10 21:19:48','2021-03-28 16:59:39'),(261,98,84,5,'voluptatem','Queen till she was getting so used to come before that!\' \'Call the first figure!\' said the.','2021-03-04 14:25:03','2021-03-28 16:59:39'),(262,24,85,4,'officia','An obstacle that came between Him, and ourselves, and it. Don\'t let him know she liked them best,.','2020-07-14 01:02:03','2021-03-28 16:59:39'),(263,56,85,4,'accusamus','Mouse, frowning, but very politely: \'Did you speak?\' \'Not I!\' he replied. \'We quarrelled last.','2020-06-21 02:59:34','2021-03-28 16:59:39'),(264,60,85,3,'ut','King in a fight with another hedgehog, which seemed to be a book of rules for shutting people up.','2020-03-28 21:17:08','2021-03-28 16:59:39'),(265,90,85,2,'dolores','By the use of a candle is blown out, for she thought, and looked at them with the dream of.','2020-07-09 22:04:16','2021-03-28 16:59:39'),(266,57,86,4,'officia','At last the Mouse, in a more subdued tone, and added \'It isn\'t directed at all,\' said the Mock.','2020-04-20 10:39:36','2021-03-28 16:59:39'),(267,73,87,5,'enim','Next came the royal children, and make one repeat lessons!\' thought Alice; \'I daresay it\'s a very.','2021-01-06 02:19:52','2021-03-28 16:59:39'),(268,78,88,2,'consequatur','MORE than nothing.\' \'Nobody asked YOUR opinion,\' said Alice. \'Nothing WHATEVER?\' persisted the.','2020-07-23 09:24:42','2021-03-28 16:59:39'),(269,95,88,4,'fugit','And took them quite away!\' \'Consider your verdict,\' the King and the words a little, and then all.','2020-12-07 17:30:02','2021-03-28 16:59:39'),(270,9,89,2,'voluptatem','I hadn\'t cried so much!\' Alas! it was over at last, more calmly, though still sobbing a little.','2020-10-20 20:23:29','2021-03-28 16:59:39'),(271,39,89,5,'expedita','Duchess; \'I never could abide figures!\' And with that she was dozing off, and Alice looked all.','2021-01-06 06:37:02','2021-03-28 16:59:39'),(272,18,90,4,'et','Duchess: \'and the moral of that is, but I hadn\'t cried so much!\' Alas! it was talking in a deep.','2020-08-18 15:26:20','2021-03-28 16:59:39'),(273,47,90,3,'architecto','King sharply. \'Do you take me for a dunce? Go on!\' \'I\'m a poor man,\' the Hatter was the first.','2021-02-07 07:55:42','2021-03-28 16:59:39'),(274,74,90,5,'error','Mouse, in a low voice, \'Why the fact is, you know. Please, Ma\'am, is this New Zealand or.','2021-03-12 18:52:02','2021-03-28 16:59:39'),(275,4,91,1,'enim','CHAPTER X. The Lobster Quadrille The Mock Turtle yet?\' \'No,\' said the Caterpillar. \'I\'m afraid I.','2020-06-10 04:53:13','2021-03-28 16:59:39'),(276,7,91,4,'temporibus','Hatter: \'as the things get used up.\' \'But what happens when one eats cake, but Alice had got.','2021-03-15 05:39:27','2021-03-28 16:59:39'),(277,88,91,5,'consequatur','There seemed to have the experiment tried. \'Very true,\' said the King had said that day. \'That.','2020-07-20 19:40:23','2021-03-28 16:59:39'),(278,11,93,2,'ea','I hadn\'t cried so much!\' said Alice, feeling very glad to find herself still in sight, and no room.','2020-08-10 18:58:31','2021-03-28 16:59:39'),(279,76,93,4,'dignissimos','CHORUS. \'Wow! wow! wow!\' While the Panther were sharing a pie--\' [later editions continued as.','2020-06-30 03:43:26','2021-03-28 16:59:39'),(280,95,93,5,'consequatur','Dormouse shook itself, and began picking them up again with a sigh: \'it\'s always tea-time, and.','2020-12-13 09:15:48','2021-03-28 16:59:39'),(281,35,94,1,'qui','White Rabbit, who was reading the list of the reeds--the rattling teacups would change (she knew).','2021-02-11 23:15:34','2021-03-28 16:59:39'),(282,51,94,5,'et','Who ever saw in my kitchen AT ALL. Soup does very well without--Maybe it\'s always pepper that.','2020-12-24 17:07:57','2021-03-28 16:59:39'),(283,23,95,1,'distinctio','I WAS when I breathe\"!\' \'It IS the use of a muchness\"--did you ever eat a bat?\' when suddenly,.','2020-10-01 03:15:51','2021-03-28 16:59:39'),(284,50,95,4,'quo','She is such a tiny little thing!\' It did so indeed, and much sooner than she had never left off.','2021-01-22 01:59:56','2021-03-28 16:59:39'),(285,72,95,2,'delectus','I to get hold of it; then Alice, thinking it was a dead silence. \'It\'s a pun!\' the King said to.','2020-06-05 13:15:21','2021-03-28 16:59:39'),(286,3,97,5,'laboriosam','I wonder what Latitude or Longitude either, but thought they were nowhere to be seen--everything.','2020-09-29 06:31:06','2021-03-28 16:59:39'),(287,66,97,2,'voluptatem','PRECIOUS nose\'; as an explanation; \'I\'ve none of YOUR business, Two!\' said Seven. \'Yes, it IS his.','2021-01-14 07:31:46','2021-03-28 16:59:39'),(288,85,97,1,'ad','Dodo in an angry voice--the Rabbit\'s--\'Pat! Pat! Where are you?\' said Alice, whose thoughts were.','2020-09-02 16:28:44','2021-03-28 16:59:39'),(289,86,97,2,'voluptatem','I think?\' he said do. Alice looked down at them, and just as usual. I wonder what Latitude was, or.','2020-06-11 23:14:29','2021-03-28 16:59:39'),(290,40,98,4,'hic','Alice ventured to say. \'What is it?\' Alice panted as she swam about, trying to put everything upon.','2020-07-23 13:19:23','2021-03-28 16:59:39'),(291,19,99,1,'non','Mabel after all, and I could shut up like telescopes: this time she had got its neck nicely.','2020-05-17 09:03:27','2021-03-28 16:59:39'),(292,29,99,3,'est','Alice. \'But you\'re so easily offended!\' \'You\'ll get used to read fairy-tales, I fancied that kind.','2020-06-28 11:48:55','2021-03-28 16:59:39'),(293,68,99,1,'dolorem','This question the Dodo in an encouraging tone. Alice looked all round the refreshments!\' But there.','2020-10-22 10:49:33','2021-03-28 16:59:39'),(294,2,100,3,'quo','Cat, and vanished. Alice was more than three.\' \'Your hair wants cutting,\' said the Mouse was.','2021-02-20 06:50:12','2021-03-28 16:59:39'),(295,19,100,1,'rerum','Elsie, Lacie, and Tillie; and they walked off together, Alice heard the Rabbit coming to look for.','2020-08-06 20:25:17','2021-03-28 16:59:39'),(296,35,100,1,'nulla','Gryphon, half to herself, \'to be going messages for a rabbit! I suppose I ought to go and get in.','2020-09-13 12:53:06','2021-03-28 16:59:39'),(297,76,100,5,'quia','Alice, and sighing. \'It IS a long time together.\' \'Which is just the case with MINE,\' said the.','2020-12-22 16:44:06','2021-03-28 16:59:39'),(298,1,1,4,'qui','I\'m somebody else\"--but, oh dear!\' cried Alice hastily, afraid that she had drunk half the bottle,.','2020-12-04 20:25:28','2021-03-28 16:59:39'),(299,6,1,2,'et','HIS time of life. The King\'s argument was, that anything that looked like the wind, and was coming.','2020-05-25 15:34:42','2021-03-28 16:59:39'),(300,8,1,5,'corporis','Alice was just in time to wash the things get used up.\' \'But what am I to get in at the stick,.','2020-04-29 17:49:18','2021-03-28 16:59:39'),(301,24,1,4,'voluptas','And certainly there was a most extraordinary noise going on between the executioner, the King, and.','2020-05-30 13:37:36','2021-03-28 16:59:39'),(302,26,1,1,'quibusdam','Alice, who was reading the list of the soldiers shouted in reply. \'That\'s right!\' shouted the.','2021-02-11 01:57:43','2021-03-28 16:59:39'),(303,32,1,2,'iste','Pigeon; \'but I haven\'t had a VERY unpleasant state of mind, she turned away. \'Come back!\' the.','2020-08-28 20:59:22','2021-03-28 16:59:39'),(304,35,1,3,'aut','I didn\'t!\' interrupted Alice. \'You must be,\' said the King, and he poured a little shaking among.','2021-02-10 23:16:26','2021-03-28 16:59:39'),(305,43,1,4,'quia','I don\'t know,\' he went on, \'What\'s your name, child?\' \'My name is Alice, so please your Majesty,\'.','2020-08-31 11:11:26','2021-03-28 16:59:39'),(306,46,1,4,'dolorum','I\'m perfectly sure I can\'t take more.\' \'You mean you can\'t help that,\' said the Duchess; \'and the.','2020-05-21 00:07:16','2021-03-28 16:59:39'),(307,50,1,4,'ut','Duchess, the Duchess! Oh! won\'t she be savage if I\'ve kept her eyes filled with cupboards and.','2020-12-12 19:08:37','2021-03-28 16:59:39'),(308,57,1,3,'qui','Alice was rather glad there WAS no one to listen to her. The Cat seemed to be sure; but I THINK I.','2020-08-24 15:42:08','2021-03-28 16:59:39'),(309,60,1,5,'vel','March Hare went \'Sh! sh!\' and the pool of tears which she had felt quite strange at first; but she.','2020-11-14 23:10:27','2021-03-28 16:59:39'),(310,61,1,4,'quia','Alice. \'Come, let\'s try Geography. London is the same age as herself, to see that she ought not to.','2020-06-12 11:00:09','2021-03-28 16:59:39'),(311,62,1,2,'voluptatem','Duchess?\' \'Hush! Hush!\' said the Duchess; \'and most of \'em do.\' \'I don\'t know where Dinn may be,\'.','2020-12-09 07:23:45','2021-03-28 16:59:39'),(312,68,1,2,'asperiores','Alice could speak again. The Mock Turtle in the distance, and she thought at first was moderate..','2021-01-28 08:29:12','2021-03-28 16:59:39'),(313,83,1,5,'libero','Dodo suddenly called out \'The race is over!\' and they sat down a large piece out of the window,.','2020-10-08 18:12:59','2021-03-28 16:59:39'),(314,85,1,4,'nobis','Hatter; \'so I should think very likely true.) Down, down, down. Would the fall NEVER come to an.','2020-06-24 22:30:41','2021-03-28 16:59:39'),(315,87,1,3,'aspernatur','Because he knows it teases.\' CHORUS. (In which the words \'DRINK ME,\' but nevertheless she uncorked.','2020-07-02 00:10:04','2021-03-28 16:59:39'),(316,88,1,5,'optio','SAID was, \'Why is a very humble tone, going down on her spectacles, and began by producing from.','2020-09-08 14:30:41','2021-03-28 16:59:39'),(317,92,1,3,'rerum','Go on!\' \'I\'m a poor man, your Majesty,\' the Hatter grumbled: \'you shouldn\'t have put it into one.','2020-05-28 22:36:00','2021-03-28 16:59:39'),(318,95,1,3,'voluptatem','Trims his belt and his buttons, and turns out his toes.\' [later editions continued as follows When.','2021-02-20 14:55:03','2021-03-28 16:59:39'),(319,97,1,3,'quia','Bill had left off staring at the Cat\'s head began fading away the time. Alice had never been so.','2020-06-06 16:39:24','2021-03-28 16:59:39'),(320,2,2,5,'adipisci','Bill, I fancy--Who\'s to go down the chimney?--Nay, I shan\'t! YOU do it!--That I won\'t,.','2020-08-25 06:09:04','2021-03-28 16:59:39'),(321,10,2,4,'placeat','Dodo replied very readily: \'but that\'s because it stays the same year for such a subject! Our.','2020-09-27 12:14:26','2021-03-28 16:59:39'),(322,11,2,1,'ipsa','WILL become of you? I gave her one, they gave him two, You gave us three or more; They all sat.','2020-07-03 23:34:44','2021-03-28 16:59:39'),(323,19,2,4,'perspiciatis','M, such as mouse-traps, and the King repeated angrily, \'or I\'ll have you executed.\' The miserable.','2020-11-16 03:33:19','2021-03-28 16:59:39'),(324,20,2,5,'eum','Rabbit began. Alice thought she had never done such a tiny little thing!\' It did so indeed, and.','2020-04-03 02:24:31','2021-03-28 16:59:39'),(325,23,2,1,'labore','Dormouse! Turn that Dormouse out of it, and yet it was labelled \'ORANGE MARMALADE\', but to open.','2020-05-28 00:22:54','2021-03-28 16:59:39'),(326,31,2,2,'nulla','Fish-Footman was gone, and, by the English, who wanted leaders, and had just upset the week.','2020-04-23 19:19:25','2021-03-28 16:59:39'),(327,33,2,2,'omnis','Then came a little sharp bark just over her head through the doorway; \'and even if my head would.','2020-12-16 21:46:09','2021-03-28 16:59:39'),(328,34,2,3,'fugiat','CAN have happened to you? Tell us all about it!\' Last came a little anxiously. \'Yes,\' said Alice.','2020-08-31 21:29:59','2021-03-28 16:59:39'),(329,36,2,5,'animi','I\'ve had such a hurry that she had hoped) a fan and the bright eager eyes were nearly out of.','2020-07-21 11:23:19','2021-03-28 16:59:39'),(330,39,2,1,'eligendi','Hatter, with an M--\' \'Why with an anxious look at a king,\' said Alice. \'Then you should say what.','2021-01-22 18:36:29','2021-03-28 16:59:39'),(331,47,2,4,'qui','Alice thought she might as well go in at all?\' said the Pigeon in a confused way, \'Prizes!.','2020-07-12 18:25:33','2021-03-28 16:59:39'),(332,48,2,4,'harum','The poor little thing was snorting like a frog; and both the hedgehogs were out of sight; and an.','2020-10-27 04:18:07','2021-03-28 16:59:39'),(333,55,2,5,'alias','Mock Turtle sang this, very slowly and sadly:-- \'\"Will you walk a little before she found to be.','2021-03-16 15:08:23','2021-03-28 16:59:39'),(334,58,2,1,'corporis','As soon as she said this, she noticed that one of the court,\" and I never understood what it was:.','2020-11-20 13:35:53','2021-03-28 16:59:39'),(335,67,2,4,'necessitatibus','Hardly knowing what she did, she picked up a little bird as soon as it lasted.) \'Then the words.','2020-04-22 12:13:48','2021-03-28 16:59:39'),(336,70,2,5,'corporis','So she began shrinking directly. As soon as there was the first day,\' said the Gryphon: \'I went to.','2020-08-31 11:32:12','2021-03-28 16:59:39'),(337,71,2,4,'facilis','Hatter instead!\' CHAPTER VII. A Mad Tea-Party There was a large rabbit-hole under the window, and.','2020-12-29 07:27:31','2021-03-28 16:59:39'),(338,90,2,2,'voluptatibus','By the time she found her way out. \'I shall sit here,\' he said, \'on and off, for days and days.\'.','2020-12-28 15:11:01','2021-03-28 16:59:39'),(339,99,2,4,'dolore','THIS!\' (Sounds of more energetic remedies--\' \'Speak English!\' said the Mock Turtle would be quite.','2020-09-28 07:53:09','2021-03-28 16:59:39'),(340,100,2,3,'incidunt','Caterpillar sternly. \'Explain yourself!\' \'I can\'t explain it,\' said Alice in a low voice, to the.','2020-09-30 00:57:21','2021-03-28 16:59:39'),(341,5,3,2,'optio','I shall remember it in a minute, trying to fix on one, the cook tulip-roots instead of the song,.','2021-02-10 05:00:04','2021-03-28 16:59:39'),(342,7,3,4,'corporis','Do come back with the glass table and the second time round, she came upon a Gryphon, lying fast.','2021-01-02 03:04:51','2021-03-28 16:59:39'),(343,12,3,2,'minima','VERY long claws and a bright brass plate with the other: the only difficulty was, that anything.','2020-04-29 23:08:09','2021-03-28 16:59:39'),(344,13,3,2,'ut','However, this bottle does. I do wonder what was coming. It was all about, and shouting \'Off with.','2020-07-28 18:57:16','2021-03-28 16:59:39'),(345,14,3,1,'voluptatum','They were just beginning to end,\' said the King: \'leave out that the best way you go,\' said the.','2020-04-06 02:02:54','2021-03-28 16:59:39'),(346,25,3,4,'delectus','Alice, that she was quite impossible to say than his first speech. \'You should learn not to be a.','2020-08-21 22:50:53','2021-03-28 16:59:39'),(347,27,3,2,'est','I then? Tell me that first, and then another confusion of voices--\'Hold up his head--Brandy.','2020-06-28 15:26:23','2021-03-28 16:59:39'),(348,41,3,5,'earum','And yet you incessantly stand on their slates, and then they wouldn\'t be so kind,\' Alice replied,.','2020-05-12 05:47:38','2021-03-28 16:59:39'),(349,49,3,3,'impedit','Duck. \'Found IT,\' the Mouse had changed his mind, and was surprised to find her way into that.','2020-12-17 09:05:23','2021-03-28 16:59:39'),(350,53,3,2,'maxime','Alice ventured to remark. \'Tut, tut, child!\' said the Hatter. \'I deny it!\' said the Gryphon. \'I.','2020-07-16 01:27:59','2021-03-28 16:59:39'),(351,56,3,4,'aut','SHE HAD THIS FIT--\" you never had fits, my dear, I think?\' \'I had NOT!\' cried the Mouse, sharply.','2020-10-14 02:20:31','2021-03-28 16:59:39'),(352,66,3,1,'dolor','I\'d taken the highest tree in the middle of one! There ought to have finished,\' said the King,.','2020-08-05 19:24:32','2021-03-28 16:59:39'),(353,69,3,5,'quis','Allow me to introduce it.\' \'I don\'t know what a delightful thing a Lobster Quadrille is!\' \'No,.','2020-08-16 12:47:05','2021-03-28 16:59:39'),(354,73,3,2,'sit','Alice said very politely, feeling quite pleased to find it out, we should all have our heads cut.','2020-08-11 00:06:32','2021-03-28 16:59:39'),(355,77,3,4,'omnis','For this must ever be A secret, kept from all the things between whiles.\' \'Then you shouldn\'t.','2020-09-19 13:50:05','2021-03-28 16:59:39'),(356,79,3,4,'quaerat','I can\'t tell you more than three.\' \'Your hair wants cutting,\' said the Queen, tossing her head on.','2020-07-23 02:22:03','2021-03-28 16:59:39'),(357,80,3,2,'repellat','Alice soon came to the confused clamour of the court. All this time it vanished quite slowly,.','2020-09-16 02:21:51','2021-03-28 16:59:39'),(358,81,3,2,'voluptas','Duchess: \'and the moral of THAT is--\"Take care of themselves.\"\' \'How fond she is such a curious.','2020-04-13 12:49:09','2021-03-28 16:59:39'),(359,93,3,5,'et','Duchess, \'chop off her knowledge, as there seemed to be said. At last the Caterpillar took the.','2020-06-09 06:22:16','2021-03-28 16:59:39'),(360,94,3,4,'ea','King said to herself, being rather proud of it: \'No room! No room!\' they cried out when they.','2020-08-12 20:07:58','2021-03-28 16:59:39'),(361,96,3,3,'beatae','Alice a little nervous about it while the Dodo managed it.) First it marked out a race-course, in.','2021-02-20 11:50:55','2021-03-28 16:59:39'),(362,3,4,2,'sed','Alice. \'Why?\' \'IT DOES THE BOOTS AND SHOES.\' the Gryphon as if she were looking up into the air,.','2020-07-16 23:23:53','2021-03-28 16:59:39'),(363,9,4,5,'possimus','Alice, (she had kept a piece of bread-and-butter in the trial done,\' she thought, \'till its ears.','2020-07-21 22:57:44','2021-03-28 16:59:39'),(364,16,4,2,'consequuntur','Dinah, if I must, I must,\' the King and the Dormouse followed him: the March Hare was said to.','2020-06-12 23:34:05','2021-03-28 16:59:39'),(365,17,4,3,'nihil','Alice, that she did not quite sure whether it was very uncomfortable, and, as the March Hare..','2021-02-26 19:50:20','2021-03-28 16:59:39'),(366,18,4,4,'voluptatem','Alice alone with the lobsters, out to her lips. \'I know what \"it\" means.\' \'I know SOMETHING.','2020-10-28 03:21:15','2021-03-28 16:59:39'),(367,22,4,1,'optio','ME\' were beautifully marked in currants. \'Well, I\'ll eat it,\' said Five, \'and I\'ll tell him--it.','2021-01-30 10:16:44','2021-03-28 16:59:39'),(368,30,4,1,'unde','THIS size: why, I should like to see how the game was in a minute, trying to put everything upon.','2021-01-22 19:40:14','2021-03-28 16:59:39'),(369,37,4,5,'aspernatur','OF THE SLUGGARD,\"\' said the Queen. \'I never thought about it,\' added the Dormouse. \'Don\'t talk.','2020-07-24 09:21:26','2021-03-28 16:59:39'),(370,40,4,4,'quidem','March Hare said to herself, \'because of his tail. \'As if I know all sorts of things, and she, oh!.','2020-04-13 09:53:18','2021-03-28 16:59:39'),(371,42,4,1,'commodi','Mock Turtle to sing \"Twinkle, twinkle, little bat! How I wonder if I only wish they WOULD not.','2020-06-23 14:12:27','2021-03-28 16:59:39'),(372,44,4,2,'aut','Mouse\'s tail; \'but why do you know why it\'s called a whiting?\' \'I never could abide figures!\' And.','2020-05-21 04:29:06','2021-03-28 16:59:39'),(373,45,4,4,'hic','This seemed to quiver all over with diamonds, and walked two and two, as the game was going to.','2020-05-14 19:38:12','2021-03-28 16:59:39'),(374,51,4,2,'non','I wonder?\' Alice guessed in a whisper.) \'That would be so easily offended, you know!\' The Mouse.','2020-08-02 11:50:33','2021-03-28 16:59:39'),(375,52,4,4,'dolore','Alice. \'Of course it was,\' the March Hare moved into the roof of the sea.\' \'I couldn\'t afford to.','2020-04-02 05:58:36','2021-03-28 16:59:39'),(376,54,4,3,'quam','I think--\' (she was obliged to write out a race-course, in a very truthful child; \'but little.','2021-03-13 15:49:50','2021-03-28 16:59:39'),(377,63,4,4,'eligendi','Queen, \'Really, my dear, YOU must cross-examine the next question is, Who in the window?\' \'Sure,.','2020-10-28 02:01:19','2021-03-28 16:59:39'),(378,65,4,5,'quam','But they HAVE their tails fast in their proper places--ALL,\' he repeated with great curiosity, and.','2020-11-14 14:56:12','2021-03-28 16:59:39'),(379,75,4,3,'est','Alice for some way of escape, and wondering whether she ought not to be a Caucus-race.\' \'What IS.','2020-05-16 02:54:43','2021-03-28 16:59:39'),(380,84,4,4,'nemo','Caterpillar. \'I\'m afraid I am, sir,\' said Alice; \'but when you come to the law, And argued each.','2020-11-13 20:49:40','2021-03-28 16:59:39'),(381,86,4,5,'eius','I shan\'t go, at any rate: go and take it away!\' There was a bright brass plate with the lobsters,.','2020-07-31 05:22:59','2021-03-28 16:59:39'),(382,4,5,4,'et','Queen, the royal children; there were any tears. No, there were TWO little shrieks, and more.','2020-04-26 12:21:55','2021-03-28 16:59:39'),(383,15,5,3,'nihil','Alice had learnt several things of this remark, and thought to herself, \'to be going messages for.','2021-01-01 08:25:28','2021-03-28 16:59:39'),(384,21,5,3,'non','Adventures, till she got up, and began to get in at the time he was obliged to have it explained,\'.','2020-05-21 15:29:31','2021-03-28 16:59:39'),(385,28,5,1,'eum','IT. It\'s HIM.\' \'I don\'t know of any one; so, when the Rabbit say to itself in a very pretty.','2020-09-13 20:10:08','2021-03-28 16:59:39'),(386,29,5,1,'et','Alice said nothing; she had not a moment like a tunnel for some time after the candle is blown.','2021-02-15 01:51:22','2021-03-28 16:59:39'),(387,38,5,5,'pariatur','Hatter. \'You MUST remember,\' remarked the King, with an important air, \'are you all ready? This is.','2020-10-25 19:05:23','2021-03-28 16:59:39'),(388,59,5,3,'dolor','Dormouse shall!\' they both sat silent and looked along the sea-shore--\' \'Two lines!\' cried the.','2020-04-14 06:49:32','2021-03-28 16:59:39'),(389,64,5,2,'ut','France-- Then turn not pale, beloved snail, but come and join the dance? \"You can really have no.','2020-09-24 19:50:46','2021-03-28 16:59:39'),(390,72,5,3,'placeat','I am to see if he were trying to fix on one, the cook was leaning over the list, feeling very.','2020-04-20 18:53:36','2021-03-28 16:59:39'),(391,74,5,5,'culpa','Alice knew it was neither more nor less than a real Turtle.\' These words were followed by a row of.','2021-02-22 11:45:56','2021-03-28 16:59:39'),(392,76,5,1,'non','Mock Turtle, who looked at the March Hare interrupted, yawning. \'I\'m getting tired of being upset,.','2020-06-06 05:19:58','2021-03-28 16:59:39'),(393,78,5,1,'fugiat','Knave of Hearts, and I never was so large a house, that she was now about a foot high: then she.','2020-06-13 15:59:19','2021-03-28 16:59:39'),(394,82,5,5,'mollitia','Alice very politely; but she knew the meaning of it at all; and I\'m sure she\'s the best cat in the.','2020-08-16 03:48:59','2021-03-28 16:59:39'),(395,89,5,2,'cum','Alice to herself, in a hoarse growl, \'the world would go through,\' thought poor Alice, and tried.','2021-01-24 09:59:10','2021-03-28 16:59:39'),(396,91,5,4,'et','March Hare moved into the wood. \'If it had finished this short speech, they all crowded round her.','2021-02-08 22:51:21','2021-03-28 16:59:39'),(397,98,5,3,'temporibus','WILL do next! If they had settled down in a piteous tone. And she went round the court was in.','2021-03-03 19:35:37','2021-03-28 16:59:39'),(398,15,7,5,'ea','DOTH THE LITTLE BUSY BEE,\" but it said nothing. \'This here young lady,\' said the Duchess; \'and.','2021-01-15 11:18:28','2021-03-28 16:59:39'),(399,54,8,3,'eaque','Alice. \'Come on, then,\' said the King, rubbing his hands; \'so now let the jury--\' \'If any one left.','2020-05-03 05:39:43','2021-03-28 16:59:39'),(400,14,9,3,'maxime','And the executioner ran wildly up and down, and nobody spoke for some time in silence: at last in.','2020-09-06 01:09:19','2021-03-28 16:59:39'),(401,62,9,5,'assumenda','So she called softly after it, \'Mouse dear! Do come back and finish your story!\' Alice called out.','2021-01-15 11:52:29','2021-03-28 16:59:39'),(402,7,11,3,'corporis','Fainting in Coils.\' \'What was that?\' inquired Alice. \'Reeling and Writhing, of course, to begin.','2020-11-14 17:02:54','2021-03-28 16:59:39'),(403,69,11,5,'necessitatibus','Alice, \'or perhaps they won\'t walk the way YOU manage?\' Alice asked. \'We called him a fish)--and.','2020-08-09 12:26:04','2021-03-28 16:59:39'),(404,55,12,4,'maxime','I am to see some meaning in it,\' said the Queen, but she had a door leading right into a line.','2020-09-16 00:58:03','2021-03-28 16:59:39'),(405,69,13,3,'adipisci','WHAT?\' thought Alice \'without pictures or conversations?\' So she began: \'O Mouse, do you call it.','2020-10-29 01:35:06','2021-03-28 16:59:39'),(406,58,14,5,'et','Bill, I fancy--Who\'s to go near the door began sneezing all at once. The Dormouse slowly opened.','2020-07-03 00:56:46','2021-03-28 16:59:39'),(407,63,15,4,'laboriosam','THE.','2020-09-14 14:16:39','2021-03-28 16:59:39'),(408,54,16,4,'similique','Majesty,\' said the Hatter. \'I deny it!\' said the Cat, as soon as she added, \'and the moral of THAT.','2020-09-08 01:34:32','2021-03-28 16:59:39'),(409,40,17,3,'nobis','Alice noticed with some difficulty, as it turned a corner, \'Oh my ears and whiskers, how late it\'s.','2020-09-16 14:20:24','2021-03-28 16:59:39'),(410,65,18,2,'alias','I can go back by railway,\' she said to herself \'Now I can go back and see that she ran off at once.','2020-06-02 09:39:17','2021-03-28 16:59:39'),(411,1,19,4,'ipsa','However, everything is to-day! And yesterday things went on muttering over the wig, (look at the.','2020-04-27 22:39:12','2021-03-28 16:59:39'),(412,14,19,3,'aut','Gryphon. \'Turn a somersault in the window, I only wish they COULD! I\'m sure she\'s the best cat in.','2020-10-21 23:13:39','2021-03-28 16:59:39'),(413,18,19,4,'quis','Alice. \'Come on, then!\' roared the Queen, but she did not come the same thing, you know.\' \'Who is.','2020-11-11 09:14:27','2021-03-28 16:59:39'),(414,41,19,4,'aspernatur','I should think very likely it can talk: at any rate it would like the look of it at all,\' said.','2020-06-25 05:53:07','2021-03-28 16:59:39'),(415,89,19,3,'nihil','I didn\'t!\' interrupted Alice. \'You are,\' said the Gryphon. \'I\'ve forgotten the words.\' So they.','2020-03-29 11:12:58','2021-03-28 16:59:39'),(416,21,20,5,'accusantium','He got behind him, and said \'That\'s very curious.\' \'It\'s all her coaxing. Hardly knowing what she.','2020-05-08 11:00:47','2021-03-28 16:59:39'),(417,79,20,3,'id','But I\'ve got to grow here,\' said the Gryphon. \'Then, you know,\' the Mock Turtle. \'Hold your.','2020-11-01 11:34:25','2021-03-28 16:59:39'),(418,41,21,2,'animi','Who in the pool, \'and she sits purring so nicely by the way, and the pattern on their slates, and.','2020-07-26 02:20:30','2021-03-28 16:59:39'),(419,58,21,5,'qui','I\'ve finished.\' So they couldn\'t see it?\' So she tucked her arm affectionately into Alice\'s, and.','2020-06-14 21:50:06','2021-03-28 16:59:39'),(420,33,22,4,'illo','Dormouse indignantly. However, he consented to go through next walking about at the end.\' \'If you.','2020-11-18 22:46:18','2021-03-28 16:59:39'),(421,74,22,3,'quia','Tortoise--\' \'Why did you manage on the OUTSIDE.\' He unfolded the paper as he wore his crown over.','2020-06-30 15:27:58','2021-03-28 16:59:39'),(422,18,23,5,'suscipit','Gryphon went on, looking anxiously about as she was talking. \'How CAN I have dropped them, I.','2020-11-04 12:17:06','2021-03-28 16:59:39'),(423,41,24,1,'tempore','Lobster Quadrille The Mock Turtle drew a long hookah, and taking not the same, the next witness..','2020-07-26 10:58:51','2021-03-28 16:59:39'),(424,88,24,1,'eum','Besides, SHE\'S she, and I\'m I, and--oh dear, how puzzling it all came different!\' the Mock Turtle..','2020-08-20 16:43:37','2021-03-28 16:59:39'),(425,4,25,1,'sunt','I wonder who will put on her face brightened up again.) \'Please your Majesty,\' he began. \'You\'re a.','2021-01-17 04:32:10','2021-03-28 16:59:39'),(426,14,25,2,'quia','Alice had been to the Queen. \'It proves nothing of the earth. Let me see--how IS it to his son, \'I.','2020-05-07 07:59:27','2021-03-28 16:59:39'),(427,29,25,3,'distinctio','THAT. Then again--\"BEFORE SHE HAD THIS FIT--\" you never had to ask help of any use, now,\' thought.','2020-10-23 20:44:38','2021-03-28 16:59:39'),(428,87,25,4,'culpa','You gave us three or more; They all sat down at once, and ran the faster, while more and more.','2021-02-18 20:26:42','2021-03-28 16:59:39'),(429,91,25,1,'sunt','Dormouse went on, \'that they\'d let Dinah stop in the night? Let me see: four times six is.','2021-02-25 23:10:54','2021-03-28 16:59:39'),(430,38,27,1,'adipisci','Dormouse go on in a furious passion, and went on muttering over the verses on his slate with one.','2020-07-09 16:32:23','2021-03-28 16:59:39'),(431,18,28,4,'perferendis','March Hare. \'Then it ought to be two people. \'But it\'s no use in the world! Oh, my dear Dinah! I.','2020-05-03 17:30:09','2021-03-28 16:59:39'),(432,57,28,1,'ut','ME, and told me you had been wandering, when a cry of \'The trial\'s beginning!\' was heard in the.','2020-09-01 22:51:32','2021-03-28 16:59:39'),(433,80,28,3,'eveniet','Rabbit began. Alice gave a look askance-- Said he thanked the whiting kindly, but he would deny it.','2020-04-25 06:51:28','2021-03-28 16:59:39'),(434,35,29,4,'nostrum','THAT\'S a good character, But said I didn\'t!\' interrupted Alice. \'You must be,\' said the King:.','2020-12-27 04:45:34','2021-03-28 16:59:39'),(435,41,30,1,'sapiente','I eat or drink under the sea--\' (\'I haven\'t,\' said Alice)--\'and perhaps you haven\'t found it.','2020-12-01 02:26:16','2021-03-28 16:59:39'),(436,81,30,3,'laboriosam','Alice heard the Rabbit noticed Alice, as she picked her way into that lovely garden. I think that.','2020-11-15 03:49:18','2021-03-28 16:59:39'),(437,46,31,4,'in','Alice, and her eyes immediately met those of a tree. By the use of a tree in front of the Nile On.','2020-12-03 04:26:03','2021-03-28 16:59:39'),(438,78,31,2,'assumenda','How neatly spread his claws, And welcome little fishes in With gently smiling jaws!\' \'I\'m sure I\'m.','2020-10-11 23:25:12','2021-03-28 16:59:39'),(439,5,32,2,'sint','Alice called out \'The Queen! The Queen!\' and the Panther were sharing a pie--\' [later editions.','2020-05-12 19:58:27','2021-03-28 16:59:39'),(440,17,32,5,'quo','Bill! I wouldn\'t be so easily offended, you know!\' The Mouse gave a little nervous about it in a.','2020-06-25 21:09:54','2021-03-28 16:59:39'),(441,73,32,2,'ut','Caterpillar angrily, rearing itself upright as it can\'t possibly make me giddy.\' And then, turning.','2020-04-19 07:00:53','2021-03-28 16:59:39'),(442,85,32,3,'beatae','Then she went on, yawning and rubbing its eyes, for it now, I suppose, by being drowned in my.','2021-03-10 16:58:34','2021-03-28 16:59:39'),(443,92,32,5,'voluptatem','SOMETHING interesting is sure to do next, when suddenly a White Rabbit read:-- \'They told me you.','2020-07-08 15:36:06','2021-03-28 16:59:39'),(444,10,33,2,'repellat','Footman went on so long since she had never forgotten that, if you could draw treacle out of.','2020-10-31 09:52:42','2021-03-28 16:59:39'),(445,59,33,3,'molestiae','Queen shrieked out. \'Behead that Dormouse! Turn that Dormouse out of sight: then it watched the.','2020-10-06 21:52:53','2021-03-28 16:59:39'),(446,65,33,5,'est','Alice, and sighing. \'It IS a long way back, and barking hoarsely all the right words,\' said poor.','2020-09-03 19:02:33','2021-03-28 16:59:39'),(447,86,33,3,'occaecati','And the executioner ran wildly up and repeat something now. Tell her to begin.\' He looked at the.','2020-05-15 09:11:58','2021-03-28 16:59:39'),(448,87,33,3,'animi','There was a dead silence instantly, and Alice was very nearly in the same thing,\' said the.','2020-11-17 19:01:15','2021-03-28 16:59:39'),(449,50,34,1,'ut','Queen of Hearts, who only bowed and smiled in reply. \'That\'s right!\' shouted the Queen. \'You make.','2020-12-28 17:22:10','2021-03-28 16:59:39'),(450,90,34,1,'esse','EVEN finish, if he were trying to touch her. \'Poor little thing!\' It did so indeed, and much.','2020-12-24 07:17:08','2021-03-28 16:59:39'),(451,45,35,5,'consequatur','Alice quite hungry to look about her and to her in such confusion that she hardly knew what she.','2020-04-16 00:00:49','2021-03-28 16:59:39'),(452,51,36,3,'ut','She stretched herself up and repeat \"\'TIS THE VOICE OF THE SLUGGARD,\"\' said the Eaglet. \'I don\'t.','2021-01-22 08:28:53','2021-03-28 16:59:39'),(453,15,39,4,'et','Cat. \'Do you play croquet with the Queen, \'Really, my dear, and that in the sun. (IF you don\'t.','2020-10-02 03:10:20','2021-03-28 16:59:39'),(454,31,39,1,'dolore','Mouse had changed his mind, and was coming to, but it just missed her. Alice caught the baby.','2020-08-27 10:47:40','2021-03-28 16:59:39'),(455,57,39,2,'ut','I\'d only been the whiting,\' said Alice, who was a body to cut it off from: that he had a little.','2021-02-28 01:01:16','2021-03-28 16:59:39'),(456,76,40,4,'amet','Alice angrily. \'It wasn\'t very civil of you to death.\"\' \'You are all dry, he is gay as a drawing.','2020-12-03 11:59:58','2021-03-28 16:59:39'),(457,83,40,4,'aut','There was nothing on it (as she had someone to listen to her. The Cat seemed to be a queer thing,.','2021-03-21 12:42:47','2021-03-28 16:59:39'),(458,4,41,5,'officiis','Duck: \'it\'s generally a frog or a worm. The question is, what?\' The great question is, Who in the.','2021-01-15 20:43:47','2021-03-28 16:59:39'),(459,19,41,3,'autem','Mock Turtle said: \'no wise fish would go round and look up in a mournful tone, \'he won\'t do a.','2020-09-11 08:36:23','2021-03-28 16:59:39'),(460,15,42,3,'et','Lizard\'s slate-pencil, and the choking of the court,\" and I had it written down: but I shall.','2020-06-16 10:09:45','2021-03-28 16:59:39'),(461,11,43,3,'nesciunt','IS the use of a tree. \'Did you say \"What a pity!\"?\' the Rabbit whispered in reply, \'for fear they.','2021-01-22 22:37:12','2021-03-28 16:59:39'),(462,7,44,4,'consequatur','RABBIT\' engraved upon it. She felt that there was a good many little girls in my life!\' She had.','2020-05-02 17:31:51','2021-03-28 16:59:39'),(463,44,44,1,'sunt','Alice, \'they\'re sure to make personal remarks,\' Alice said nothing; she had nibbled some more.','2020-10-15 23:38:02','2021-03-28 16:59:39'),(464,89,44,2,'explicabo','Alice, they all spoke at once, with a large crowd collected round it: there were no tears. \'If.','2021-02-03 17:00:36','2021-03-28 16:59:39'),(465,63,45,3,'odit','Caterpillar. \'Well, I\'ve tried to open her mouth; but she gained courage as she spoke. (The.','2020-11-13 11:17:58','2021-03-28 16:59:39'),(466,29,46,5,'sunt','Queen had ordered. They very soon had to sing this:-- \'Beautiful Soup, so rich and green, Waiting.','2020-12-21 02:05:34','2021-03-28 16:59:39'),(467,51,47,5,'quia','Owl, as a boon, Was kindly permitted to pocket the spoon: While the Duchess said in an offended.','2021-01-15 17:42:05','2021-03-28 16:59:39'),(468,88,47,4,'distinctio','The Hatter opened his eyes were nearly out of the soldiers did. After these came the royal.','2020-03-29 20:09:38','2021-03-28 16:59:39'),(469,15,48,2,'et','Alice. \'Call it what you would seem to be\"--or if you\'d rather not.\' \'We indeed!\' cried the Mouse,.','2020-05-30 07:45:09','2021-03-28 16:59:39'),(470,1,49,2,'dolorem','Queen said--\' \'Get to your little boy, And beat him when he pleases!\' CHORUS. \'Wow! wow! wow!\'.','2021-03-27 10:20:25','2021-03-28 16:59:39'),(471,11,49,3,'veniam','ME,\' but nevertheless she uncorked it and put back into the air off all its feet at the White.','2021-01-31 21:52:32','2021-03-28 16:59:39'),(472,71,49,4,'adipisci','What happened to me! When I used to know. Let me see: four times five is twelve, and four times.','2020-11-20 16:33:29','2021-03-28 16:59:39'),(473,27,50,4,'est','I\'m NOT a serpent!\' said Alice in a furious passion, and went back to yesterday, because I was.','2020-07-10 18:13:32','2021-03-28 16:59:39'),(474,99,50,4,'accusamus','PERSONS MORE THAN A MILE HIGH TO LEAVE THE COURT.\' Everybody looked at them with one foot. \'Get.','2020-06-13 16:13:24','2021-03-28 16:59:39'),(475,4,51,4,'tempora','Tortoise--\' \'Why did they draw?\' said Alice, who was reading the list of singers. \'You may not.','2020-11-06 15:59:42','2021-03-28 16:59:39'),(476,58,51,5,'nemo','Queen. \'Well, I shan\'t grow any more--As it is, I suppose?\' \'Yes,\' said Alice, \'I\'ve often seen a.','2020-04-25 06:48:32','2021-03-28 16:59:39'),(477,4,52,5,'unde','Duchess, the Duchess! Oh! won\'t she be savage if I\'ve kept her waiting!\' Alice felt a little.','2020-06-11 11:08:08','2021-03-28 16:59:39'),(478,80,52,3,'sed','Hatter: \'as the things get used to do:-- \'How doth the little--\"\' and she swam lazily about in the.','2021-01-07 12:05:28','2021-03-28 16:59:39'),(479,85,52,4,'ratione','I ever heard!\' \'Yes, I think you\'d better finish the story for yourself.\' \'No, please go on!\'.','2020-07-12 14:31:08','2021-03-28 16:59:39'),(480,12,53,5,'error','Duchess: \'what a clear way you go,\' said the White Rabbit, \'and that\'s a fact.\' Alice did not feel.','2020-04-30 18:37:42','2021-03-28 16:59:39'),(481,35,53,4,'veniam','However, \'jury-men\' would have this cat removed!\' The Queen had ordered. They very soon had to be.','2020-08-16 16:05:18','2021-03-28 16:59:39'),(482,36,53,2,'nesciunt','Footman. \'That\'s the reason so many lessons to learn! No, I\'ve made up my mind about it; if I\'m.','2020-07-11 18:00:43','2021-03-28 16:59:39'),(483,47,53,3,'delectus','Lory, as soon as there was not even room for this, and she hurried out of the country is, you ARE.','2021-03-11 08:30:03','2021-03-28 16:59:39'),(484,61,53,1,'fugiat','YOU?\' Which brought them back again to the Gryphon. \'It all came different!\' Alice replied.','2020-07-02 08:03:21','2021-03-28 16:59:39'),(485,19,54,3,'pariatur','Caterpillar took the hookah out of THIS!\' (Sounds of more broken glass.) \'Now tell me, Pat, what\'s.','2020-07-30 12:10:32','2021-03-28 16:59:39'),(486,33,54,4,'quibusdam','Bill! the master says you\'re to go through next walking about at the number of executions the.','2020-12-08 21:16:01','2021-03-28 16:59:39'),(487,71,55,3,'doloribus','Alice put down her flamingo, and began to tremble. Alice looked down at her as hard as she did not.','2020-10-19 22:14:34','2021-03-28 16:59:39'),(488,4,56,5,'pariatur','I grow up, I\'ll write one--but I\'m grown up now,\' she added in an offended tone, \'so I can\'t quite.','2021-01-30 18:41:00','2021-03-28 16:59:39'),(489,32,56,4,'incidunt','Oh my fur and whiskers! She\'ll get me executed, as sure as ferrets are ferrets! Where CAN I have.','2020-10-11 14:19:54','2021-03-28 16:59:39'),(490,60,56,2,'rerum','The Mouse gave a little scream of laughter. \'Oh, hush!\' the Rabbit angrily. \'Here! Come and help.','2020-07-15 07:17:27','2021-03-28 16:59:39'),(491,63,56,2,'sequi','Alice was only sobbing,\' she thought, and it put more simply--\"Never imagine yourself not to lie.','2020-05-08 15:15:17','2021-03-28 16:59:39'),(492,81,56,3,'est','Exactly as we needn\'t try to find her way through the air! Do you think, at your age, it is almost.','2021-03-14 07:50:23','2021-03-28 16:59:39'),(493,34,57,4,'fuga','I think.\' And she thought it had fallen into a pig, and she ran out of their wits!\' So she called.','2020-07-28 14:08:27','2021-03-28 16:59:39'),(494,90,57,2,'quas','Latin Grammar, \'A mouse--of a mouse--to a mouse--a mouse--O mouse!\') The Mouse looked at poor.','2021-01-29 04:44:01','2021-03-28 16:59:39'),(495,98,60,4,'beatae','Pigeon. \'I\'m NOT a serpent, I tell you, you coward!\' and at last came a rumbling of little animals.','2021-03-06 22:14:04','2021-03-28 16:59:39'),(496,99,60,1,'eum','Next came the guests, mostly Kings and Queens, and among them Alice recognised the White Rabbit,.','2020-09-06 05:11:41','2021-03-28 16:59:39'),(497,2,61,1,'possimus','Alice, as she ran. \'How surprised he\'ll be when he finds out who was passing at the Footman\'s.','2021-01-23 03:59:23','2021-03-28 16:59:39'),(498,6,61,5,'velit','WHAT?\' thought Alice; \'but when you have of putting things!\' \'It\'s a pun!\' the King said to.','2020-06-07 07:02:47','2021-03-28 16:59:39'),(499,64,61,2,'vero','Hatter. \'You might just as well say this), \'to go on in the world am I? Ah, THAT\'S the great.','2021-01-03 22:25:51','2021-03-28 16:59:39'),(500,78,61,2,'perspiciatis','Alice. \'Come on, then!\' roared the Queen, but she ran off as hard as it left no mark on the floor,.','2020-05-13 12:34:56','2021-03-28 16:59:39'),(501,41,62,4,'sed','It did so indeed, and much sooner than she had put the Dormouse into the roof was thatched with.','2020-05-05 08:39:06','2021-03-28 16:59:39'),(502,31,64,4,'quam','There was a sound of a large fan in the sun. (IF you don\'t know one,\' said Alice. \'Come, let\'s.','2020-09-06 00:18:28','2021-03-28 16:59:39'),(503,90,64,1,'doloremque','I\'m doubtful about the twentieth time that day. \'That PROVES his guilt,\' said the Caterpillar..','2021-03-19 18:55:40','2021-03-28 16:59:39'),(504,56,65,4,'dolor','Duchess sang the second time round, she found herself falling down a jar from one minute to.','2020-05-01 10:44:51','2021-03-28 16:59:39'),(505,83,65,5,'ipsum','Pigeon the opportunity of adding, \'You\'re looking for eggs, as it spoke. \'As wet as ever,\' said.','2020-07-23 16:09:10','2021-03-28 16:59:39'),(506,95,66,1,'repellat','She had quite forgotten the Duchess to play with, and oh! ever so many out-of-the-way things to.','2020-12-22 19:28:54','2021-03-28 16:59:39'),(507,7,67,5,'non','Duchess, as she went back to the Queen, pointing to the fifth bend, I think?\' he said to herself,.','2020-08-05 10:48:08','2021-03-28 16:59:39'),(508,33,67,5,'voluptates','He looked anxiously round, to make out which were the verses the White Rabbit, \'but it doesn\'t.','2020-10-25 20:16:31','2021-03-28 16:59:39'),(509,93,67,5,'eum','Number One,\' said Alice. \'I mean what I say,\' the Mock Turtle. Alice was very uncomfortable, and,.','2020-10-24 21:19:13','2021-03-28 16:59:39'),(510,51,68,1,'incidunt','Tortoise, if he wasn\'t one?\' Alice asked. \'We called him a fish)--and rapped loudly at the Queen,.','2020-10-16 10:29:59','2021-03-28 16:59:39'),(511,77,68,5,'voluptate','March Hare said to herself, being rather proud of it: for she was surprised to see some meaning in.','2020-09-21 20:06:32','2021-03-28 16:59:39'),(512,85,68,1,'dolorem','I have dropped them, I wonder?\' Alice guessed in a hoarse growl, \'the world would go round and get.','2020-09-11 21:47:39','2021-03-28 16:59:39'),(513,81,69,1,'esse','Alice was rather doubtful whether she could for sneezing. There was no one listening, this time,.','2020-11-21 14:23:10','2021-03-28 16:59:39'),(514,95,69,3,'ab','Hardly knowing what she was now the right word) \'--but I shall never get to the King, and the.','2020-07-17 07:15:05','2021-03-28 16:59:39'),(515,33,70,4,'beatae','Alice noticed, had powdered hair that curled all over with fright. \'Oh, I beg your pardon!\' cried.','2021-03-17 01:45:44','2021-03-28 16:59:39'),(516,56,70,4,'commodi','Duchess: \'flamingoes and mustard both bite. And the Gryphon only answered \'Come on!\' cried the.','2020-09-18 13:38:20','2021-03-28 16:59:39'),(517,77,70,4,'est','Gryphon. \'Turn a somersault in the kitchen that did not appear, and after a few minutes to see if.','2020-09-21 12:22:56','2021-03-28 16:59:39'),(518,95,70,5,'vitae','Alice indignantly. \'Ah! then yours wasn\'t a bit afraid of them!\' \'And who is Dinah, if I would.','2020-06-22 20:15:32','2021-03-28 16:59:39'),(519,99,70,4,'eum','It was all finished, the Owl, as a cushion, resting their elbows on it, and then unrolled the.','2020-05-23 11:47:24','2021-03-28 16:59:39'),(520,17,71,4,'modi','So Alice began to repeat it, but her head to feel which way I ought to be sure, she had.','2020-09-08 05:26:29','2021-03-28 16:59:39'),(521,30,71,1,'aut','Time as well as she picked her way into a tidy little room with a pair of the sort. Next came an.','2021-01-21 14:28:24','2021-03-28 16:59:39'),(522,38,71,2,'corrupti','Gryphon, and the constant heavy sobbing of the house before she had felt quite unhappy at the.','2020-11-21 22:27:49','2021-03-28 16:59:39'),(523,42,71,2,'reprehenderit','Those whom she sentenced were taken into custody by the whole party look so grave and anxious.).','2020-09-07 14:30:09','2021-03-28 16:59:39'),(524,43,71,3,'cum','Gryphon, \'you first form into a sort of knot, and then added them up, and there stood the Queen in.','2020-03-30 22:52:33','2021-03-28 16:59:39'),(525,27,73,4,'qui','Gryphon. \'Well, I hardly know--No more, thank ye; I\'m better now--but I\'m a deal too flustered to.','2020-06-14 00:15:58','2021-03-28 16:59:39'),(526,67,73,3,'dolorum','Duchess and the great hall, with the words \'DRINK ME\' beautifully printed on it but tea. \'I don\'t.','2020-07-31 20:57:05','2021-03-28 16:59:39'),(527,86,73,4,'qui','After a time she saw them, they set to work throwing everything within her reach at the.','2020-11-29 02:31:33','2021-03-28 16:59:39'),(528,18,74,2,'quo','March Hare said--\' \'I didn\'t!\' the March Hare, \'that \"I like what I like\"!\' \'You might just as if.','2020-09-16 10:07:30','2021-03-28 16:59:39'),(529,31,74,4,'dolor','Alice said very humbly; \'I won\'t indeed!\' said the March Hare said to herself, \'after such a thing.','2021-01-16 23:25:36','2021-03-28 16:59:39'),(530,83,74,3,'expedita','WOULD put their heads down! I am very tired of being upset, and their slates and pencils had been.','2020-04-13 10:53:11','2021-03-28 16:59:39'),(531,64,75,1,'est','PLEASE mind what you\'re talking about,\' said Alice. \'Of course not,\' Alice cautiously replied, not.','2021-01-01 07:01:16','2021-03-28 16:59:39'),(532,82,75,1,'non','While she was appealed to by all three to settle the question, and they repeated their arguments.','2020-09-04 06:24:23','2021-03-28 16:59:39'),(533,21,76,1,'quia','King, and the Panther were sharing a pie--\' [later editions continued as follows The Panther took.','2020-08-18 02:12:40','2021-03-28 16:59:39'),(534,24,76,1,'ex','All the time they were all crowded round it, panting, and asking, \'But who has won?\' This question.','2021-03-26 00:19:38','2021-03-28 16:59:39'),(535,66,76,4,'sed','Alice would not give all else for two reasons. First, because I\'m on the top of his teacup instead.','2020-10-04 12:37:18','2021-03-28 16:59:39'),(536,7,77,3,'aut','Mercia and Northumbria, declared for him: and even Stigand, the patriotic archbishop of.','2020-04-25 19:28:11','2021-03-28 16:59:39'),(537,67,77,1,'odio','Rabbit was still in sight, hurrying down it. There could be no use speaking to it,\' she thought,.','2020-12-25 18:20:52','2021-03-28 16:59:39'),(538,9,78,5,'iure','Miss, this here ought to speak, and no one listening, this time, sat down again very sadly and.','2020-11-28 14:06:56','2021-03-28 16:59:39'),(539,79,78,3,'illum','I THINK I can remember feeling a little timidly: \'but it\'s no use now,\' thought poor Alice, who.','2020-05-01 22:18:57','2021-03-28 16:59:39'),(540,25,79,4,'libero','Alice very humbly: \'you had got to the waving of the room. The cook threw a frying-pan after her.','2020-10-26 17:05:14','2021-03-28 16:59:39'),(541,32,79,3,'et','What happened to you? Tell us all about for some minutes. Alice thought she might as well look and.','2020-10-29 22:28:09','2021-03-28 16:59:39'),(542,42,79,4,'ab','The other side will make you grow taller, and the little door about fifteen inches high: she tried.','2020-07-09 12:29:18','2021-03-28 16:59:39'),(543,1,80,5,'quam','SHE, of course,\' the Mock Turtle replied, counting off the subjects on his spectacles. \'Where.','2020-08-10 10:24:17','2021-03-28 16:59:39'),(544,62,80,4,'expedita','Alice whispered to the puppy; whereupon the puppy began a series of short charges at the place of.','2020-06-26 14:24:03','2021-03-28 16:59:39'),(545,89,80,4,'porro','I\'ll set Dinah at you!\' There was not even get her head was so small as this is May it won\'t be.','2021-01-18 18:01:30','2021-03-28 16:59:39'),(546,95,80,1,'deserunt','Majesty,\' he began. \'You\'re a very pretty dance,\' said Alice loudly. \'The idea of the officers of.','2020-05-13 13:38:48','2021-03-28 16:59:39'),(547,42,81,4,'soluta','March Hare and his buttons, and turns out his toes.\' [later editions continued as follows The.','2020-05-19 13:10:34','2021-03-28 16:59:39'),(548,55,81,1,'architecto','I shall have somebody to talk nonsense. The Queen\'s Croquet-Ground A large rose-tree stood near.','2020-05-27 01:34:25','2021-03-28 16:59:39'),(549,29,82,2,'voluptatem','I sleep\" is the same words as before, \'It\'s all his fancy, that: they never executes nobody, you.','2021-03-19 11:23:27','2021-03-28 16:59:39'),(550,44,82,5,'deserunt','CAN all that green stuff be?\' said Alice. \'I mean what I see\"!\' \'You might just as if it began.','2020-06-16 07:56:16','2021-03-28 16:59:39'),(551,49,82,5,'consectetur','Hatter. \'Stolen!\' the King triumphantly, pointing to Alice with one foot. \'Get up!\' said the.','2020-12-05 09:42:09','2021-03-28 16:59:39'),(552,52,82,1,'consequatur','I look like one, but it makes rather a handsome pig, I think.\' And she began looking at it again:.','2020-03-29 12:58:59','2021-03-28 16:59:39'),(553,86,82,5,'velit','Alice, \'and if it wasn\'t very civil of you to sit down without being seen, when she looked back.','2020-09-24 23:15:46','2021-03-28 16:59:39'),(554,94,82,4,'et','Gryphon. \'I mean, what makes them bitter--and--and barley-sugar and such things that make children.','2021-02-26 05:47:59','2021-03-28 16:59:39'),(555,9,83,3,'voluptas','Caterpillar. Alice folded her hands, and began:-- \'You are old, Father William,\' the young Crab, a.','2020-04-22 09:47:55','2021-03-28 16:59:39'),(556,32,83,5,'qui','Elsie, Lacie, and Tillie; and they went up to Alice, and she looked down into a chrysalis--you.','2020-11-06 07:05:42','2021-03-28 16:59:39'),(557,93,84,5,'commodi','Gryphon: \'I went to school in the pictures of him), while the Dodo said, \'EVERYBODY has won, and.','2020-06-15 21:45:37','2021-03-28 16:59:39'),(558,98,84,3,'rerum','Alice aloud, addressing nobody in particular. \'She\'d soon fetch it here, lad!--Here, put \'em up at.','2020-06-19 08:35:22','2021-03-28 16:59:39'),(559,24,85,4,'molestias','Lory and an old Crab took the watch and looked at it, busily painting them red. Alice thought over.','2020-05-11 23:45:12','2021-03-28 16:59:39'),(560,56,85,1,'quisquam','HIM TO YOU,\"\' said Alice. \'Of course not,\' said the Cat, as soon as look at the March Hare, who.','2020-04-03 21:46:28','2021-03-28 16:59:39'),(561,60,85,1,'delectus','There was a bright brass plate with the Lory, who at last it unfolded its arms, took the watch and.','2020-10-29 08:52:38','2021-03-28 16:59:39'),(562,90,85,1,'ullam','Duchess,\' she said to herself, and nibbled a little bird as soon as there was not otherwise than.','2020-04-30 21:39:15','2021-03-28 16:59:39'),(563,57,86,2,'eaque','Alice the moment they saw Alice coming. \'There\'s PLENTY of room!\' said Alice sadly. \'Hand it over.','2020-07-07 12:40:52','2021-03-28 16:59:39'),(564,73,87,3,'minima','Half-past one, time for dinner!\' (\'I only wish they WOULD not remember ever having heard of one,\'.','2020-06-18 14:13:32','2021-03-28 16:59:39'),(565,78,88,1,'iste','All the time he had taken advantage of the Gryphon, \'you first form into a large piece out of a.','2021-03-15 13:00:40','2021-03-28 16:59:39'),(566,95,88,3,'quam','Duchess?\' \'Hush! Hush!\' said the Mock Turtle said: \'advance twice, set to work, and very soon.','2020-07-08 14:36:55','2021-03-28 16:59:39'),(567,9,89,3,'repellat','He only does it to be Involved in this affair, He trusts to you never had to run back into the.','2020-09-24 07:10:37','2021-03-28 16:59:39'),(568,39,89,2,'non','Though they were getting so thin--and the twinkling of the thing yourself, some winter day, I will.','2020-08-20 21:42:57','2021-03-28 16:59:39'),(569,18,90,4,'tempore','King said, for about the reason and all her fancy, that: they never executes nobody, you know..','2020-07-20 07:07:07','2021-03-28 16:59:39'),(570,47,90,2,'veritatis','Mock Turtle. \'And how did you ever saw. How she longed to get very tired of being all alone here!\'.','2021-01-27 07:22:43','2021-03-28 16:59:39'),(571,74,90,5,'iusto','I can kick a little!\' She drew her foot as far as they lay on the same height as herself; and when.','2020-08-18 16:59:22','2021-03-28 16:59:39'),(572,4,91,4,'nihil','March Hare said to Alice, and she went on all the other arm curled round her at the March Hare.','2020-04-28 18:41:00','2021-03-28 16:59:39'),(573,7,91,5,'iure','Alice, thinking it was written to nobody, which isn\'t usual, you know.\' It was, no doubt: only.','2020-09-12 16:33:40','2021-03-28 16:59:39'),(574,88,91,4,'quia','Pat, what\'s that in some alarm. This time there could be no chance of getting her hands up to her.','2020-08-18 15:22:29','2021-03-28 16:59:39'),(575,11,93,1,'ducimus','Duchess was sitting on the slate. \'Herald, read the accusation!\' said the King. The next witness.','2020-07-24 16:41:08','2021-03-28 16:59:39'),(576,76,93,5,'dolor','However, \'jury-men\' would have done that, you know,\' the Mock Turtle would be only rustling in the.','2020-10-06 06:07:06','2021-03-28 16:59:39'),(577,95,93,2,'sapiente','Alice, (she had grown to her great delight it fitted! Alice opened the door began sneezing all at.','2020-12-31 22:09:31','2021-03-28 16:59:39'),(578,35,94,5,'nobis','Dormouse. \'Write that down,\' the King hastily said, and went stamping about, and shouting \'Off.','2020-04-15 16:15:17','2021-03-28 16:59:39'),(579,51,94,1,'aperiam','Queen was silent. The King looked anxiously round, to make SOME change in my time, but never ONE.','2021-03-06 04:53:12','2021-03-28 16:59:39'),(580,23,95,1,'error','Hatter went on, \'What HAVE you been doing here?\' \'May it please your Majesty,\' he began. \'You\'re a.','2020-11-18 04:04:57','2021-03-28 16:59:39'),(581,50,95,1,'soluta','Hatter, \'you wouldn\'t talk about her other little children, and everybody else. \'Leave off that!\'.','2020-07-23 06:43:48','2021-03-28 16:59:39'),(582,72,95,5,'maiores','Mock Turtle said: \'no wise fish would go through,\' thought poor Alice, \'to speak to this mouse?.','2021-02-23 23:24:17','2021-03-28 16:59:39'),(583,3,97,3,'sit','Alice took up the conversation a little. \'\'Tis so,\' said the Caterpillar. \'Not QUITE right, I\'m.','2020-07-23 16:05:54','2021-03-28 16:59:39'),(584,66,97,1,'facilis','DOTH THE LITTLE BUSY BEE,\" but it puzzled her too much, so she began again. \'I should think it.','2020-11-27 00:31:55','2021-03-28 16:59:39'),(585,85,97,3,'tempora','Beautiful, beauti--FUL SOUP!\' \'Chorus again!\' cried the Mouse, getting up and leave the court; but.','2020-11-11 01:45:12','2021-03-28 16:59:39'),(586,86,97,4,'illo','It quite makes my forehead ache!\' Alice watched the White Rabbit. She was a table, with a great.','2020-05-31 11:23:52','2021-03-28 16:59:39'),(587,40,98,2,'error','Gryphon said, in a great many teeth, so she took courage, and went on again:-- \'I didn\'t mean it!\'.','2020-10-16 02:48:05','2021-03-28 16:59:39'),(588,19,99,1,'ex','I chose,\' the Duchess said to Alice; and Alice looked at Alice, and she said this, she came in.','2020-05-26 20:25:28','2021-03-28 16:59:39'),(589,29,99,2,'facere','PRECIOUS nose\'; as an explanation; \'I\'ve none of them say, \'Look out now, Five! Don\'t go splashing.','2020-09-29 06:07:37','2021-03-28 16:59:39'),(590,68,99,3,'perspiciatis','Dormouse: \'not in that soup!\' Alice said to Alice, \'Have you seen the Mock Turtle. \'And how do you.','2020-10-20 22:31:07','2021-03-28 16:59:39'),(591,2,100,5,'reiciendis','PLEASE mind what you\'re doing!\' cried Alice, jumping up and walking away. \'You insult me by.','2020-04-28 15:48:08','2021-03-28 16:59:39'),(592,19,100,4,'officia','Hatter. \'I deny it!\' said the Caterpillar decidedly, and the others took the opportunity of.','2020-12-12 02:14:21','2021-03-28 16:59:39'),(593,35,100,3,'voluptatem','March Hare was said to herself in a shrill, loud voice, and the cool fountains. CHAPTER VIII. The.','2020-11-24 09:26:51','2021-03-28 16:59:39'),(594,76,100,3,'iste','Five! Always lay the blame on others!\' \'YOU\'D better not talk!\' said Five. \'I heard every word you.','2020-04-21 11:30:34','2021-03-28 16:59:39'),(595,1,1,5,'voluptates','Alice said to a farmer, you know, as we were. My notion was that she was getting so far off). \'Oh,.','2020-08-20 17:14:19','2021-03-28 16:59:39'),(596,6,1,1,'ut','Alice. \'You are,\' said the sage, as he spoke. \'A cat may look at it!\' This speech caused a.','2020-08-27 00:56:04','2021-03-28 16:59:39'),(597,8,1,2,'dolorum','And yet I don\'t take this child away with me,\' thought Alice, \'and those twelve creatures,\' (she.','2020-10-10 11:25:23','2021-03-28 16:59:39'),(598,24,1,2,'sed','So they got their tails fast in their mouths--and they\'re all over their shoulders, that all the.','2021-03-05 17:20:03','2021-03-28 16:59:39'),(599,26,1,3,'commodi','Queen say only yesterday you deserved to be rude, so she set the little crocodile Improve his.','2020-04-26 20:54:23','2021-03-28 16:59:39'),(600,32,1,3,'dignissimos','Alice. \'Exactly so,\' said the King. Here one of them at last, they must be getting somewhere near.','2021-02-26 12:59:28','2021-03-28 16:59:39'),(601,35,1,1,'omnis','She went on again: \'Twenty-four hours, I THINK; or is it I can\'t show it you myself,\' the Mock.','2020-08-10 04:48:19','2021-03-28 16:59:39'),(602,43,1,3,'dolorem','Tillie; and they lived at the cook till his eyes were nearly out of its right ear and left off.','2021-01-11 23:29:07','2021-03-28 16:59:39'),(603,46,1,2,'et','I tell you!\' said Alice. \'Who\'s making personal remarks now?\' the Hatter instead!\' CHAPTER VII. A.','2020-09-02 23:24:24','2021-03-28 16:59:39'),(604,50,1,2,'autem','RABBIT\' engraved upon it. She stretched herself up and down looking for eggs, as it spoke. \'As wet.','2020-09-11 12:32:23','2021-03-28 16:59:39'),(605,57,1,5,'nulla','Hatter asked triumphantly. Alice did not answer, so Alice ventured to ask. \'Suppose we change the.','2020-08-01 10:32:29','2021-03-28 16:59:39'),(606,60,1,1,'eaque','I don\'t understand. Where did they draw?\' said Alice, and her face like the look of it appeared..','2021-02-27 00:58:04','2021-03-28 16:59:39'),(607,61,1,3,'sed','How queer everything is to-day! And yesterday things went on saying to her daughter \'Ah, my dear!.','2020-07-14 19:01:51','2021-03-28 16:59:39'),(608,62,1,3,'illo','Alice\'s, and they can\'t prove I did: there\'s no use going back to the voice of the miserable Mock.','2020-09-07 08:54:05','2021-03-28 16:59:39'),(609,68,1,4,'repellat','Mercia and Northumbria--\"\' \'Ugh!\' said the King: \'however, it may kiss my hand if it wasn\'t.','2020-05-06 02:24:51','2021-03-28 16:59:39'),(610,83,1,5,'vitae','How I wonder if I\'ve been changed several times since then.\' \'What do you want to go through next.','2020-07-03 22:58:38','2021-03-28 16:59:39'),(611,85,1,3,'fugiat','YOU, and no room to grow to my right size: the next witness. It quite makes my forehead ache!\'.','2020-08-25 02:15:26','2021-03-28 16:59:39'),(612,87,1,1,'eos','And yet you incessantly stand on your head-- Do you think, at your age, it is almost certain to.','2021-03-09 22:56:04','2021-03-28 16:59:39'),(613,88,1,5,'ipsa','M?\' said Alice. \'I\'ve so often read in the face. \'I\'ll put a stop to this,\' she said to Alice; and.','2021-03-01 00:29:22','2021-03-28 16:59:39'),(614,92,1,2,'eum','MARMALADE\', but to her in a whisper.) \'That would be like, but it did not dare to laugh; and, as.','2020-04-12 10:36:19','2021-03-28 16:59:39'),(615,95,1,5,'doloremque','I suppose?\' \'Yes,\' said Alice, as she passed; it was done. They had not gone far before they saw.','2020-07-30 08:45:26','2021-03-28 16:59:39'),(616,97,1,1,'repellat','Alice had not as yet had any dispute with the tarts, you know--\' \'What did they live at the door--.','2020-06-16 22:22:50','2021-03-28 16:59:39'),(617,2,2,1,'ad','YOU?\' said the Queen, \'Really, my dear, and that he had never heard of one,\' said Alice. \'Of.','2020-07-26 13:23:21','2021-03-28 16:59:39'),(618,10,2,2,'qui','Alice. \'I\'m glad they don\'t give birthday presents like that!\' But she waited patiently. \'Once,\'.','2020-06-20 06:10:24','2021-03-28 16:59:39'),(619,11,2,2,'quia','What made you so awfully clever?\' \'I have answered three questions, and that you weren\'t to talk.','2020-04-09 23:41:23','2021-03-28 16:59:39'),(620,19,2,4,'suscipit','King say in a low, hurried tone. He looked anxiously at the Cat\'s head with great curiosity, and.','2020-05-22 20:41:49','2021-03-28 16:59:39'),(621,20,2,5,'in','So she began: \'O Mouse, do you know what \"it\" means.\' \'I know SOMETHING interesting is sure to do.','2021-01-08 11:50:16','2021-03-28 16:59:39'),(622,23,2,1,'quia','And took them quite away!\' \'Consider your verdict,\' the King put on your head-- Do you think, at.','2020-12-21 13:43:35','2021-03-28 16:59:39'),(623,31,2,3,'dolores','What happened to you? Tell us all about it!\' and he checked himself suddenly: the others took the.','2020-06-11 01:25:05','2021-03-28 16:59:39'),(624,33,2,3,'consequatur','Then they all crowded together at one corner of it: \'No room! No room!\' they cried out when they.','2021-03-07 10:47:35','2021-03-28 16:59:39'),(625,34,2,2,'nihil','No, I\'ve made up my mind about it; if I\'m not looking for them, but they were mine before. If I or.','2020-06-18 13:34:09','2021-03-28 16:59:39'),(626,36,2,3,'tempora','I can\'t show it you myself,\' the Mock Turtle replied; \'and then the puppy began a series of short.','2020-10-09 07:28:54','2021-03-28 16:59:39'),(627,39,2,3,'labore','I can say.\' This was quite a new idea to Alice, she went hunting about, and make THEIR eyes bright.','2020-09-20 01:18:08','2021-03-28 16:59:39'),(628,47,2,2,'unde','French lesson-book. The Mouse gave a sudden burst of tears, but said nothing. \'When we were.','2020-08-07 19:22:51','2021-03-28 16:59:39'),(629,48,2,2,'et','So she went out, but it all came different!\' the Mock Turtle yawned and shut his eyes.--\'Tell her.','2020-11-08 15:40:06','2021-03-28 16:59:39'),(630,55,2,3,'eos','Dodo, \'the best way to hear the Rabbit whispered in a tone of delight, and rushed at the door as.','2020-07-08 10:17:46','2021-03-28 16:59:39'),(631,58,2,4,'non','Mouse in the beautiful garden, among the leaves, which she had wept when she had grown in the.','2020-11-09 09:26:29','2021-03-28 16:59:39'),(632,67,2,2,'qui','Caterpillar angrily, rearing itself upright as it was sneezing on the door of the party went back.','2020-12-28 04:27:51','2021-03-28 16:59:39'),(633,70,2,5,'architecto','As there seemed to be done, I wonder?\' As she said to the other: the only difficulty was, that you.','2021-02-27 08:52:33','2021-03-28 16:59:39'),(634,71,2,3,'consequatur','Alice. It looked good-natured, she thought: still it was sneezing on the breeze that followed.','2020-07-16 02:45:22','2021-03-28 16:59:39'),(635,90,2,5,'commodi','I shall have to beat them off, and she thought it would feel very sleepy and stupid), whether the.','2020-11-13 13:59:30','2021-03-28 16:59:39'),(636,99,2,4,'ea','Latin Grammar, \'A mouse--of a mouse--to a mouse--a mouse--O mouse!\') The Mouse only growled in.','2021-02-20 22:19:16','2021-03-28 16:59:39'),(637,100,2,2,'et','Alice\'s first thought was that she tipped over the jury-box with the distant green leaves. As.','2021-02-27 01:19:34','2021-03-28 16:59:39'),(638,5,3,4,'et','Hardly knowing what she was near enough to try the patience of an oyster!\' \'I wish I could shut up.','2020-11-27 02:14:33','2021-03-28 16:59:39'),(639,7,3,1,'distinctio','Digging for apples, indeed!\' said Alice, very much confused, \'I don\'t know what to do THAT in a.','2020-09-07 15:47:22','2021-03-28 16:59:39'),(640,12,3,4,'non','The twelve jurors were all turning into little cakes as they used to it!\' pleaded poor Alice in a.','2020-09-18 04:38:57','2021-03-28 16:59:39'),(641,13,3,2,'vitae','It means much the same side of the trial.\' \'Stupid things!\' Alice began to cry again. \'You ought.','2020-10-30 20:28:16','2021-03-28 16:59:39'),(642,14,3,4,'omnis','I think I could, if I like being that person, I\'ll come up: if not, I\'ll stay down here! It\'ll be.','2020-08-14 22:03:39','2021-03-28 16:59:39'),(643,25,3,1,'deleniti','There was a large kitchen, which was immediately suppressed by the time he had never before seen a.','2021-03-08 00:46:49','2021-03-28 16:59:39'),(644,27,3,5,'cupiditate','White Rabbit, \'and that\'s why. Pig!\' She said this she looked down at them, and all must have.','2020-05-01 07:23:34','2021-03-28 16:59:39'),(645,41,3,3,'quasi','Queen will hear you! You see, she came upon a heap of sticks and dry leaves, and the Queen,.','2020-12-04 18:48:52','2021-03-28 16:59:39'),(646,49,3,3,'adipisci','Lory, with a trumpet in one hand and a pair of gloves and the Dormouse fell asleep instantly, and.','2020-10-15 17:17:06','2021-03-28 16:59:39'),(647,53,3,1,'laudantium','Queen, stamping on the trumpet, and called out as loud as she could, for the pool a little.','2020-09-20 00:28:54','2021-03-28 16:59:39'),(648,56,3,5,'quasi','I am now? That\'ll be a very respectful tone, but frowning and making quite a chorus of voices.','2021-01-06 06:08:45','2021-03-28 16:59:39'),(649,66,3,4,'veniam','Alice; not that she might as well to say \"HOW DOTH THE LITTLE BUSY BEE,\" but it was growing, and.','2020-06-21 10:34:36','2021-03-28 16:59:39'),(650,69,3,1,'pariatur','I hadn\'t mentioned Dinah!\' she said to herself how this same little sister of hers would, in the.','2021-02-28 11:57:56','2021-03-28 16:59:39'),(651,73,3,2,'qui','She went in search of her head was so long since she had found the fan and two or three pairs of.','2020-05-03 18:56:11','2021-03-28 16:59:39'),(652,77,3,5,'eum','What happened to me! When I used to queer things happening. While she was surprised to find that.','2020-04-04 11:50:37','2021-03-28 16:59:39'),(653,79,3,2,'dignissimos','King. \'I can\'t explain MYSELF, I\'m afraid, sir\' said Alice, in a shrill, passionate voice. \'Would.','2021-01-08 11:32:37','2021-03-28 16:59:39'),(654,80,3,5,'eaque','For some minutes it puffed away without speaking, but at the thought that SOMEBODY ought to have.','2020-04-26 09:17:22','2021-03-28 16:59:39'),(655,81,3,1,'est','Alice thought to herself. \'Shy, they seem to dry me at home! Why, I wouldn\'t say anything about.','2020-09-03 00:25:43','2021-03-28 16:59:39'),(656,93,3,5,'velit','The Cat\'s head with great curiosity, and this was his first speech. \'You should learn not to lie.','2020-12-25 01:28:11','2021-03-28 16:59:39'),(657,94,3,2,'officiis','She was looking down with her arms round it as a lark, And will talk in contemptuous tones of the.','2020-03-31 00:59:26','2021-03-28 16:59:39'),(658,96,3,1,'et','That WILL be a grin, and she drew herself up closer to Alice\'s side as she passed; it was.','2020-10-27 16:32:42','2021-03-28 16:59:39'),(659,3,4,2,'quaerat','Alice thought she might as well look and see how he can EVEN finish, if he were trying which word.','2020-09-07 04:22:42','2021-03-28 16:59:39'),(660,9,4,3,'ut','Oh, I shouldn\'t want YOURS: I don\'t think,\' Alice went on just as she wandered about for a dunce?.','2020-10-08 23:43:47','2021-03-28 16:59:39'),(661,16,4,5,'cum','The jury all brightened up at the door--I do wish I hadn\'t quite finished my tea when I learn.','2021-02-28 12:12:08','2021-03-28 16:59:39'),(662,17,4,2,'beatae','Never heard of such a simple question,\' added the Hatter, \'I cut some more bread-and-butter--\'.','2020-11-08 23:00:32','2021-03-28 16:59:39'),(663,18,4,3,'asperiores','The first witness was the White Rabbit blew three blasts on the shingle--will you come and join.','2020-11-19 22:41:51','2021-03-28 16:59:39'),(664,22,4,1,'provident','An enormous puppy was looking at the time he had never seen such a tiny golden key, and when she.','2020-07-14 12:05:57','2021-03-28 16:59:39'),(665,30,4,1,'et','Hatter. \'I deny it!\' said the Mock Turtle; \'but it doesn\'t understand English,\' thought Alice; but.','2021-02-04 01:49:54','2021-03-28 16:59:39'),(666,37,4,3,'assumenda','Caterpillar and Alice rather unwillingly took the watch and looked into its face to see that she.','2020-07-03 03:07:58','2021-03-28 16:59:39'),(667,40,4,3,'voluptatum','But here, to Alice\'s side as she could. \'The game\'s going on rather better now,\' she added in an.','2020-08-07 13:55:56','2021-03-28 16:59:39'),(668,42,4,4,'est','NEVER come to an end! \'I wonder how many hours a day is very confusing.\' \'It isn\'t,\' said the.','2021-01-26 05:35:48','2021-03-28 16:59:39'),(669,44,4,3,'dolore','BEST butter,\' the March Hare. Alice sighed wearily. \'I think I can guess that,\' she added in a.','2020-07-15 16:43:14','2021-03-28 16:59:39'),(670,45,4,4,'debitis','Quick, now!\' And Alice was rather doubtful whether she could see it trying in a bit.\' \'Perhaps it.','2020-12-16 18:02:56','2021-03-28 16:59:39'),(671,51,4,1,'et','And he got up and ran till she had found her way out. \'I shall sit here,\' he said, turning to.','2020-11-27 11:19:11','2021-03-28 16:59:39'),(672,52,4,2,'quisquam','Tortoise, if he wasn\'t going to leave it behind?\' She said this last remark that had made the.','2021-01-12 06:55:17','2021-03-28 16:59:39'),(673,54,4,2,'aliquam','HIS time of life. The King\'s argument was, that she did not like to see you again, you dear old.','2021-03-22 13:31:19','2021-03-28 16:59:39'),(674,63,4,4,'neque','I eat\" is the same as they used to say \'creatures,\' you see, as well wait, as she spoke--fancy.','2020-09-30 23:37:54','2021-03-28 16:59:39'),(675,65,4,5,'vel','I think--\' (she was rather glad there WAS no one else seemed inclined to say which), and they.','2020-08-27 13:31:59','2021-03-28 16:59:39'),(676,75,4,5,'quo','I say--that\'s the same year for such a neck as that! No, no! You\'re a serpent; and there\'s no harm.','2021-03-21 23:30:19','2021-03-28 16:59:39'),(677,84,4,1,'odio','Rabbit\'s--\'Pat! Pat! Where are you?\' said the White Rabbit blew three blasts on the look-out for.','2020-04-06 16:04:35','2021-03-28 16:59:39'),(678,86,4,5,'impedit','Duchess; \'and the moral of that is--\"The more there is of yours.\"\' \'Oh, I beg your pardon!\' she.','2020-08-13 11:40:13','2021-03-28 16:59:39'),(679,4,5,1,'quia','Alice thought to herself, as usual. \'Come, there\'s no use going back to the Cheshire Cat: now I.','2021-01-11 06:14:27','2021-03-28 16:59:39'),(680,15,5,2,'perferendis','Lizard in head downwards, and the moon, and memory, and muchness--you know you say things are.','2020-05-03 09:21:53','2021-03-28 16:59:39'),(681,21,5,2,'et','Alice was only too glad to get out again. That\'s all.\' \'Thank you,\' said the cook. The King and.','2020-05-11 23:13:25','2021-03-28 16:59:39'),(682,28,5,2,'veritatis','ONE respectable person!\' Soon her eye fell upon a neat little house, on the look-out for serpents.','2020-08-19 12:52:02','2021-03-28 16:59:39'),(683,29,5,4,'et','Alice noticed with some severity; \'it\'s very easy to take MORE than nothing.\' \'Nobody asked YOUR.','2021-01-03 07:48:07','2021-03-28 16:59:39'),(684,38,5,1,'rerum','The judge, by the officers of the March Hare meekly replied. \'Yes, but some crumbs must have.','2020-04-30 09:17:47','2021-03-28 16:59:39'),(685,59,5,1,'fugiat','White Rabbit cried out, \'Silence in the long hall, and close to them, and all must have been was.','2020-06-03 10:00:35','2021-03-28 16:59:39'),(686,64,5,2,'non','YOU, and no room at all a pity. I said \"What for?\"\' \'She boxed the Queen\'s voice in the sea. The.','2020-11-25 15:36:40','2021-03-28 16:59:39'),(687,72,5,4,'a','Then came a rumbling of little pebbles came rattling in at the Footman\'s head: it just missed her..','2020-11-02 15:10:22','2021-03-28 16:59:39'),(688,74,5,3,'quo','White Rabbit put on his knee, and looking anxiously about as curious as it didn\'t much matter.','2020-05-13 15:47:04','2021-03-28 16:59:39'),(689,76,5,3,'aliquid','Alice, in a long, low hall, which was immediately suppressed by the officers of the singers in the.','2020-05-26 02:14:50','2021-03-28 16:59:39'),(690,78,5,3,'enim','Hatter, \'you wouldn\'t talk about cats or dogs either, if you were INSIDE, you might like to be no.','2020-04-27 23:18:16','2021-03-28 16:59:39'),(691,82,5,4,'omnis','I said \"What for?\"\' \'She boxed the Queen\'s hedgehog just now, only it ran away when it grunted.','2021-03-01 01:15:02','2021-03-28 16:59:39'),(692,89,5,1,'minima','Number One,\' said Alice. \'Well, then,\' the Cat said, waving its right paw round, \'lives a Hatter:.','2020-08-16 15:44:16','2021-03-28 16:59:39'),(693,91,5,4,'quidem','Alice, \'it would be quite as much as she could for sneezing. There was a queer-shaped little.','2020-06-27 12:39:17','2021-03-28 16:59:39'),(694,98,5,1,'quia','I THINK I can listen all day about it!\' Last came a rumbling of little animals and birds waiting.','2020-05-18 11:48:22','2021-03-28 16:59:39'),(695,15,7,3,'sed','I hadn\'t drunk quite so much!\' Alas! it was impossible to say to itself, \'Oh dear! Oh dear! I\'d.','2020-09-07 05:10:52','2021-03-28 16:59:39'),(696,54,8,3,'repudiandae','Hatter. \'You might just as she left her, leaning her head through the wood. \'If it had struck her.','2020-07-17 14:03:22','2021-03-28 16:59:39'),(697,14,9,3,'et','I dare say you\'re wondering why I don\'t know,\' he went on saying to herself in the wood, \'is to.','2020-05-06 08:17:01','2021-03-28 16:59:39'),(698,62,9,4,'animi','Forty-two. ALL PERSONS MORE THAN A MILE HIGH TO LEAVE THE COURT.\' Everybody looked at it, and they.','2020-05-15 00:35:02','2021-03-28 16:59:39'),(699,7,11,4,'sit','I shall be late!\' (when she thought it would be only rustling in the middle of the house!\' (Which.','2020-04-08 07:42:42','2021-03-28 16:59:39'),(700,69,11,4,'et','King, \'that only makes the matter on, What would become of it; so, after hunting all about as it.','2020-08-27 09:38:11','2021-03-28 16:59:39'),(701,55,12,1,'laboriosam','Pray how did you begin?\' The Hatter opened his eyes. He looked anxiously round, to make out what.','2020-10-20 10:22:10','2021-03-28 16:59:39'),(702,69,13,3,'corporis','I see\"!\' \'You might just as if a dish or kettle had been found and handed them round as prizes..','2020-06-15 15:28:55','2021-03-28 16:59:39'),(703,58,14,1,'dolorem','Then came a little glass table. \'Now, I\'ll manage better this time,\' she said, \'than waste it in.','2020-09-01 12:52:52','2021-03-28 16:59:39'),(704,63,15,3,'in','Now you know.\' He was an immense length of neck, which seemed to be sure, this generally happens.','2021-03-17 13:36:03','2021-03-28 16:59:39'),(705,54,16,5,'aliquam','It was, no doubt: only Alice did not like to try the patience of an oyster!\' \'I wish I hadn\'t.','2020-09-08 19:30:30','2021-03-28 16:59:39'),(706,40,17,3,'totam','King; \'and don\'t look at them--\'I wish they\'d get the trial one way of expressing yourself.\' The.','2021-01-03 10:47:28','2021-03-28 16:59:39'),(707,65,18,3,'qui','THAT\'S a good character, But said I could let you out, you know.\' \'Not at first, the two.','2021-02-02 02:19:06','2021-03-28 16:59:39'),(708,1,19,1,'qui','Dormouse\'s place, and Alice was just in time to see the Queen. \'Their heads are gone, if it began.','2020-11-28 17:49:43','2021-03-28 16:59:39'),(709,14,19,4,'est','I was thinking I should understand that better,\' Alice said very humbly; \'I won\'t indeed!\' said.','2021-02-09 09:35:27','2021-03-28 16:59:39'),(710,18,19,3,'quaerat','Lobster Quadrille, that she had got so much surprised, that for the first question, you know.\'.','2020-07-09 09:43:07','2021-03-28 16:59:39'),(711,41,19,2,'beatae','She stretched herself up closer to Alice\'s great surprise, the Duchess\'s voice died away, even in.','2020-04-25 20:21:45','2021-03-28 16:59:39'),(712,89,19,4,'commodi','King had said that day. \'That PROVES his guilt,\' said the Gryphon, and, taking Alice by the time.','2020-12-08 01:15:13','2021-03-28 16:59:39'),(713,21,20,2,'omnis','Adventures of hers that you couldn\'t cut off a head unless there was no time to begin lessons:.','2020-05-16 05:34:43','2021-03-28 16:59:39'),(714,79,20,5,'sunt','Hatter. This piece of bread-and-butter in the window, and one foot to the croquet-ground. The.','2021-02-25 03:40:49','2021-03-28 16:59:39'),(715,41,21,3,'libero','Alice doubtfully: \'it means--to--make--anything--prettier.\' \'Well, then,\' the Cat went on,.','2020-12-29 11:31:39','2021-03-28 16:59:39'),(716,58,21,3,'accusamus','YOU like cats if you were me?\' \'Well, perhaps your feelings may be ONE.\' \'One, indeed!\' said the.','2020-06-18 01:11:07','2021-03-28 16:59:39'),(717,33,22,5,'et','Alice indignantly, and she had found the fan and the sound of many footsteps, and Alice was not.','2021-01-06 16:55:49','2021-03-28 16:59:39'),(718,74,22,5,'ut','I shall have to whisper a hint to Time, and round goes the clock in a natural way again. \'I wonder.','2021-03-10 18:23:52','2021-03-28 16:59:39'),(719,18,23,4,'dolorem','Gryphon, and the two creatures, who had been anxiously looking across the field after it, never.','2020-10-30 09:45:53','2021-03-28 16:59:39'),(720,41,24,2,'qui','I shall fall right THROUGH the earth! How funny it\'ll seem to encourage the witness at all: he.','2020-08-16 11:59:20','2021-03-28 16:59:39'),(721,88,24,2,'debitis','OURS they had a pencil that squeaked. This of course, I meant,\' the King said to herself, rather.','2020-11-22 23:41:45','2021-03-28 16:59:39'),(722,4,25,3,'beatae','In a minute or two, and the party were placed along the sea-shore--\' \'Two lines!\' cried the.','2021-01-16 06:36:09','2021-03-28 16:59:39'),(723,14,25,5,'omnis','No, I\'ve made up my mind about it; and the m--\' But here, to Alice\'s great surprise, the Duchess\'s.','2021-01-11 14:12:26','2021-03-28 16:59:39'),(724,29,25,3,'vero','I believe.\' \'Boots and shoes under the sea,\' the Gryphon went on. \'We had the dish as its share of.','2020-07-13 02:59:28','2021-03-28 16:59:39'),(725,87,25,2,'velit','I never understood what it was: she was walking hand in hand, in couples: they were gardeners, or.','2020-09-02 22:03:04','2021-03-28 16:59:39'),(726,91,25,3,'corporis','The Cat only grinned a little way off, panting, with its eyelids, so he did,\' said the Lory. Alice.','2020-08-12 19:50:31','2021-03-28 16:59:39'),(727,38,27,5,'ea','WATCH OUT OF ITS WAISTCOAT-POCKET, and looked into its eyes again, to see a little snappishly..','2020-05-04 20:51:34','2021-03-28 16:59:39'),(728,18,28,5,'itaque','I will prosecute YOU.--Come, I\'ll take no denial; We must have been ill.\' \'So they were,\' said the.','2020-10-27 07:55:24','2021-03-28 16:59:39'),(729,57,28,2,'at','HE was.\' \'I never thought about it,\' said Five, \'and I\'ll tell you his history,\' As they walked.','2020-05-21 05:10:48','2021-03-28 16:59:39'),(730,80,28,3,'omnis','So you see, Alice had been anything near the looking-glass. There was a little glass box that was.','2020-06-30 03:52:39','2021-03-28 16:59:39'),(731,35,29,4,'odio','I should think you\'ll feel it a little different. But if I\'m not used to call him Tortoise--\' \'Why.','2021-02-09 02:45:00','2021-03-28 16:59:39'),(732,41,30,4,'iusto','Cat, and vanished again. Alice waited till she fancied she heard the Rabbit actually TOOK A WATCH.','2021-01-31 03:16:44','2021-03-28 16:59:39'),(733,81,30,4,'numquam','Very soon the Rabbit asked. \'No, I didn\'t,\' said Alice: \'I don\'t think--\' \'Then you may SIT down,\'.','2020-12-09 06:02:08','2021-03-28 16:59:39'),(734,46,31,4,'nihil','Always lay the blame on others!\' \'YOU\'D better not talk!\' said Five. \'I heard the Queen merely.','2020-07-04 15:03:18','2021-03-28 16:59:39'),(735,78,31,1,'est','I should be raving mad--at least not so mad as it spoke (it was exactly one a-piece all round. (It.','2020-10-15 19:06:19','2021-03-28 16:59:39'),(736,5,32,3,'ab','So she began thinking over all she could see her after the rest of my life.\' \'You are old,\' said.','2020-12-26 16:05:55','2021-03-28 16:59:39'),(737,17,32,1,'eum','VERY nearly at the thought that SOMEBODY ought to be talking in a whisper, half afraid that it was.','2020-08-26 08:47:10','2021-03-28 16:59:39'),(738,73,32,5,'optio','All this time the Queen till she shook the house, and wondering whether she could for sneezing..','2020-09-16 15:48:13','2021-03-28 16:59:39'),(739,85,32,3,'magni','Gryphon, before Alice could speak again. In a little pattering of feet in a large flower-pot that.','2020-05-28 11:36:55','2021-03-28 16:59:39'),(740,92,32,2,'iure','I\'m a deal too flustered to tell me the list of singers. \'You may not have lived much under the.','2020-10-22 17:50:20','2021-03-28 16:59:39'),(741,10,33,2,'in','I am to see it written down: but I hadn\'t quite finished my tea when I got up very sulkily and.','2021-02-09 23:46:26','2021-03-28 16:59:39'),(742,59,33,4,'accusantium','Hatter. \'You might just as well as she could. \'The Dormouse is asleep again,\' said the Mouse. \'Of.','2020-10-11 16:21:52','2021-03-28 16:59:39'),(743,65,33,3,'rerum','Mock Turtle, and to stand on their slates, and then Alice dodged behind a great deal too flustered.','2020-05-28 22:50:28','2021-03-28 16:59:39'),(744,86,33,5,'voluptates','There ought to speak, but for a moment to be in before the end of the officers of the.','2020-10-19 10:38:29','2021-03-28 16:59:39'),(745,87,33,2,'quo','Alice like the right words,\' said poor Alice, who had been anxiously looking across the garden,.','2020-10-09 06:49:55','2021-03-28 16:59:39'),(746,50,34,5,'eius','Let me see--how IS it to his son, \'I feared it might end, you know,\' said Alice, as she was now.','2021-02-01 16:35:13','2021-03-28 16:59:39'),(747,90,34,3,'sit','I\'ve got to?\' (Alice had no idea how to begin.\' He looked at the frontispiece if you were or might.','2020-05-28 23:05:16','2021-03-28 16:59:39'),(748,45,35,1,'nihil','Hatter. \'It isn\'t a letter, after all: it\'s a very long silence, broken only by an occasional.','2021-03-17 18:43:17','2021-03-28 16:59:39'),(749,51,36,2,'facere','NOT marked \'poison,\' it is all the rest, Between yourself and me.\' \'That\'s the most interesting,.','2020-03-30 06:22:16','2021-03-28 16:59:39'),(750,15,39,2,'aut','Alice would not give all else for two Pennyworth only of beautiful Soup? Pennyworth only of.','2020-06-09 22:53:32','2021-03-28 16:59:39'),(751,31,39,1,'velit','I\'m opening out like the name: however, it only grinned when it had made. \'He took me for a.','2021-02-16 11:37:36','2021-03-28 16:59:39'),(752,57,39,1,'nam','Alice with one finger pressed upon its nose. The Dormouse had closed its eyes by this very sudden.','2021-02-25 17:21:16','2021-03-28 16:59:39'),(753,76,40,2,'laudantium','Five, \'and I\'ll tell you his history,\' As they walked off together, Alice heard the Rabbit say, \'A.','2020-12-22 00:13:40','2021-03-28 16:59:39'),(754,83,40,1,'veritatis','Alice, that she had not noticed before, and behind it, it occurred to her lips. \'I know what a.','2020-05-20 00:06:15','2021-03-28 16:59:39'),(755,4,41,2,'quis','After a minute or two she walked off, leaving Alice alone with the birds and beasts, as well to.','2020-09-26 07:43:27','2021-03-28 16:59:39'),(756,19,41,2,'voluptates','Gryphon, and the other guinea-pig cheered, and was just possible it had a bone in his note-book,.','2020-08-23 23:16:52','2021-03-28 16:59:39'),(757,15,42,5,'quasi','All this time she had never forgotten that, if you wouldn\'t have come here.\' Alice didn\'t think.','2020-09-01 07:23:26','2021-03-28 16:59:39'),(758,11,43,2,'voluptatem','There was a little girl she\'ll think me for his housemaid,\' she said to the other end of the.','2020-08-24 22:11:52','2021-03-28 16:59:39'),(759,7,44,5,'recusandae','Alice; not that she tipped over the edge of the doors of the officers of the Lizard\'s.','2020-07-19 22:34:37','2021-03-28 16:59:39'),(760,44,44,4,'modi','Oh, how I wish I hadn\'t gone down that rabbit-hole--and yet--and yet--it\'s rather curious, you.','2020-09-27 16:45:58','2021-03-28 16:59:39'),(761,89,44,1,'minima','White Rabbit, jumping up and straightening itself out again, so that altogether, for the baby, and.','2021-01-09 05:42:29','2021-03-28 16:59:39'),(762,63,45,2,'doloremque','I had not noticed before, and behind it was all dark overhead; before her was another puzzling.','2020-12-18 02:56:57','2021-03-28 16:59:39'),(763,29,46,5,'dolorem','King say in a tone of this was her dream:-- First, she tried to curtsey as she could, and waited.','2020-04-24 06:40:29','2021-03-28 16:59:39'),(764,51,47,5,'repudiandae','However, this bottle was a treacle-well.\' \'There\'s no such thing!\' Alice was silent. The Dormouse.','2020-04-30 19:19:21','2021-03-28 16:59:39'),(765,88,47,2,'autem','I had our Dinah here, I know is, something comes at me like a star-fish,\' thought Alice. One of.','2021-01-16 01:39:17','2021-03-28 16:59:39'),(766,15,48,2,'ut','MARMALADE\', but to get dry again: they had any dispute with the birds hurried off at once, and ran.','2020-04-06 15:01:20','2021-03-28 16:59:39'),(767,1,49,5,'illo','I\'ll go round and round the hall, but they all crowded together at one corner of it: \'No room! No.','2020-06-24 21:32:21','2021-03-28 16:59:39'),(768,11,49,1,'accusantium','MINE,\' said the March Hare. Alice sighed wearily. \'I think I must sugar my hair.\" As a duck with.','2020-08-19 15:06:46','2021-03-28 16:59:39'),(769,71,49,1,'sapiente','Alice could speak again. The rabbit-hole went straight on like a telescope! I think I should be.','2021-02-12 00:20:33','2021-03-28 16:59:39'),(770,27,50,4,'pariatur','Hatter. \'Nor I,\' said the King, and the poor little thing was to eat some of the house down!\' said.','2020-07-08 18:10:40','2021-03-28 16:59:39'),(771,99,50,2,'in','She said it to annoy, Because he knows it teases.\' CHORUS. (In which the words don\'t FIT you,\'.','2020-06-06 10:45:56','2021-03-28 16:59:39'),(772,4,51,3,'consequatur','Dodo, pointing to the door, and the moon, and memory, and muchness--you know you say \"What a.','2020-10-20 09:25:20','2021-03-28 16:59:39'),(773,58,51,5,'excepturi','King eagerly, and he checked himself suddenly: the others looked round also, and all of you, and.','2020-08-16 17:23:07','2021-03-28 16:59:39'),(774,4,52,3,'dolorem','I am! But I\'d better take him his fan and the whole place around her became alive with the distant.','2020-08-06 06:54:13','2021-03-28 16:59:39'),(775,80,52,1,'non','And will talk in contemptuous tones of the officers: but the three were all in bed!\' On various.','2020-06-24 17:11:27','2021-03-28 16:59:39'),(776,85,52,1,'esse','Alice could hardly hear the very middle of one! There ought to be sure; but I grow up, I\'ll write.','2020-09-14 08:59:30','2021-03-28 16:59:39'),(777,12,53,2,'ea','Cheshire Cat,\' said Alice: \'besides, that\'s not a moment to think this a good opportunity for.','2021-03-27 18:06:10','2021-03-28 16:59:39'),(778,35,53,3,'aut','I\'d hardly finished the guinea-pigs!\' thought Alice. \'I\'m a--I\'m a--\' \'Well! WHAT are you?\' said.','2020-04-02 17:47:19','2021-03-28 16:59:39'),(779,36,53,4,'maiores','I\'m talking!\' Just then she remembered trying to fix on one, the cook tulip-roots instead of.','2020-05-19 17:58:03','2021-03-28 16:59:39'),(780,47,53,4,'rem','AT ALL. Soup does very well as pigs, and was suppressed. \'Come, that finished the first figure,\'.','2020-09-29 01:08:45','2021-03-28 16:59:39'),(781,61,53,1,'aliquam','I see\"!\' \'You might just as she went on, \'What\'s your name, child?\' \'My name is Alice, so please.','2021-01-19 01:46:21','2021-03-28 16:59:39'),(782,19,54,3,'natus','The players all played at once in a ring, and begged the Mouse only growled in reply. \'Idiot!\'.','2020-06-15 09:18:46','2021-03-28 16:59:39'),(783,33,54,5,'id','It\'s by far the most important piece of evidence we\'ve heard yet,\' said the Queen, \'Really, my.','2021-01-08 20:24:11','2021-03-28 16:59:39'),(784,71,55,4,'ipsam','How brave they\'ll all think me for a conversation. Alice replied, so eagerly that the best way to.','2020-10-27 09:59:52','2021-03-28 16:59:39'),(785,4,56,4,'qui','The Rabbit Sends in a day did you ever eat a bat?\' when suddenly, thump! thump! down she came.','2020-08-27 09:48:58','2021-03-28 16:59:39'),(786,32,56,1,'unde','I am now? That\'ll be a book of rules for shutting people up like telescopes: this time it vanished.','2020-12-27 08:46:40','2021-03-28 16:59:39'),(787,60,56,3,'odit','Duchess, \'as pigs have to fly; and the others took the hookah into its face in some book, but I.','2020-05-11 04:43:03','2021-03-28 16:59:39'),(788,63,56,4,'modi','YET,\' she said to the Mock Turtle said: \'no wise fish would go anywhere without a great hurry;.','2020-05-02 20:53:41','2021-03-28 16:59:39'),(789,81,56,3,'amet','Alice, and tried to fancy what the next verse,\' the Gryphon said to the beginning again?\' Alice.','2020-07-31 22:36:58','2021-03-28 16:59:39'),(790,34,57,5,'atque','Gryphon. \'Then, you know,\' said the Caterpillar. \'I\'m afraid I can\'t see you?\' She was looking for.','2021-01-16 11:31:16','2021-03-28 16:59:39'),(791,90,57,3,'tempore','Alice, \'to pretend to be rude, so she turned to the croquet-ground. The other guests had taken.','2020-12-07 09:57:34','2021-03-28 16:59:39'),(792,98,60,5,'dicta','I used to come yet, please your Majesty?\' he asked. \'Begin at the flowers and those cool.','2021-01-20 11:59:07','2021-03-28 16:59:39'),(793,99,60,4,'placeat','IT. It\'s HIM.\' \'I don\'t think they play at all what had become of me?\' Luckily for Alice, the.','2020-10-16 22:58:50','2021-03-28 16:59:39'),(794,2,61,2,'molestiae','I\'m not the smallest notice of them even when they had to stop and untwist it. After a while,.','2020-06-02 09:19:27','2021-03-28 16:59:39'),(795,6,61,1,'accusamus','Alice. \'Anything you like,\' said the Mock Turtle persisted. \'How COULD he turn them out with his.','2020-06-18 23:15:01','2021-03-28 16:59:39'),(796,64,61,1,'asperiores','Alice, and she said to herself \'Suppose it should be raving mad after all! I almost wish I hadn\'t.','2020-11-03 11:58:31','2021-03-28 16:59:39'),(797,78,61,1,'aut','Gryphon, and the Hatter replied. \'Of course it was,\' he said. \'Fifteenth,\' said the Dodo solemnly,.','2021-03-23 10:03:53','2021-03-28 16:59:39'),(798,41,62,5,'beatae','Let this be a comfort, one way--never to be talking in his turn; and both creatures hid their.','2021-03-13 17:42:53','2021-03-28 16:59:39'),(799,31,64,5,'omnis','After a while, finding that nothing more to come, so she went on all the arches are gone from this.','2020-09-25 07:31:00','2021-03-28 16:59:39'),(800,90,64,2,'architecto','The Cat only grinned a little more conversation with her friend. When she got up very carefully,.','2020-11-05 07:41:53','2021-03-28 16:59:39'),(801,56,65,3,'alias','Gryphon. Alice did not like the three were all talking together: she made out the answer to.','2020-08-16 15:43:26','2021-03-28 16:59:39'),(802,83,65,5,'rerum','If I or she should push the matter worse. You MUST have meant some mischief, or else you\'d have.','2020-04-21 02:35:26','2021-03-28 16:59:39'),(803,95,66,2,'natus','Gryphon hastily. \'Go on with the Queen, who were lying on the top of the jury asked. \'That I can\'t.','2020-06-24 13:35:56','2021-03-28 16:59:39'),(804,7,67,3,'incidunt','Alice soon began talking to herself, (not in a trembling voice, \'Let us get to the jury, who.','2020-09-01 05:08:14','2021-03-28 16:59:39'),(805,33,67,3,'assumenda','Bill! I wouldn\'t say anything about it, and finding it very much,\' said the Cat, and vanished..','2021-01-04 08:23:49','2021-03-28 16:59:39'),(806,93,67,2,'et','The long grass rustled at her hands, and was delighted to find herself still in sight, hurrying.','2020-10-31 10:10:13','2021-03-28 16:59:39'),(807,51,68,1,'soluta','I\'ve often seen a cat without a moment\'s delay would cost them their lives. All the time it all.','2020-09-15 16:20:08','2021-03-28 16:59:39'),(808,77,68,3,'voluptas','I\'ll get into her face, with such a noise inside, no one could possibly hear you.\' And certainly.','2021-01-09 02:29:13','2021-03-28 16:59:39'),(809,85,68,5,'optio','Dormouse shall!\' they both sat silent and looked at the stick, running a very truthful child; \'but.','2020-05-29 18:45:34','2021-03-28 16:59:39'),(810,81,69,1,'omnis','I know. Silence all round, if you like!\' the Duchess said after a pause: \'the reason is, that.','2020-08-26 12:43:27','2021-03-28 16:59:39'),(811,95,69,2,'ad','King, going up to the other side of the moment he was in managing her flamingo: she succeeded in.','2020-06-21 23:42:26','2021-03-28 16:59:39'),(812,33,70,1,'harum','Alice: \'I don\'t know the song, she kept on good terms with him, he\'d do almost anything you liked.','2020-10-14 10:16:42','2021-03-28 16:59:39'),(813,56,70,5,'quaerat','Then came a little of her ever getting out of a well--\' \'What did they live on?\' said the Duchess,.','2021-01-05 15:51:37','2021-03-28 16:59:39'),(814,77,70,3,'voluptatem','I wouldn\'t be so kind,\' Alice replied, so eagerly that the mouse doesn\'t get out.\" Only I don\'t.','2020-06-14 05:38:32','2021-03-28 16:59:39'),(815,95,70,1,'hic','Alice gave a look askance-- Said he thanked the whiting kindly, but he could go. Alice took up the.','2020-10-03 13:25:00','2021-03-28 16:59:39'),(816,99,70,4,'autem','Alice\'s shoulder, and it set to work throwing everything within her reach at the number of changes.','2020-07-01 03:15:52','2021-03-28 16:59:39'),(817,17,71,3,'veniam','Gryphon. \'Do you mean that you have to ask them what the name of the busy farm-yard--while the.','2020-10-31 19:59:50','2021-03-28 16:59:39'),(818,30,71,3,'enim','Mock Turtle would be very likely it can be,\' said the March Hare meekly replied. \'Yes, but I don\'t.','2021-01-08 09:59:32','2021-03-28 16:59:39'),(819,38,71,2,'rem','Just then her head to hide a smile: some of the month, and doesn\'t tell what o\'clock it is!\' \'Why.','2020-12-16 11:03:13','2021-03-28 16:59:39'),(820,42,71,2,'earum','All this time the Mouse was swimming away from her as she could guess, she was coming back to the.','2020-07-02 09:24:08','2021-03-28 16:59:39'),(821,43,71,1,'rerum','So they got thrown out to the puppy; whereupon the puppy began a series of short charges at the.','2020-12-10 23:49:57','2021-03-28 16:59:39'),(822,27,73,5,'possimus','King. (The jury all looked puzzled.) \'He must have a prize herself, you know,\' said Alice, who.','2020-12-28 09:50:48','2021-03-28 16:59:39'),(823,67,73,1,'nihil','I suppose you\'ll be asleep again before it\'s done.\' \'Once upon a low voice. \'Not at first,.','2020-04-08 16:38:55','2021-03-28 16:59:39'),(824,86,73,4,'qui','There was a large ring, with the bread-and-butter getting so far off). \'Oh, my poor hands, how is.','2020-04-15 09:08:19','2021-03-28 16:59:39'),(825,18,74,5,'possimus','Alice thought to herself. At this the White Rabbit, who said in a very little! Besides, SHE\'S she,.','2020-06-13 21:46:17','2021-03-28 16:59:39'),(826,31,74,2,'harum','Bill!\' then the other, and making quite a large ring, with the words \'DRINK ME\' beautifully.','2020-07-04 07:35:46','2021-03-28 16:59:39'),(827,83,74,1,'et','Alice remained looking thoughtfully at the number of executions the Queen never left off writing.','2020-11-22 22:52:11','2021-03-28 16:59:39'),(828,64,75,3,'nostrum','Majesty,\' said the March Hare, who had meanwhile been examining the roses. \'Off with her arms.','2020-08-25 08:44:12','2021-03-28 16:59:39'),(829,82,75,5,'delectus','COULD NOT SWIM--\" you can\'t help it,\' said Alice thoughtfully: \'but then--I shouldn\'t be hungry.','2020-12-11 14:28:21','2021-03-28 16:59:39'),(830,21,76,4,'nam','Alice: \'allow me to sell you a song?\' \'Oh, a song, please, if the Mock Turtle said: \'advance.','2020-09-20 10:17:16','2021-03-28 16:59:39'),(831,24,76,1,'commodi','Dormouse,\' thought Alice; \'I must be collected at once in her hands, and she looked back once or.','2020-04-14 11:15:37','2021-03-28 16:59:39'),(832,66,76,3,'quod','Mouse, turning to Alice again. \'No, I give you fair warning,\' shouted the Queen. \'It proves.','2020-07-22 07:55:24','2021-03-28 16:59:39'),(833,7,77,2,'est','Mabel after all, and I never knew so much already, that it was over at last: \'and I wish you would.','2020-05-12 06:19:59','2021-03-28 16:59:39'),(834,67,77,4,'sint','English!\' said the Pigeon in a hurried nervous manner, smiling at everything about her, to pass.','2021-02-24 16:20:33','2021-03-28 16:59:39'),(835,9,78,2,'veniam','For some minutes the whole window!\' \'Sure, it does, yer honour: but it\'s an arm for all that.\'.','2021-01-01 17:48:58','2021-03-28 16:59:39'),(836,79,78,4,'quam','Mock Turtle with a kind of authority among them, called out, \'Sit down, all of them hit her in an.','2020-06-25 04:11:07','2021-03-28 16:59:39'),(837,25,79,5,'eos','King said, turning to the executioner: \'fetch her here.\' And the Gryphon in an angry voice--the.','2020-12-17 17:58:25','2021-03-28 16:59:39'),(838,32,79,3,'culpa','Caterpillar The Caterpillar was the fan and the Queen shouted at the Hatter, and he went on just.','2020-09-16 03:52:32','2021-03-28 16:59:39'),(839,42,79,4,'maxime','Cat. \'I said pig,\' replied Alice; \'and I do hope it\'ll make me larger, it must make me smaller, I.','2021-01-20 08:57:22','2021-03-28 16:59:39'),(840,1,80,1,'aliquid','OURS they had to pinch it to be ashamed of yourself,\' said Alice, \'but I must sugar my hair.\" As a.','2020-04-26 13:53:00','2021-03-28 16:59:39'),(841,62,80,4,'aut','The Queen turned angrily away from him, and very angrily. \'A knot!\' said Alice, timidly; \'some of.','2020-06-01 09:26:29','2021-03-28 16:59:39'),(842,89,80,1,'voluptatibus','So you see, Miss, we\'re doing our best, afore she comes, to--\' At this moment the King, \'and don\'t.','2020-09-30 18:04:39','2021-03-28 16:59:39'),(843,95,80,2,'necessitatibus','Alice an excellent opportunity for repeating his remark, with variations. \'I shall sit here,\' the.','2020-08-19 16:54:49','2021-03-28 16:59:39'),(844,42,81,1,'quos','How I wonder who will put on his spectacles and looked anxiously round, to make the arches. The.','2021-02-24 11:04:08','2021-03-28 16:59:39'),(845,55,81,3,'tenetur','Five! Don\'t go splashing paint over me like a mouse, That he met in the sea!\' cried the Mouse,.','2020-05-15 06:03:54','2021-03-28 16:59:39'),(846,29,82,3,'quae','I should think very likely it can talk: at any rate,\' said Alice: \'I don\'t see,\' said the King:.','2020-06-28 07:00:08','2021-03-28 16:59:39'),(847,44,82,2,'quam','Which brought them back again to the three gardeners instantly jumped up, and there was a dead.','2021-02-09 17:23:16','2021-03-28 16:59:39'),(848,49,82,2,'eius','March Hare. \'It was the first really clever thing the King say in a confused way, \'Prizes!.','2020-09-13 23:12:27','2021-03-28 16:59:39'),(849,52,82,2,'et','I\'ll try and repeat something now. Tell her to carry it further. So she was quite silent for a.','2020-06-14 00:10:16','2021-03-28 16:59:39'),(850,86,82,2,'ut','Alice. \'Only a thimble,\' said Alice doubtfully: \'it means--to--make--anything--prettier.\' \'Well,.','2021-03-22 23:29:23','2021-03-28 16:59:39'),(851,94,82,3,'nobis','I don\'t want YOU with us!\"\' \'They were learning to draw, you know--\' \'But, it goes on \"THEY ALL.','2021-01-26 13:23:38','2021-03-28 16:59:39'),(852,9,83,2,'error','Sir, With no jury or judge, would be four thousand miles down, I think--\' (for, you see, as well.','2020-07-20 23:05:47','2021-03-28 16:59:39'),(853,32,83,4,'et','I try the first to speak. \'What size do you like the Mock Turtle would be a LITTLE larger, sir, if.','2020-06-18 18:11:08','2021-03-28 16:59:39'),(854,93,84,4,'nobis','Alice. \'I\'m a--I\'m a--\' \'Well! WHAT are you?\' And then a row of lodging houses, and behind them a.','2021-03-01 04:51:21','2021-03-28 16:59:39'),(855,98,84,3,'harum','THAT direction,\' the Cat remarked. \'Don\'t be impertinent,\' said the Gryphon. \'It\'s all about for.','2021-02-28 07:17:12','2021-03-28 16:59:39'),(856,24,85,1,'quibusdam','If they had at the sudden change, but she thought it had lost something; and she hurried out of.','2021-02-14 06:30:29','2021-03-28 16:59:39'),(857,56,85,4,'sapiente','Mouse was speaking, so that they would call after her: the last few minutes, and she ran off as.','2020-07-10 16:55:56','2021-03-28 16:59:39'),(858,60,85,4,'enim','Then followed the Knave was standing before them, in chains, with a smile. There was nothing on it.','2020-11-14 10:17:04','2021-03-28 16:59:39'),(859,90,85,2,'molestias','Hatter trembled so, that Alice quite hungry to look at all the while, till at last she spread out.','2020-08-12 13:44:50','2021-03-28 16:59:39'),(860,57,86,1,'sed','Alice had begun to think to herself, \'the way all the time they had to do it.\' (And, as you go to.','2021-02-19 04:30:39','2021-03-28 16:59:39'),(861,73,87,4,'voluptatibus','I\'ll get into that beautiful garden--how IS that to be a queer thing, to be a very grave voice,.','2020-11-22 17:59:24','2021-03-28 16:59:39'),(862,78,88,1,'quia','Bill! I wouldn\'t be so easily offended, you know!\' The Mouse did not at all know whether it would.','2020-05-02 14:13:10','2021-03-28 16:59:39'),(863,95,88,4,'soluta','Gryphon. \'I\'ve forgotten the Duchess began in a trembling voice to a snail. \"There\'s a porpoise.','2020-11-07 15:57:03','2021-03-28 16:59:39'),(864,9,89,5,'iste','The master was an uncomfortably sharp chin. However, she did not like to drop the jar for fear of.','2020-07-13 04:41:27','2021-03-28 16:59:39'),(865,39,89,4,'repellat','I shall see it written up somewhere.\' Down, down, down. Would the fall NEVER come to the fifth.','2020-10-06 08:40:12','2021-03-28 16:59:39'),(866,18,90,4,'cumque','March Hare. \'It was the Rabbit began. Alice thought she might find another key on it, or at any.','2021-01-31 08:04:53','2021-03-28 16:59:39'),(867,47,90,5,'doloremque','And the moral of that is, but I shall see it trying in a twinkling! Half-past one, time for.','2021-02-02 04:19:02','2021-03-28 16:59:39'),(868,74,90,3,'nihil','Alice thought she might as well as if a fish came to ME, and told me you had been to the Queen,.','2020-06-01 03:11:24','2021-03-28 16:59:39'),(869,4,91,2,'sit','Alice had got burnt, and eaten up by a very curious to see that she remained the same side of.','2020-04-17 14:22:41','2021-03-28 16:59:39'),(870,7,91,1,'optio','THAT. Then again--\"BEFORE SHE HAD THIS FIT--\" you never to lose YOUR temper!\' \'Hold your tongue!\'.','2020-08-25 16:47:53','2021-03-28 16:59:39'),(871,88,91,4,'sed','An obstacle that came between Him, and ourselves, and it. Don\'t let him know she liked them best,.','2020-06-10 17:01:32','2021-03-28 16:59:39'),(872,11,93,5,'sunt','Hatter were having tea at it: a Dormouse was sitting next to her. The Cat only grinned when it saw.','2020-05-22 11:04:45','2021-03-28 16:59:39'),(873,76,93,2,'sed','Queen, pointing to Alice for some way, and the words all coming different, and then dipped.','2021-01-16 05:18:25','2021-03-28 16:59:39'),(874,95,93,1,'ipsa','I only knew the right size for ten minutes together!\' \'Can\'t remember WHAT things?\' said the.','2021-01-27 12:01:42','2021-03-28 16:59:39'),(875,35,94,4,'voluptatibus','Cat went on, \'--likely to win, that it\'s hardly worth while finishing the game.\' The Queen smiled.','2020-04-13 18:27:32','2021-03-28 16:59:39'),(876,51,94,5,'ut','Hatter began, in a low, timid voice, \'If you do. I\'ll set Dinah at you!\' There was a little.','2020-09-19 22:23:00','2021-03-28 16:59:39'),(877,23,95,5,'libero','For the Mouse was bristling all over, and she jumped up and repeat \"\'TIS THE VOICE OF THE.','2020-04-17 13:27:38','2021-03-28 16:59:39'),(878,50,95,1,'ea','ME.\' \'You!\' said the cook. \'Treacle,\' said the Gryphon, before Alice could speak again. In a.','2020-05-06 17:18:01','2021-03-28 16:59:39'),(879,72,95,1,'ut','Cat: \'we\'re all mad here. I\'m mad. You\'re mad.\' \'How do you mean by that?\' said the Gryphon, half.','2020-05-02 22:48:55','2021-03-28 16:59:39'),(880,3,97,3,'aut','March Hare. \'Yes, please do!\' pleaded Alice. \'And where HAVE my shoulders got to? And oh, my poor.','2021-03-09 13:15:31','2021-03-28 16:59:39'),(881,66,97,5,'sit','March Hare. Alice sighed wearily. \'I think I may as well as she spoke; \'either you or your head.','2021-02-26 09:13:46','2021-03-28 16:59:39'),(882,85,97,1,'natus','Alice; not that she had drunk half the bottle, saying to her great delight it fitted! Alice opened.','2020-11-17 10:53:27','2021-03-28 16:59:39'),(883,86,97,2,'non','I ask! It\'s always six o\'clock now.\' A bright idea came into her face. \'Very,\' said Alice: \'allow.','2020-10-24 12:48:34','2021-03-28 16:59:39'),(884,40,98,1,'dicta','Alice \'without pictures or conversations in it, and found that, as nearly as large as himself, and.','2020-11-07 05:41:10','2021-03-28 16:59:39'),(885,19,99,2,'ea','Alice looked all round the hall, but they were filled with tears again as quickly as she went on.','2020-12-11 01:45:12','2021-03-28 16:59:39'),(886,29,99,4,'fuga','Alice called after it; and while she ran, as well look and see what this bottle was NOT marked.','2020-06-23 06:42:40','2021-03-28 16:59:39'),(887,68,99,1,'voluptatem','I\'ve finished.\' So they got settled down again, the Dodo solemnly presented the thimble, saying.','2020-04-14 19:16:55','2021-03-28 16:59:39'),(888,2,100,2,'eum','Lizard\'s slate-pencil, and the great concert given by the prisoner to--to somebody.\' \'It must have.','2020-12-24 22:43:41','2021-03-28 16:59:39'),(889,19,100,2,'ullam','But, now that I\'m doubtful about the temper of your nose-- What made you so awfully clever?\' \'I.','2020-04-05 02:04:24','2021-03-28 16:59:39'),(890,35,100,4,'esse','Queen. \'You make me giddy.\' And then, turning to Alice. \'Nothing,\' said Alice. \'Nothing WHATEVER?\'.','2020-04-01 21:15:16','2021-03-28 16:59:39'),(891,76,100,3,'voluptatem','ITS WAISTCOAT-POCKET, and looked anxiously over his shoulder with some curiosity. \'What a pity it.','2020-11-09 12:16:12','2021-03-28 16:59:39'),(892,1,1,4,'eum','Alice, as the March Hare and his friends shared their never-ending meal, and the small ones choked.','2020-07-22 15:26:24','2021-03-28 16:59:39'),(893,6,1,3,'atque','I was a little way out of sight before the trial\'s over!\' thought Alice. \'I\'ve read that in some.','2020-08-01 22:36:47','2021-03-28 16:59:39'),(894,8,1,1,'sed','I mentioned before, And have grown most uncommonly fat; Yet you finished the goose, with the bones.','2020-04-02 01:33:35','2021-03-28 16:59:39'),(895,24,1,4,'odio','Alice quite jumped; but she got up, and began staring at the White Rabbit as he found it very.','2020-10-09 09:24:40','2021-03-28 16:59:39'),(896,26,1,5,'nulla','Wonderland of long ago: and how she would get up and picking the daisies, when suddenly a footman.','2020-12-19 13:53:05','2021-03-28 16:59:39'),(897,32,1,2,'dolore','Alice was just going to turn into a chrysalis--you will some day, you know--and then after that.','2020-08-05 12:17:34','2021-03-28 16:59:39'),(898,35,1,4,'tempora','The Mouse looked at it gloomily: then he dipped it into one of the ground, Alice soon came upon a.','2020-12-28 11:03:14','2021-03-28 16:59:39'),(899,43,1,3,'sint','I\'d only been the right distance--but then I wonder if I was, I shouldn\'t want YOURS: I don\'t.','2020-07-19 05:46:20','2021-03-28 16:59:39'),(900,46,1,2,'reprehenderit','Sends in a louder tone. \'ARE you to offer it,\' said the Caterpillar contemptuously. \'Who are YOU?\'.','2021-03-27 00:22:40','2021-03-28 16:59:39'),(901,50,1,2,'laudantium','Let me see: four times seven is--oh dear! I shall have to go near the right size, that it was good.','2020-12-26 20:30:15','2021-03-28 16:59:39'),(902,57,1,4,'laboriosam','I shall only look up in a sulky tone; \'Seven jogged my elbow.\' On which Seven looked up eagerly,.','2020-04-13 11:30:02','2021-03-28 16:59:39'),(903,60,1,4,'vel','Hatter. \'Does YOUR watch tell you my adventures--beginning from this morning,\' said Alice as he.','2020-11-08 13:06:33','2021-03-28 16:59:39'),(904,61,1,5,'et','And she squeezed herself up closer to Alice\'s great surprise, the Duchess\'s voice died away, even.','2020-12-04 09:16:10','2021-03-28 16:59:39'),(905,62,1,5,'enim','Dormouse, after thinking a minute or two, which gave the Pigeon went on, spreading out the.','2020-12-02 13:04:04','2021-03-28 16:59:39'),(906,68,1,4,'omnis','Alice. \'I\'m glad they don\'t seem to have the experiment tried. \'Very true,\' said the Rabbit was no.','2020-10-29 17:47:53','2021-03-28 16:59:39'),(907,83,1,5,'quidem','Caterpillar. \'Well, I never was so much about a thousand times as large as the door and went back.','2021-03-12 09:14:28','2021-03-28 16:59:39'),(908,85,1,5,'commodi','I shan\'t grow any more--As it is, I suppose?\' \'Yes,\' said Alice, (she had grown up,\' she said to.','2020-05-13 17:24:27','2021-03-28 16:59:39'),(909,87,1,1,'quia','The Knave did so, very carefully, nibbling first at one corner of it: for she was now more than.','2020-07-31 03:27:39','2021-03-28 16:59:39'),(910,88,1,2,'laudantium','Alice like the right distance--but then I wonder what was on the shingle--will you come to the.','2020-07-16 08:36:34','2021-03-28 16:59:39'),(911,92,1,4,'doloremque','Just at this moment the door as you go on? It\'s by far the most interesting, and perhaps after all.','2020-04-02 17:20:20','2021-03-28 16:59:39'),(912,95,1,3,'ullam','Duchess: \'and the moral of that dark hall, and wander about among those beds of bright flowers and.','2021-01-08 20:25:40','2021-03-28 16:59:39'),(913,97,1,5,'corporis','Alice. \'Well, I shan\'t go, at any rate, the Dormouse go on in the other. In the very tones of her.','2020-05-30 02:30:04','2021-03-28 16:59:39'),(914,2,2,4,'excepturi','Mock Turtle at last, with a large pool all round the table, half hoping she might as well as I was.','2020-04-29 05:02:24','2021-03-28 16:59:39'),(915,10,2,3,'ducimus','Alice cautiously replied: \'but I must be on the shingle--will you come to the shore, and then.','2020-04-12 21:46:39','2021-03-28 16:59:39'),(916,11,2,2,'omnis','Queen. \'Can you play croquet?\' The soldiers were silent, and looked at the cook, to see the Queen..','2020-04-23 05:47:03','2021-03-28 16:59:39'),(917,19,2,4,'qui','SAID was, \'Why is a very fine day!\' said a sleepy voice behind her. \'Collar that Dormouse,\' the.','2020-09-12 10:39:16','2021-03-28 16:59:39'),(918,20,2,3,'excepturi','I think that very few little girls in my kitchen AT ALL. Soup does very well without--Maybe it\'s.','2020-12-20 07:05:44','2021-03-28 16:59:39'),(919,23,2,5,'adipisci','Dormouse!\' And they pinched it on both sides at once. The Dormouse had closed its eyes were.','2021-02-09 15:35:51','2021-03-28 16:59:39'),(920,31,2,3,'quas','Duchess asked, with another dig of her going, though she knew that were of the moment she.','2021-01-14 12:34:09','2021-03-28 16:59:39'),(921,33,2,2,'commodi','DON\'T know,\' said the Cat, and vanished again. Alice waited till the eyes appeared, and then the.','2020-11-24 19:29:28','2021-03-28 16:59:39'),(922,34,2,2,'asperiores','King sharply. \'Do you take me for asking! No, it\'ll never do to hold it. As soon as she could not.','2020-09-02 02:45:10','2021-03-28 16:59:39'),(923,36,2,1,'nihil','Alice. \'I\'m glad I\'ve seen that done,\' thought Alice. \'Now we shall get on better.\' \'I\'d rather.','2020-10-09 07:28:46','2021-03-28 16:59:39'),(924,39,2,4,'et','I think you\'d take a fancy to cats if you wouldn\'t have come here.\' Alice didn\'t think that proved.','2021-01-07 05:52:11','2021-03-28 16:59:39'),(925,47,2,5,'quibusdam','Don\'t let him know she liked them best, For this must ever be A secret, kept from all the players,.','2021-01-11 19:11:18','2021-03-28 16:59:39'),(926,48,2,3,'velit','Poor Alice! It was the first day,\' said the one who had meanwhile been examining the roses. \'Off.','2020-09-11 05:17:32','2021-03-28 16:59:39'),(927,55,2,1,'voluptatem','I shall have some fun now!\' thought Alice. \'I\'ve tried the roots of trees, and I\'ve tried hedges,\'.','2020-09-01 01:35:25','2021-03-28 16:59:39'),(928,58,2,1,'eos','Off with his nose, you know?\' \'It\'s the stupidest tea-party I ever was at in all directions, \'just.','2020-11-03 14:32:45','2021-03-28 16:59:39'),(929,67,2,1,'esse','Alice felt a little snappishly. \'You\'re enough to get her head impatiently; and, turning to the.','2020-10-15 06:47:09','2021-03-28 16:59:39'),(930,70,2,4,'inventore','Would not, could not, could not, would not give all else for two Pennyworth only of beautiful.','2020-08-24 08:59:29','2021-03-28 16:59:39'),(931,71,2,3,'pariatur','Alice could see this, as she spoke. (The unfortunate little Bill had left off when they arrived,.','2020-06-30 05:11:45','2021-03-28 16:59:39'),(932,90,2,4,'voluptates','Gryphon never learnt it.\' \'Hadn\'t time,\' said the March Hare said to Alice, very much at first,.','2020-05-03 22:02:12','2021-03-28 16:59:39'),(933,99,2,3,'qui','White Rabbit blew three blasts on the song, \'I\'d have said to herself, (not in a solemn tone, only.','2020-12-06 20:43:22','2021-03-28 16:59:39'),(934,100,2,5,'nihil','I WAS when I breathe\"!\' \'It IS a long time with great curiosity, and this Alice thought the whole.','2021-02-07 06:10:48','2021-03-28 16:59:39'),(935,5,3,2,'mollitia','Duchess?\' \'Hush! Hush!\' said the King, and the Queen was close behind it was a body to cut it off.','2021-02-02 21:28:41','2021-03-28 16:59:39'),(936,7,3,5,'libero','Five and Seven said nothing, but looked at the Gryphon remarked: \'because they lessen from day to.','2020-06-01 15:06:05','2021-03-28 16:59:39'),(937,12,3,3,'dolorem','So she tucked it away under her arm, that it was perfectly round, she came upon a low voice. \'Not.','2021-01-08 23:57:36','2021-03-28 16:59:39'),(938,13,3,1,'ea','White Rabbit blew three blasts on the hearth and grinning from ear to ear. \'Please would you tell.','2020-10-26 09:58:08','2021-03-28 16:59:39'),(939,14,3,1,'commodi','I think.\' And she began looking at everything that Alice had never been in a low, timid voice, \'If.','2020-07-30 20:37:56','2021-03-28 16:59:39'),(940,25,3,1,'quidem','Hatter. \'He won\'t stand beating. Now, if you cut your finger VERY deeply with a teacup in one hand.','2020-04-30 17:25:19','2021-03-28 16:59:39'),(941,27,3,5,'ex','Queen?\' said the Mock Turtle, suddenly dropping his voice; and Alice thought decidedly uncivil..','2020-07-13 12:17:08','2021-03-28 16:59:39'),(942,41,3,4,'corporis','I was sent for.\' \'You ought to have any rules in particular; at least, if there are, nobody.','2020-06-12 06:20:35','2021-03-28 16:59:39'),(943,49,3,5,'deleniti','Alice, as the question was evidently meant for her. \'I wish I had not gone much farther before she.','2020-04-04 00:26:37','2021-03-28 16:59:39'),(944,53,3,3,'rerum','I shan\'t! YOU do it!--That I won\'t, then!--Bill\'s to go down the chimney?--Nay, I shan\'t! YOU do.','2021-03-15 09:19:47','2021-03-28 16:59:39'),(945,56,3,4,'provident','YOU with us!\"\' \'They were learning to draw, you know--\' \'But, it goes on \"THEY ALL RETURNED FROM.','2020-12-15 08:05:58','2021-03-28 16:59:39'),(946,66,3,2,'tempore','Even the Duchess said in a voice she had accidentally upset the milk-jug into his plate. Alice did.','2020-10-08 12:42:37','2021-03-28 16:59:39'),(947,69,3,2,'at','At last the Dodo managed it.) First it marked out a race-course, in a low voice, to the part about.','2020-06-11 19:57:09','2021-03-28 16:59:39'),(948,73,3,5,'asperiores','Alice went on in the sand with wooden spades, then a great hurry; \'and their names were Elsie,.','2020-05-18 21:10:45','2021-03-28 16:59:39'),(949,77,3,5,'vel','I\'d hardly finished the first sentence in her brother\'s Latin Grammar, \'A mouse--of a mouse--to a.','2020-05-16 05:00:59','2021-03-28 16:59:39'),(950,79,3,1,'animi','CAN I have to beat them off, and had just begun to repeat it, when a sharp hiss made her next.','2020-12-13 03:27:54','2021-03-28 16:59:39'),(951,80,3,4,'ducimus','Suppress him! Pinch him! Off with his knuckles. It was so much into the way down one side and up.','2020-09-02 15:37:55','2021-03-28 16:59:39'),(952,81,3,4,'iste','Alice after it, \'Mouse dear! Do come back with the lobsters, out to sea!\" But the insolence of his.','2020-08-23 05:16:17','2021-03-28 16:59:39'),(953,93,3,5,'fugiat','I do it again and again.\' \'You are old,\' said the Hatter: \'let\'s all move one place on.\' He moved.','2020-12-28 23:39:44','2021-03-28 16:59:39'),(954,94,3,2,'et','King; \'and don\'t be particular--Here, Bill! catch hold of its voice. \'Back to land again, and put.','2020-12-29 20:23:02','2021-03-28 16:59:39'),(955,96,3,1,'autem','Duchess, \'chop off her head!\' about once in her hands, and was suppressed. \'Come, that finished.','2020-05-01 00:34:31','2021-03-28 16:59:39'),(956,3,4,2,'culpa','She did it at last, more calmly, though still sobbing a little pattering of feet on the trumpet,.','2020-04-11 23:29:57','2021-03-28 16:59:39'),(957,9,4,4,'nam','Duchess: \'what a clear way you go,\' said the Mock Turtle\'s heavy sobs. Lastly, she pictured to.','2020-07-17 21:03:16','2021-03-28 16:59:39'),(958,16,4,1,'totam','Hatter said, turning to Alice. \'Only a thimble,\' said Alice to find it out, we should all have our.','2020-07-13 22:51:46','2021-03-28 16:59:39'),(959,17,4,4,'sit','But at any rate it would be quite as much right,\' said the Mock Turtle: \'crumbs would all come.','2021-01-11 07:53:47','2021-03-28 16:59:39'),(960,18,4,1,'earum','EVEN finish, if he thought it over here,\' said the Hatter. \'Does YOUR watch tell you more than.','2020-04-30 03:36:07','2021-03-28 16:59:39'),(961,22,4,3,'quia','Soup,\" will you, old fellow?\' The Mock Turtle replied; \'and then the puppy made another snatch in.','2020-10-03 18:21:37','2021-03-28 16:59:39'),(962,30,4,3,'repudiandae','The other side of the sense, and the poor little feet, I wonder what they WILL do next! As for.','2020-08-13 01:16:02','2021-03-28 16:59:39'),(963,37,4,5,'iusto','MARMALADE\', but to open them again, and the others all joined in chorus, \'Yes, please do!\' pleaded.','2020-07-17 18:55:45','2021-03-28 16:59:39'),(964,40,4,5,'aut','The table was a table set out under a tree a few minutes, and she set to work throwing everything.','2020-04-20 03:32:17','2021-03-28 16:59:39'),(965,42,4,1,'aliquid','I only wish people knew that: then they wouldn\'t be so easily offended!\' \'You\'ll get used to it in.','2020-10-18 14:29:51','2021-03-28 16:59:39'),(966,44,4,3,'error','Alice replied, rather shyly, \'I--I hardly know, sir, just at first, the two creatures, who had.','2020-06-03 01:30:53','2021-03-28 16:59:39'),(967,45,4,4,'aut','NOT be an old conger-eel, that used to say.\' \'So he did, so he with his knuckles. It was all very.','2020-11-12 04:54:02','2021-03-28 16:59:39'),(968,51,4,1,'dolorem','Alice, with a sigh: \'it\'s always tea-time, and we\'ve no time to wash the things I used to know..','2020-04-08 13:26:32','2021-03-28 16:59:39'),(969,52,4,5,'id','Lastly, she pictured to herself in a natural way again. \'I wonder what CAN have happened to me!.','2021-02-14 23:40:05','2021-03-28 16:59:39'),(970,54,4,4,'rem','I\'m afraid, sir\' said Alice, a little house in it about four inches deep and reaching half down.','2020-07-18 22:33:01','2021-03-28 16:59:39'),(971,63,4,2,'ad','Gryphon, \'she wants for to know your history, you know,\' the Hatter with a pair of white kid.','2020-10-14 11:50:52','2021-03-28 16:59:39'),(972,65,4,1,'dicta','English!\' said the March Hare went on. Her listeners were perfectly quiet till she had expected:.','2020-04-05 07:23:25','2021-03-28 16:59:39'),(973,75,4,4,'unde','THEN--she found herself at last turned sulky, and would only say, \'I am older than I am so VERY.','2020-07-31 04:50:07','2021-03-28 16:59:39'),(974,84,4,1,'animi','White Rabbit was still in existence; \'and now for the immediate adoption of more energetic.','2020-06-29 09:04:03','2021-03-28 16:59:39'),(975,86,4,1,'sed','I can\'t quite follow it as a cushion, resting their elbows on it, or at least one of its mouth and.','2021-02-20 15:21:52','2021-03-28 16:59:39'),(976,4,5,3,'nihil','Alice replied very politely, feeling quite pleased to have lessons to learn! No, I\'ve made up my.','2020-04-27 20:53:27','2021-03-28 16:59:39'),(977,15,5,2,'ut','Alice as he spoke, and added \'It isn\'t mine,\' said the Duchess, \'as pigs have to fly; and the.','2021-03-13 11:30:11','2021-03-28 16:59:39'),(978,21,5,1,'reprehenderit','Queen of Hearts, carrying the King\'s crown on a little feeble, squeaking voice, (\'That\'s Bill,\'.','2021-03-09 18:57:11','2021-03-28 16:59:39'),(979,28,5,3,'aut','I never was so long since she had somehow fallen into the garden with one finger for the next.','2020-06-14 15:43:59','2021-03-28 16:59:39'),(980,29,5,4,'quis','I\'ll try and say \"Who am I to get in?\' she repeated, aloud. \'I shall do nothing of the.','2020-04-11 20:29:55','2021-03-28 16:59:39'),(981,38,5,3,'non','Eaglet. \'I don\'t see how the Dodo suddenly called out to be told so. \'It\'s really dreadful,\' she.','2020-04-30 07:05:59','2021-03-28 16:59:39'),(982,59,5,4,'rerum','How puzzling all these changes are! I\'m never sure what I\'m going to happen next. The first.','2020-06-09 00:57:31','2021-03-28 16:59:39'),(983,64,5,1,'excepturi','King. \'I can\'t go no lower,\' said the Gryphon: \'I went to school in the same thing,\' said the King.','2020-12-26 23:30:29','2021-03-28 16:59:39'),(984,72,5,1,'voluptates','I will just explain to you to learn?\' \'Well, there was nothing on it but tea. \'I don\'t believe.','2020-06-08 14:51:34','2021-03-28 16:59:39'),(985,74,5,1,'tempore','Queen. \'Can you play croquet?\' The soldiers were always getting up and went on for some time.','2020-07-11 03:10:05','2021-03-28 16:59:39'),(986,76,5,5,'magni','Mock Turtle went on. Her listeners were perfectly quiet till she too began dreaming after a minute.','2020-10-15 07:26:58','2021-03-28 16:59:39'),(987,78,5,2,'cupiditate','Alice, who felt very curious to see you again, you dear old thing!\' said the Rabbit\'s voice.','2020-07-06 12:54:58','2021-03-28 16:59:39'),(988,82,5,3,'autem','She said the Hatter. Alice felt that she tipped over the list, feeling very glad she had felt.','2020-10-28 10:41:38','2021-03-28 16:59:39'),(989,89,5,4,'reprehenderit','No, no! You\'re a serpent; and there\'s no room at all anxious to have no notion how long ago.','2020-06-08 22:32:02','2021-03-28 16:59:39'),(990,91,5,1,'aspernatur','This sounded promising, certainly: Alice turned and came flying down upon her: she gave a little.','2020-12-30 04:25:06','2021-03-28 16:59:39'),(991,98,5,5,'tempore','Mock Turtle yet?\' \'No,\' said Alice. \'Of course it was,\' said the King, the Queen, who was a most.','2020-03-30 08:32:44','2021-03-28 16:59:39'),(992,15,7,1,'voluptas','Hatter. \'I deny it!\' said the Hatter. \'I told you butter wouldn\'t suit the works!\' he added.','2020-12-17 06:36:57','2021-03-28 16:59:39'),(993,54,8,3,'consequatur','Jack-in-the-box, and up I goes like a serpent. She had quite a chorus of \'There goes Bill!\' then.','2020-09-10 23:06:07','2021-03-28 16:59:39'),(994,14,9,2,'provident','Majesty,\' said Two, in a sorrowful tone; \'at least there\'s no harm in trying.\' So she began: \'O.','2020-08-19 02:48:04','2021-03-28 16:59:39'),(995,62,9,3,'et','I--\' \'Oh, don\'t talk about her repeating \'YOU ARE OLD, FATHER WILLIAM,\"\' said the Gryphon: and.','2020-10-25 10:20:33','2021-03-28 16:59:39'),(996,7,11,5,'laudantium','Owl, as a partner!\' cried the Mouse, turning to Alice: he had never heard of \"Uglification,\"\'.','2021-03-24 09:48:31','2021-03-28 16:59:39'),(997,69,11,2,'perspiciatis','Dinah, tell me who YOU are, first.\' \'Why?\' said the King: \'however, it may kiss my hand if it.','2021-03-25 00:45:38','2021-03-28 16:59:39'),(998,55,12,5,'nihil','Alice, \'shall I NEVER get any older than I am now? That\'ll be a lesson to you never had to ask his.','2020-12-28 03:09:48','2021-03-28 16:59:39'),(999,69,13,1,'labore','I\'ve offended it again!\' For the Mouse with an M--\' \'Why with an M?\' said Alice. \'Well, then,\' the.','2020-11-22 06:13:43','2021-03-28 16:59:39'),(1000,58,14,2,'eos','I suppose?\' said Alice. \'Exactly so,\' said the White Rabbit, who said in a natural way again. \'I.','2020-08-30 10:28:40','2021-03-28 16:59:39'),(1001,63,15,2,'fugit','March Hare, who had been looking at the top of his teacup and bread-and-butter, and went in. The.','2020-12-23 16:39:09','2021-03-28 16:59:39'),(1002,54,16,1,'natus','Gryphon. \'It\'s all his fancy, that: he hasn\'t got no sorrow, you know. But do cats eat bats? Do.','2020-11-14 06:30:13','2021-03-28 16:59:39'),(1003,40,17,2,'dolorem','Let me think: was I the same thing with you,\' said the Mouse, frowning, but very politely: \'Did.','2020-07-30 14:06:39','2021-03-28 16:59:39'),(1004,65,18,5,'dolores','Shakespeare, in the same height as herself; and when Alice had got burnt, and eaten up by two.','2021-02-03 13:43:51','2021-03-28 16:59:39'),(1005,1,19,4,'quia','Trims his belt and his friends shared their never-ending meal, and the executioner went off like.','2020-12-13 03:34:22','2021-03-28 16:59:39'),(1006,14,19,4,'quo','And she thought at first she thought at first she thought of herself, \'I don\'t see how he did not.','2020-09-17 20:02:08','2021-03-28 16:59:39'),(1007,18,19,3,'tempora','This time Alice waited a little, half expecting to see a little way out of sight; and an Eaglet,.','2021-02-25 02:48:10','2021-03-28 16:59:39'),(1008,41,19,1,'ipsa','I have ordered\'; and she felt sure it would all come wrong, and she at once in the middle, being.','2021-01-13 03:41:39','2021-03-28 16:59:39'),(1009,89,19,4,'odio','March Hare, who had got to come before that!\' \'Call the next witness would be like, \'--for they.','2020-12-30 04:14:03','2021-03-28 16:59:39'),(1010,21,20,2,'inventore','Mock Turtle is.\' \'It\'s the first to break the silence. \'What day of the window, and some.','2021-03-23 15:59:36','2021-03-28 16:59:39'),(1011,79,20,5,'quia','Alice replied eagerly, for she felt sure it would like the largest telescope that ever was!.','2021-03-04 17:42:37','2021-03-28 16:59:39'),(1012,41,21,4,'fugiat','Hatter went on, without attending to her; \'but those serpents! There\'s no pleasing them!\' Alice.','2020-04-11 14:21:10','2021-03-28 16:59:39'),(1013,58,21,5,'distinctio','MINE,\' said the Hatter. Alice felt dreadfully puzzled. The Hatter\'s remark seemed to be no chance.','2021-01-23 18:46:05','2021-03-28 16:59:39'),(1014,33,22,4,'velit','Hatter: \'it\'s very rude.\' The Hatter opened his eyes. He looked at her, and the roof of the.','2020-09-05 10:55:11','2021-03-28 16:59:39'),(1015,74,22,1,'quidem','Alice: \'I don\'t think they play at all what had become of me? They\'re dreadfully fond of.','2021-02-23 14:56:07','2021-03-28 16:59:39'),(1016,18,23,2,'vel','Alice went on without attending to her; \'but those serpents! There\'s no pleasing them!\' Alice was.','2020-10-04 09:51:38','2021-03-28 16:59:39'),(1017,41,24,2,'officia','Alice very humbly: \'you had got to the end: then stop.\' These were the verses to himself: \'\"WE.','2020-11-26 22:58:23','2021-03-28 16:59:39'),(1018,88,24,4,'facere','YOURS: I don\'t understand. Where did they live at the beginning,\' the King repeated angrily, \'or.','2021-01-16 13:28:03','2021-03-28 16:59:39'),(1019,4,25,1,'voluptatibus','King said gravely, \'and go on in the air. She did it at last, with a soldier on each side, and.','2020-09-14 21:11:32','2021-03-28 16:59:39'),(1020,14,25,4,'esse','Gryphon. \'It\'s all her wonderful Adventures, till she had not got into it), and handed back to.','2020-10-16 22:46:39','2021-03-28 16:59:39'),(1021,29,25,4,'autem','Alice. \'Only a thimble,\' said Alice very humbly: \'you had got burnt, and eaten up by wild beasts.','2020-12-10 18:38:22','2021-03-28 16:59:39'),(1022,87,25,4,'quisquam','All this time she saw in my size; and as it went. So she tucked it away under her arm, and timidly.','2021-03-10 09:53:13','2021-03-28 16:59:39'),(1023,91,25,4,'aliquid','Alice, surprised at her with large eyes like a snout than a pig, my dear,\' said Alice, as she fell.','2021-01-15 11:26:07','2021-03-28 16:59:39'),(1024,38,27,3,'nemo','Alice looked at poor Alice, and sighing. \'It IS the fun?\' said Alice. \'Did you speak?\' \'Not I!\'.','2020-04-03 21:51:33','2021-03-28 16:59:39'),(1025,18,28,3,'impedit','Caterpillar contemptuously. \'Who are YOU?\' Which brought them back again to the Knave was standing.','2021-03-06 21:29:09','2021-03-28 16:59:39'),(1026,57,28,1,'iste','Hatter, \'I cut some more bread-and-butter--\' \'But what happens when you have just been reading.','2020-06-16 00:27:37','2021-03-28 16:59:39'),(1027,80,28,4,'quibusdam','Wonderland, though she felt sure she would get up and down in a hurried nervous manner, smiling at.','2020-11-06 07:51:24','2021-03-28 16:59:39'),(1028,35,29,1,'natus','Dodo, \'the best way to fly up into the sea, though you mayn\'t believe it--\' \'I never heard of.','2020-05-21 09:29:48','2021-03-28 16:59:39'),(1029,41,30,4,'est','Alice. \'Why, there they are!\' said the Hatter. \'It isn\'t directed at all,\' said Alice: \'she\'s so.','2020-10-22 19:10:40','2021-03-28 16:59:39'),(1030,81,30,1,'non','Mystery,\' the Mock Turtle sighed deeply, and drew the back of one flapper across his eyes. \'I.','2020-12-21 03:09:02','2021-03-28 16:59:39'),(1031,46,31,4,'placeat','Alice quite hungry to look about her pet: \'Dinah\'s our cat. And she\'s such a neck as that! No, no!.','2020-09-27 00:42:13','2021-03-28 16:59:39'),(1032,78,31,4,'ipsum','King had said that day. \'No, no!\' said the Duchess, \'as pigs have to ask the question?\' said the.','2020-06-24 13:20:30','2021-03-28 16:59:39'),(1033,5,32,2,'quia','Dodo in an offended tone, \'was, that the best of educations--in fact, we went to him,\' said Alice.','2020-12-16 18:43:28','2021-03-28 16:59:39'),(1034,17,32,3,'numquam','I should frighten them out again. The rabbit-hole went straight on like a telescope.\' And so it.','2021-01-12 12:37:41','2021-03-28 16:59:39'),(1035,73,32,4,'amet','Duchess\'s cook. She carried the pepper-box in her own ears for having missed their turns, and she.','2020-08-25 14:21:55','2021-03-28 16:59:39'),(1036,85,32,4,'tenetur','Mock Turtle said: \'I\'m too stiff. And the moral of that is--\"Oh, \'tis love, that makes you forget.','2020-07-05 08:59:08','2021-03-28 16:59:39'),(1037,92,32,3,'repellat','King, and he wasn\'t one?\' Alice asked. \'We called him a fish)--and rapped loudly at the bottom of.','2021-03-01 22:18:28','2021-03-28 16:59:39'),(1038,10,33,1,'omnis','Cat: \'we\'re all mad here. I\'m mad. You\'re mad.\' \'How do you mean that you have of putting things!\'.','2021-03-23 05:09:49','2021-03-28 16:59:39'),(1039,59,33,1,'repudiandae','Alice did not look at all this time, and was going to remark myself.\' \'Have you seen the Mock.','2020-10-14 02:02:14','2021-03-28 16:59:39'),(1040,65,33,5,'aut','Majesty must cross-examine the next witness!\' said the Footman. \'That\'s the most confusing thing I.','2020-10-06 10:14:37','2021-03-28 16:59:39'),(1041,86,33,3,'sapiente','And he got up and to stand on your shoes and stockings for you now, dears? I\'m sure _I_ shan\'t be.','2020-12-17 02:13:21','2021-03-28 16:59:39'),(1042,87,33,1,'unde','Queen shrieked out. \'Behead that Dormouse! Turn that Dormouse out of THIS!\' (Sounds of more.','2021-02-24 20:09:58','2021-03-28 16:59:39'),(1043,50,34,3,'consequuntur','King, with an M--\' \'Why with an M, such as mouse-traps, and the whole head appeared, and then all.','2020-09-08 22:52:25','2021-03-28 16:59:39'),(1044,90,34,2,'ut','Alice alone with the other arm curled round her head. \'If I eat or drink anything; so I\'ll just.','2020-11-06 16:24:41','2021-03-28 16:59:39'),(1045,45,35,4,'repellat','March Hare. \'Yes, please do!\' but the three gardeners, but she got to the Mock Turtle. So she.','2020-06-23 04:58:15','2021-03-28 16:59:39'),(1046,51,36,2,'cum','Eaglet. \'I don\'t see,\' said the King: \'leave out that it was quite tired of being all alone here!\'.','2020-10-25 15:07:26','2021-03-28 16:59:39'),(1047,15,39,1,'iure','And yet I don\'t want to see if she meant to take MORE than nothing.\' \'Nobody asked YOUR opinion,\'.','2020-12-03 09:37:36','2021-03-28 16:59:39'),(1048,31,39,5,'deleniti','These were the two creatures got so much frightened that she had read several nice little.','2020-11-02 14:47:16','2021-03-28 16:59:39'),(1049,57,39,5,'atque','It was the BEST butter,\' the March Hare and his friends shared their never-ending meal, and the.','2021-01-21 17:18:23','2021-03-28 16:59:39'),(1050,76,40,4,'a','Alice: \'--where\'s the Duchess?\' \'Hush! Hush!\' said the Footman, \'and that for the hedgehogs; and.','2021-03-07 11:37:47','2021-03-28 16:59:39'),(1051,83,40,4,'dolorum','Alice replied very readily: \'but that\'s because it stays the same solemn tone, \'For the Duchess..','2020-08-20 12:44:46','2021-03-28 16:59:39'),(1052,4,41,1,'soluta','Duchess, \'chop off her unfortunate guests to execution--once more the pig-baby was sneezing on the.','2020-06-09 07:51:55','2021-03-28 16:59:39'),(1053,19,41,4,'consequuntur','Alice went on, very much pleased at having found out a history of the tea--\' \'The twinkling of the.','2020-09-20 15:17:18','2021-03-28 16:59:39'),(1054,15,42,4,'exercitationem','WAS a curious feeling!\' said Alice; \'it\'s laid for a few minutes, and she did not get dry again:.','2020-12-22 08:37:14','2021-03-28 16:59:39'),(1055,11,43,5,'quidem','I do,\' said Alice timidly. \'Would you tell me, Pat, what\'s that in about half no time! Take your.','2020-12-25 00:45:59','2021-03-28 16:59:39'),(1056,7,44,4,'in','Alice, \'or perhaps they won\'t walk the way the people near the King said, for about the reason and.','2020-11-13 15:30:56','2021-03-28 16:59:39'),(1057,44,44,2,'et','Alice, who had followed him into the court, arm-in-arm with the birds and beasts, as well as she.','2020-10-22 17:39:46','2021-03-28 16:59:39'),(1058,89,44,1,'error','Majesty,\' he began, \'for bringing these in: but I think I must have got in your pocket?\' he went.','2020-07-07 03:05:16','2021-03-28 16:59:39'),(1059,63,45,2,'impedit','NEVER come to an end! \'I wonder how many miles I\'ve fallen by this time.) \'You\'re nothing but a.','2020-10-06 12:16:29','2021-03-28 16:59:39'),(1060,29,46,3,'suscipit','French lesson-book. The Mouse only growled in reply. \'Idiot!\' said the Dormouse, without.','2021-01-28 08:16:03','2021-03-28 16:59:39'),(1061,51,47,1,'quos','Beautiful, beautiful Soup! \'Beautiful Soup! Who cares for fish, Game, or any other dish? Who would.','2020-08-26 04:14:09','2021-03-28 16:59:39'),(1062,88,47,5,'delectus','Queen\'s ears--\' the Rabbit whispered in reply, \'for fear they should forget them before the end of.','2020-09-08 14:28:48','2021-03-28 16:59:39'),(1063,15,48,4,'labore','I don\'t want to see some meaning in it,\' said the Hatter. He had been would have this cat.','2020-11-29 02:17:59','2021-03-28 16:59:39'),(1064,1,49,4,'odit','First, she dreamed of little animals and birds waiting outside. The poor little thing was snorting.','2020-06-13 07:03:01','2021-03-28 16:59:39'),(1065,11,49,2,'ad','It was, no doubt: only Alice did not look at the window, and one foot to the Duchess: \'flamingoes.','2020-05-27 16:47:55','2021-03-28 16:59:39'),(1066,71,49,5,'explicabo','Dormouse, after thinking a minute or two, which gave the Pigeon had finished. \'As if I can kick a.','2021-01-25 00:41:49','2021-03-28 16:59:39'),(1067,27,50,2,'eaque','Hatter, \'I cut some more of the edge with each hand. \'And now which is which?\' she said to the.','2020-10-12 12:43:11','2021-03-28 16:59:39'),(1068,99,50,4,'itaque','King. \'Nearly two miles high,\' added the Gryphon; and then said \'The fourth.\' \'Two days wrong!\'.','2020-07-28 18:28:27','2021-03-28 16:59:39'),(1069,4,51,3,'ut','As she said to live. \'I\'ve seen a good deal on where you want to be?\' it asked. \'Oh, I\'m not.','2021-03-01 16:50:46','2021-03-28 16:59:39'),(1070,58,51,1,'ea','Will you, won\'t you join the dance? Will you, won\'t you join the dance? Will you, won\'t you join.','2020-12-18 03:32:21','2021-03-28 16:59:39'),(1071,4,52,1,'possimus','I\'d hardly finished the first day,\' said the King added in an offended tone, \'Hm! No accounting.','2020-11-10 09:21:09','2021-03-28 16:59:39'),(1072,80,52,3,'maiores','Mock Turtle. \'And how many hours a day is very confusing.\' \'It isn\'t,\' said the Gryphon, before.','2020-11-01 01:41:51','2021-03-28 16:59:39'),(1073,85,52,4,'et','Don\'t be all day about it!\' Last came a rumbling of little animals and birds waiting outside. The.','2020-12-26 01:08:09','2021-03-28 16:59:39'),(1074,12,53,4,'eos','In another minute there was Mystery,\' the Mock Turtle angrily: \'really you are very dull!\' \'You.','2021-02-08 14:40:45','2021-03-28 16:59:39'),(1075,35,53,2,'magni','I say,\' the Mock Turtle; \'but it seems to suit them!\' \'I haven\'t the least idea what a wonderful.','2021-03-06 14:45:05','2021-03-28 16:59:39'),(1076,36,53,3,'nostrum','I get\" is the capital of Paris, and Paris is the same thing,\' said the Duchess, as she heard it.','2021-02-25 03:48:52','2021-03-28 16:59:39'),(1077,47,53,4,'facilis','Gryphon, with a whiting. Now you know.\' \'I don\'t know what they\'re like.\' \'I believe so,\' Alice.','2020-08-17 18:15:26','2021-03-28 16:59:39'),(1078,61,53,1,'voluptatem','I? Ah, THAT\'S the great wonder is, that there\'s any one left alive!\' She was a good deal.','2020-10-29 23:25:57','2021-03-28 16:59:39'),(1079,19,54,1,'velit','WAS a curious feeling!\' said Alice; \'living at the bottom of the court. All this time she saw.','2021-01-25 10:37:45','2021-03-28 16:59:39'),(1080,33,54,1,'voluptate','And she began very cautiously: \'But I don\'t understand. Where did they live at the door--I do wish.','2020-07-25 09:08:04','2021-03-28 16:59:39'),(1081,71,55,5,'optio','YOU sing,\' said the March Hare was said to itself \'Then I\'ll go round and swam slowly back again,.','2020-07-27 10:10:54','2021-03-28 16:59:39'),(1082,4,56,1,'quisquam','Alice. \'You did,\' said the Duchess, \'as pigs have to beat time when she heard a little door was.','2020-05-18 07:54:09','2021-03-28 16:59:39'),(1083,32,56,1,'velit','There was exactly the right size to do it.\' (And, as you say pig, or fig?\' said the King, rubbing.','2020-04-07 20:05:29','2021-03-28 16:59:39'),(1084,60,56,2,'doloremque','Be off, or I\'ll have you executed.\' The miserable Hatter dropped his teacup instead of the deepest.','2021-01-04 22:24:30','2021-03-28 16:59:39'),(1085,63,56,4,'sint','There was certainly English. \'I don\'t see how he can thoroughly enjoy The pepper when he pleases!\'.','2020-11-20 09:39:04','2021-03-28 16:59:39'),(1086,81,56,3,'voluptatem','She waited for a little before she got used to come once a week: HE taught us Drawling,.','2020-09-29 21:27:21','2021-03-28 16:59:39'),(1087,34,57,2,'est','Alice a little sharp bark just over her head made her so savage when they liked, so that they must.','2020-09-02 14:14:49','2021-03-28 16:59:39'),(1088,90,57,3,'eum','Take your choice!\' The Duchess took her choice, and was just beginning to grow here,\' said the.','2020-05-02 02:46:13','2021-03-28 16:59:39'),(1089,98,60,5,'est','THESE?\' said the Mock Turtle: \'nine the next, and so on.\' \'What a curious croquet-ground in her.','2020-03-29 18:00:25','2021-03-28 16:59:39'),(1090,99,60,2,'harum','Time!\' \'Perhaps not,\' Alice cautiously replied, not feeling at all what had become of you? I gave.','2021-03-15 22:15:20','2021-03-28 16:59:39'),(1091,2,61,1,'voluptas','King put on his flappers, \'--Mystery, ancient and modern, with Seaography: then Drawling--the.','2020-11-05 23:49:21','2021-03-28 16:59:39'),(1092,6,61,2,'consequatur','I can kick a little!\' She drew her foot as far as they used to it in time,\' said the Hatter: \'but.','2020-11-27 13:17:18','2021-03-28 16:59:39'),(1093,64,61,3,'voluptatem','THE KING AND QUEEN OF HEARTS. Alice was soon submitted to by all three dates on their slates, \'SHE.','2020-09-02 17:31:08','2021-03-28 16:59:39'),(1094,78,61,3,'placeat','ALICE\'S RIGHT FOOT, ESQ. HEARTHRUG, NEAR THE FENDER, (WITH ALICE\'S LOVE). Oh dear, what nonsense.','2020-07-06 23:01:06','2021-03-28 16:59:39'),(1095,41,62,1,'voluptatem','Alice; \'I might as well to say but \'It belongs to a mouse: she had sat down again in a wondering.','2020-12-28 20:30:20','2021-03-28 16:59:39'),(1096,31,64,1,'autem','Rabbit actually TOOK A WATCH OUT OF ITS WAISTCOAT-POCKET, and looked at the top with its arms.','2020-05-22 08:49:16','2021-03-28 16:59:39'),(1097,90,64,2,'nulla','I should frighten them out of the well, and noticed that one of them hit her in an undertone to.','2020-09-13 06:23:44','2021-03-28 16:59:39'),(1098,56,65,3,'magni','Hatter, and he went on in the middle of her skirt, upsetting all the time she saw maps and.','2021-03-17 00:11:33','2021-03-28 16:59:39'),(1099,83,65,2,'magni','I\'M a Duchess,\' she said to Alice; and Alice was beginning to feel which way I want to be?\' it.','2020-08-13 13:38:29','2021-03-28 16:59:39'),(1100,95,66,4,'accusantium','Footman, \'and that for two Pennyworth only of beautiful Soup? Beau--ootiful Soo--oop! Soo--oop of.','2020-08-12 21:16:00','2021-03-28 16:59:39'),(1101,7,67,1,'odio','Dormouse, after thinking a minute or two, she made it out to the table for it, you may nurse it a.','2021-01-17 13:37:30','2021-03-28 16:59:39'),(1102,33,67,3,'possimus','The further off from England the nearer is to find my way into that lovely garden. First, however,.','2021-02-01 14:57:24','2021-03-28 16:59:39'),(1103,93,67,2,'et','Footman went on eagerly: \'There is such a capital one for catching mice--oh, I beg your pardon!\'.','2020-06-30 02:29:14','2021-03-28 16:59:39'),(1104,51,68,1,'molestias','NOT, being made entirely of cardboard.) \'All right, so far,\' said the Footman, and began an.','2021-01-06 21:51:21','2021-03-28 16:59:39'),(1105,77,68,4,'repellendus','How the Owl had the dish as its share of the court. \'What do you know about it, you know.\' It was,.','2020-04-13 08:15:20','2021-03-28 16:59:39'),(1106,85,68,3,'accusantium','Queen, and Alice, were in custody and under sentence of execution.\' \'What for?\' said Alice. \'I\'m.','2020-11-13 13:34:41','2021-03-28 16:59:39'),(1107,81,69,1,'distinctio','When the sands are all pardoned.\' \'Come, THAT\'S a good thing!\' she said to herself. At this moment.','2020-06-06 13:53:48','2021-03-28 16:59:39'),(1108,95,69,3,'asperiores','The three soldiers wandered about in all my limbs very supple By the use of repeating all that.','2021-01-20 01:23:34','2021-03-28 16:59:39'),(1109,33,70,5,'non','Lory, who at last she stretched her arms folded, frowning like a serpent. She had already heard.','2020-04-04 03:27:02','2021-03-28 16:59:39'),(1110,56,70,1,'animi','Lory, who at last in the other. In the very tones of the house till she too began dreaming after a.','2020-07-09 20:59:42','2021-03-28 16:59:39'),(1111,77,70,5,'iure','At last the Mouse, frowning, but very glad to find that she hardly knew what she was holding, and.','2021-03-03 01:18:06','2021-03-28 16:59:39'),(1112,95,70,4,'tenetur','Then she went on again:-- \'I didn\'t know that cats COULD grin.\' \'They all can,\' said the Mock.','2020-06-07 10:53:12','2021-03-28 16:59:39'),(1113,99,70,1,'voluptas','I could show you our cat Dinah: I think it would make with the day and night! You see the earth.','2020-04-07 01:59:18','2021-03-28 16:59:39'),(1114,17,71,4,'velit','Dinah, tell me who YOU are, first.\' \'Why?\' said the youth, \'and your jaws are too weak For.','2021-02-10 01:35:37','2021-03-28 16:59:39'),(1115,30,71,1,'tempora','YOU, and no more to come, so she went round the neck of the Nile On every golden scale! \'How.','2020-08-10 00:03:38','2021-03-28 16:59:39'),(1116,38,71,2,'magnam','CHAPTER XII. Alice\'s Evidence \'Here!\' cried Alice, jumping up in great fear lest she should meet.','2020-10-19 02:23:25','2021-03-28 16:59:39'),(1117,42,71,3,'magni','Gryphon. \'It\'s all his fancy, that: he hasn\'t got no sorrow, you know. Come on!\' \'Everybody says.','2020-11-30 18:25:53','2021-03-28 16:59:39'),(1118,43,71,2,'tempore','There seemed to have him with them,\' the Mock Turtle. \'And how did you begin?\' The Hatter was the.','2020-04-08 17:36:18','2021-03-28 16:59:39'),(1119,27,73,3,'adipisci','Then followed the Knave \'Turn them over!\' The Knave shook his grey locks, \'I kept all my life,.','2020-09-04 08:31:23','2021-03-28 16:59:39'),(1120,67,73,4,'magni','I ought to have the experiment tried. \'Very true,\' said the King. \'Shan\'t,\' said the March Hare.','2020-12-23 05:33:28','2021-03-28 16:59:39'),(1121,86,73,2,'eveniet','If she should push the matter worse. You MUST have meant some mischief, or else you\'d have signed.','2020-04-11 14:58:17','2021-03-28 16:59:39'),(1122,18,74,2,'consequatur','All on a branch of a tree in the distance. \'And yet what a long silence after this, and Alice.','2020-08-18 19:18:48','2021-03-28 16:59:39'),(1123,31,74,2,'maxime','So Alice got up very sulkily and crossed over to the puppy; whereupon the puppy began a series of.','2020-08-27 14:06:43','2021-03-28 16:59:39'),(1124,83,74,5,'quas','Caterpillar\'s making such VERY short remarks, and she swam nearer to watch them, and considered a.','2020-12-23 19:00:47','2021-03-28 16:59:39'),(1125,64,75,2,'voluptatem','So she stood looking at the Cat\'s head with great curiosity. \'It\'s a mineral, I THINK,\' said.','2020-07-01 09:51:02','2021-03-28 16:59:39'),(1126,82,75,3,'earum','Soup of the Lizard\'s slate-pencil, and the poor animal\'s feelings. \'I quite forgot how to get into.','2020-10-21 04:54:53','2021-03-28 16:59:39'),(1127,21,76,4,'labore','King put on your shoes and stockings for you now, dears? I\'m sure I don\'t want to stay in here any.','2020-10-14 01:47:41','2021-03-28 16:59:39'),(1128,24,76,2,'soluta','I\'ll have you executed.\' The miserable Hatter dropped his teacup instead of the mushroom, and.','2020-10-17 04:55:51','2021-03-28 16:59:39'),(1129,66,76,4,'placeat','Alice, \'to pretend to be no sort of chance of getting up and said, \'That\'s right, Five! Always lay.','2020-10-07 07:57:36','2021-03-28 16:59:39'),(1130,7,77,2,'sed','Alice said to herself that perhaps it was empty: she did not like to go nearer till she too began.','2020-10-01 06:34:31','2021-03-28 16:59:39'),(1131,67,77,5,'velit','I never was so much contradicted in her hands, and she went on. \'Or would you tell me,\' said.','2021-01-25 17:10:12','2021-03-28 16:59:39'),(1132,9,78,5,'error','Alice after it, \'Mouse dear! Do come back again, and the King sharply. \'Do you take me for a long.','2021-01-01 03:52:04','2021-03-28 16:59:39'),(1133,79,78,1,'labore','Lory, who at last turned sulky, and would only say, \'I am older than I am now? That\'ll be a lesson.','2020-04-17 17:14:13','2021-03-28 16:59:39'),(1134,25,79,1,'quo','Alice, \'it\'s very interesting. I never understood what it meant till now.\' \'If that\'s all you know.','2020-06-12 00:27:02','2021-03-28 16:59:39'),(1135,32,79,2,'est','King replied. Here the Queen said severely \'Who is it directed to?\' said one of them can explain.','2020-10-30 11:17:52','2021-03-28 16:59:39'),(1136,42,79,3,'quam','Five! Don\'t go splashing paint over me like a Jack-in-the-box, and up I goes like a stalk out of.','2020-11-01 09:35:53','2021-03-28 16:59:39'),(1137,1,80,1,'eum','And the muscular strength, which it gave to my jaw, Has lasted the rest were quite silent, and.','2020-08-17 11:23:21','2021-03-28 16:59:39'),(1138,62,80,2,'culpa','I do it again and again.\' \'You are old,\' said the Lory positively refused to tell its age, there.','2021-01-24 05:39:12','2021-03-28 16:59:39'),(1139,89,80,4,'quidem','Has lasted the rest of the court. \'What do you like the name: however, it only grinned a little.','2020-10-19 15:23:22','2021-03-28 16:59:39'),(1140,95,80,2,'dolor','Paris, and Paris is the driest thing I ever was at the March Hare went on. \'I do,\' Alice said with.','2021-01-15 08:04:08','2021-03-28 16:59:39'),(1141,42,81,3,'ducimus','King. \'When did you manage to do with this creature when I got up this morning, but I shall ever.','2020-03-28 15:43:56','2021-03-28 16:59:39'),(1142,55,81,1,'suscipit','She went in search of her skirt, upsetting all the time at the proposal. \'Then the Dormouse.','2020-11-23 12:33:57','2021-03-28 16:59:39'),(1143,29,82,1,'fugit','I\'ll tell you what year it is?\' \'Of course not,\' Alice replied very readily: \'but that\'s because.','2021-03-06 19:00:04','2021-03-28 16:59:39'),(1144,44,82,3,'fugiat','Dormouse, and repeated her question. \'Why did you begin?\' The Hatter was the first witness,\' said.','2020-09-15 10:48:29','2021-03-28 16:59:39'),(1145,49,82,2,'recusandae','Cheshire cats always grinned; in fact, I didn\'t know it was a dead silence instantly, and neither.','2020-05-21 15:45:40','2021-03-28 16:59:39'),(1146,52,82,4,'modi','So she sat still and said to the game, the Queen in a low trembling voice, \'Let us get to the.','2020-10-20 22:47:15','2021-03-28 16:59:39'),(1147,86,82,4,'fugit','Father William,\' the young lady tells us a story.\' \'I\'m afraid I am, sir,\' said Alice; \'I might as.','2020-11-20 04:33:11','2021-03-28 16:59:39'),(1148,94,82,2,'laudantium','MYSELF, I\'m afraid, sir\' said Alice, feeling very curious sensation, which puzzled her a good.','2020-12-09 15:46:49','2021-03-28 16:59:39'),(1149,9,83,1,'quo','There ought to speak, and no room to grow here,\' said the Pigeon. \'I\'m NOT a serpent, I tell you!\'.','2020-11-27 15:11:18','2021-03-28 16:59:39'),(1150,32,83,3,'eos','I suppose?\' said Alice. \'You did,\' said the Duchess: \'flamingoes and mustard both bite. And the.','2021-01-07 11:15:51','2021-03-28 16:59:39'),(1151,93,84,5,'suscipit','There was nothing else to do, and in another moment, splash! she was exactly the right thing to.','2021-03-17 22:02:20','2021-03-28 16:59:39'),(1152,98,84,2,'aut','Hatter. \'You MUST remember,\' remarked the King, and he hurried off. Alice thought over all the.','2020-04-10 22:57:06','2021-03-28 16:59:39'),(1153,24,85,4,'laborum','Last came a little of the trial.\' \'Stupid things!\' Alice began to cry again. \'You ought to be a.','2020-04-27 15:23:57','2021-03-28 16:59:39'),(1154,56,85,2,'sed','There was certainly not becoming. \'And that\'s the jury-box,\' thought Alice, \'they\'re sure to make.','2020-08-20 13:52:29','2021-03-28 16:59:39'),(1155,60,85,4,'voluptas','Now you know.\' Alice had never heard it muttering to himself in an undertone,.','2021-02-27 00:28:32','2021-03-28 16:59:39'),(1156,90,85,2,'similique','Let me see--how IS it to be ashamed of yourself,\' said Alice, a little three-legged table, all.','2020-11-07 12:46:29','2021-03-28 16:59:39'),(1157,57,86,5,'repudiandae','Alice, \'and why it is I hate cats and dogs.\' It was the BEST butter,\' the March Hare said--\' \'I.','2021-02-10 20:20:52','2021-03-28 16:59:39'),(1158,73,87,4,'aliquid','Dinah, tell me who YOU are, first.\' \'Why?\' said the Queen. \'I never heard before, \'Sure then I\'m.','2020-07-26 13:02:56','2021-03-28 16:59:39'),(1159,78,88,2,'ducimus','Footman continued in the world you fly, Like a tea-tray in the newspapers, at the proposal. \'Then.','2020-11-24 21:04:06','2021-03-28 16:59:39'),(1160,95,88,5,'ut','Queen had ordered. They very soon had to run back into the air, I\'m afraid, but you might catch a.','2020-12-07 19:26:56','2021-03-28 16:59:39'),(1161,9,89,5,'et','I might venture to ask help of any use, now,\' thought poor Alice, \'when one wasn\'t always growing.','2020-05-15 15:15:37','2021-03-28 16:59:39'),(1162,39,89,2,'unde','Why, I do so like that curious song about the temper of your flamingo. Shall I try the thing at.','2020-04-07 08:32:58','2021-03-28 16:59:39'),(1163,18,90,4,'voluptatibus','March Hare. \'It was a large fan in the lap of her head to hide a smile: some of them say, \'Look.','2020-07-21 16:53:14','2021-03-28 16:59:39'),(1164,47,90,2,'sit','Tarts? The King laid his hand upon her arm, and timidly said \'Consider, my dear: she is such a.','2020-10-23 19:48:58','2021-03-28 16:59:39'),(1165,74,90,1,'doloribus','But if I\'m not myself, you see.\' \'I don\'t know what they\'re like.\' \'I believe so,\' Alice replied.','2021-01-16 18:06:11','2021-03-28 16:59:39'),(1166,4,91,1,'sit','Conqueror, whose cause was favoured by the soldiers, who of course you know about it, you know.\'.','2020-04-12 06:59:05','2021-03-28 16:59:39'),(1167,7,91,5,'dolorem','Cat. \'--so long as you liked.\' \'Is that the Gryphon as if nothing had happened. \'How am I to get.','2020-09-04 00:03:59','2021-03-28 16:59:39'),(1168,88,91,4,'consequatur','This seemed to listen, the whole party at once took up the fan she was now about two feet high,.','2021-03-10 14:27:30','2021-03-28 16:59:39'),(1169,11,93,2,'inventore','Alice. \'I don\'t like the three were all locked; and when she first saw the Mock Turtle yet?\' \'No,\'.','2020-07-13 03:39:54','2021-03-28 16:59:39'),(1170,76,93,5,'nulla','I have none, Why, I do so like that curious song about the same thing,\' said the Pigeon; \'but I.','2021-03-21 01:45:26','2021-03-28 16:59:39'),(1171,95,93,1,'enim','Then it got down off the fire, licking her paws and washing her face--and she is only a mouse that.','2020-03-31 14:35:16','2021-03-28 16:59:39'),(1172,35,94,5,'qui','Caterpillar called after it; and as the large birds complained that they must needs come wriggling.','2020-11-05 14:52:25','2021-03-28 16:59:39'),(1173,51,94,2,'quod','Alice \'without pictures or conversations in it, \'and what is the use of repeating all that green.','2020-07-17 23:59:20','2021-03-28 16:59:39'),(1174,23,95,2,'molestiae','Why, it fills the whole pack rose up into the book her sister kissed her, and she went on \'And how.','2020-10-26 09:23:00','2021-03-28 16:59:39'),(1175,50,95,4,'qui','But, now that I\'m perfectly sure I have done that, you know,\' said Alice indignantly. \'Ah! then.','2021-02-04 00:35:49','2021-03-28 16:59:39'),(1176,72,95,5,'quasi','She took down a very hopeful tone though), \'I won\'t indeed!\' said Alice, a good deal frightened by.','2020-04-14 08:38:30','2021-03-28 16:59:39'),(1177,3,97,4,'ut','English!\' said the Hatter: \'I\'m on the Duchess\'s knee, while plates and dishes crashed around.','2021-01-10 20:11:46','2021-03-28 16:59:39'),(1178,66,97,2,'voluptas','Alice, rather alarmed at the picture.) \'Up, lazy thing!\' said the King said to herself, \'I wish.','2020-05-04 21:29:26','2021-03-28 16:59:39'),(1179,85,97,2,'vitae','I shan\'t grow any more--As it is, I suppose?\' said Alice. \'What IS the fun?\' said Alice. \'Who\'s.','2020-07-28 09:35:33','2021-03-28 16:59:39'),(1180,86,97,1,'qui','ONE with such a thing before, and he wasn\'t one?\' Alice asked. \'We called him Tortoise because he.','2020-10-06 11:33:14','2021-03-28 16:59:39'),(1181,40,98,3,'aut','After a time there were three gardeners who were lying round the rosetree; for, you see, so many.','2020-12-30 08:41:32','2021-03-28 16:59:39'),(1182,19,99,5,'nisi','I know!\' exclaimed Alice, who was sitting between them, fast asleep, and the game was in March.\'.','2020-04-09 20:01:44','2021-03-28 16:59:39'),(1183,29,99,3,'rem','King, and the little magic bottle had now had its full effect, and she sat still just as usual..','2021-02-20 06:00:00','2021-03-28 16:59:39'),(1184,68,99,4,'quibusdam','Hatter, \'you wouldn\'t talk about her any more HERE.\' \'But then,\' thought Alice, \'and if it thought.','2020-05-06 20:10:07','2021-03-28 16:59:39'),(1185,2,100,5,'nam','Alice said; \'there\'s a large rabbit-hole under the sea,\' the Gryphon in an offended tone. And the.','2021-01-20 14:41:34','2021-03-28 16:59:39'),(1186,19,100,2,'nulla','I was thinking I should think you\'ll feel it a little ledge of rock, and, as the large birds.','2020-05-17 01:47:31','2021-03-28 16:59:39'),(1187,35,100,2,'officiis','I get\" is the driest thing I ask! It\'s always six o\'clock now.\' A bright idea came into her.','2020-08-23 03:54:20','2021-03-28 16:59:39'),(1188,76,100,1,'iusto','Alice could see, when she found herself lying on the bank--the birds with draggled feathers, the.','2020-07-04 07:40:44','2021-03-28 16:59:39');
/*!40000 ALTER TABLE `posts` ENABLE KEYS */;
UNLOCK TABLES;

--
-- Table structure for table `profiles`
--

DROP TABLE IF EXISTS `profiles`;
/*!40101 SET @saved_cs_client     = @@character_set_client */;
/*!50503 SET character_set_client = utf8mb4 */;
CREATE TABLE `profiles` (
  `user_id` bigint unsigned NOT NULL AUTO_INCREMENT COMMENT 'Ссылка на пользователя',
  `gender` enum('m','f') CHARACTER SET utf8mb4 COLLATE utf8mb4_unicode_ci NOT NULL COMMENT 'Пол',
  `birthday` date DEFAULT NULL COMMENT 'Дата рождения',
  `division` varchar(130) CHARACTER SET utf8mb4 COLLATE utf8mb4_unicode_ci DEFAULT NULL COMMENT 'Подразделение',
  `position` varchar(130) CHARACTER SET utf8mb4 COLLATE utf8mb4_unicode_ci DEFAULT NULL COMMENT 'Должность',
  `created_at` datetime DEFAULT CURRENT_TIMESTAMP COMMENT 'Время создания строки',
  `updated_at` datetime DEFAULT CURRENT_TIMESTAMP ON UPDATE CURRENT_TIMESTAMP COMMENT 'Время обновления строки',
  PRIMARY KEY (`user_id`),
  CONSTRAINT `profiles_user_id_fk` FOREIGN KEY (`user_id`) REFERENCES `users` (`id`) ON DELETE CASCADE
) ENGINE=InnoDB AUTO_INCREMENT=101 DEFAULT CHARSET=utf8mb4 COLLATE=utf8mb4_0900_ai_ci COMMENT='Профили';
/*!40101 SET character_set_client = @saved_cs_client */;

--
-- Dumping data for table `profiles`
--

LOCK TABLES `profiles` WRITE;
/*!40000 ALTER TABLE `profiles` DISABLE KEYS */;
INSERT INTO `profiles` VALUES (1,'f','2011-10-13','vel','illum','2021-02-15 02:20:03','2021-03-08 05:45:54'),(2,'m','1976-02-19','nihil','assumenda','2020-08-14 09:10:58','2021-02-24 19:05:41'),(3,'m','1981-03-09','deserunt','et','2020-05-13 00:06:26','2021-03-15 16:54:01'),(4,'f','1986-12-15','consectetur','fugiat','2020-04-01 06:57:25','2021-03-07 17:31:52'),(5,'f','1977-07-11','accusamus','placeat','2021-02-24 05:33:43','2021-03-13 05:21:53'),(6,'f','1977-07-18','facere','et','2020-05-29 05:08:58','2021-03-21 09:31:46'),(7,'f','2005-08-25','iste','sit','2020-11-12 01:29:35','2021-02-23 10:44:17'),(8,'m','1983-09-28','iure','quam','2021-01-19 05:10:15','2021-03-08 23:43:55'),(9,'f','1985-05-01','quos','adipisci','2020-04-06 16:23:42','2021-02-25 21:15:28'),(10,'m','2003-10-31','qui','recusandae','2021-01-04 19:37:48','2021-02-27 20:35:30'),(11,'f','1981-05-07','dignissimos','voluptatem','2020-12-31 03:18:56','2021-02-23 20:35:43'),(12,'m','1970-03-07','quis','est','2020-10-16 14:41:28','2021-02-27 04:04:37'),(13,'f','1992-12-13','sit','impedit','2020-05-02 01:34:13','2021-03-03 12:48:28'),(14,'m','1974-11-08','et','vel','2020-09-25 10:29:27','2021-02-25 01:25:25'),(15,'m','2005-07-11','ad','aut','2020-11-16 17:54:04','2021-03-15 00:45:33'),(16,'f','1982-08-20','dolor','quia','2021-01-24 22:40:34','2021-03-19 21:54:38'),(17,'f','2021-02-26','quis','expedita','2021-01-07 21:23:30','2021-02-26 04:59:02'),(18,'f','1970-02-25','unde','molestiae','2020-06-17 00:10:37','2021-03-14 18:53:30'),(19,'m','1977-02-06','consequatur','sunt','2020-12-16 23:46:25','2021-03-14 21:10:29'),(20,'f','2002-05-30','mollitia','iusto','2021-02-16 22:56:28','2021-02-28 22:02:50'),(21,'m','2005-10-26','porro','distinctio','2021-03-17 11:39:12','2021-03-12 18:03:00'),(22,'m','1970-09-25','delectus','maxime','2020-12-12 09:45:34','2021-03-11 03:57:46'),(23,'m','2018-10-10','totam','ut','2021-03-04 17:20:57','2021-03-10 01:25:01'),(24,'f','2007-01-24','ut','quidem','2020-12-08 23:25:03','2021-03-16 20:46:33'),(25,'f','1976-05-16','ut','voluptatem','2021-01-17 21:30:24','2021-03-05 08:06:29'),(26,'m','2006-08-13','illo','fugiat','2020-05-06 02:08:34','2021-03-06 12:56:59'),(27,'f','1993-08-26','libero','iste','2020-08-08 02:42:46','2021-03-18 21:40:59'),(28,'m','2001-04-02','similique','sequi','2020-08-10 08:58:02','2021-03-22 14:36:50'),(29,'m','2000-09-12','natus','at','2020-11-29 04:15:25','2021-03-22 10:29:54'),(30,'f','2008-06-11','minima','vel','2020-11-04 13:59:21','2021-03-09 07:03:45'),(31,'m','2019-12-31','facilis','labore','2020-08-26 09:20:49','2021-02-26 05:23:26'),(32,'m','2021-01-28','magni','velit','2020-05-21 18:57:47','2021-03-10 19:28:45'),(33,'m','1986-02-04','aperiam','dicta','2020-12-21 13:10:01','2021-03-04 22:19:39'),(34,'m','1977-09-04','a','incidunt','2021-01-20 17:43:31','2021-02-23 20:44:51'),(35,'m','2005-12-23','molestiae','dolor','2020-04-11 12:45:13','2021-03-11 12:23:11'),(36,'m','2017-04-05','tenetur','illo','2020-09-23 03:56:48','2021-02-28 13:48:59'),(37,'f','1979-05-25','velit','sed','2021-01-27 15:11:42','2021-02-26 23:31:07'),(38,'m','1990-04-25','porro','culpa','2020-11-15 08:45:40','2021-02-28 03:40:21'),(39,'f','2002-03-17','architecto','est','2020-12-13 08:50:38','2021-03-02 01:19:51'),(40,'m','2006-07-22','animi','sed','2020-03-26 06:34:53','2021-03-06 09:21:59'),(41,'m','1972-12-16','ducimus','aspernatur','2020-06-26 22:21:58','2021-03-23 02:20:32'),(42,'f','2020-11-04','maiores','consectetur','2021-03-04 20:25:12','2021-02-23 11:32:57'),(43,'m','1996-04-24','asperiores','nihil','2020-08-16 17:26:57','2021-03-23 05:00:53'),(44,'m','1996-09-17','neque','magnam','2021-01-21 00:12:07','2021-03-10 11:14:58'),(45,'m','2006-04-02','corrupti','beatae','2021-03-14 09:48:55','2021-03-21 11:21:50'),(46,'f','2007-09-03','qui','impedit','2020-08-25 11:53:39','2021-03-11 22:37:44'),(47,'f','2003-06-25','et','veniam','2020-11-02 04:35:01','2021-03-05 13:56:03'),(48,'f','1979-07-24','rerum','molestias','2021-01-26 17:46:38','2021-03-22 12:47:31'),(49,'m','1983-07-15','qui','quaerat','2021-01-11 09:29:45','2021-03-16 18:35:49'),(50,'f','1991-06-15','vitae','iste','2020-09-23 02:33:07','2021-03-14 22:44:57'),(51,'m','2007-06-27','alias','nostrum','2021-01-14 17:53:23','2021-02-23 14:42:45'),(52,'m','2013-09-03','beatae','sit','2020-11-25 08:50:59','2021-03-17 23:49:06'),(53,'m','1986-02-05','dolor','commodi','2020-08-20 19:20:54','2021-03-06 07:55:39'),(54,'m','1974-10-22','est','totam','2021-02-09 11:42:41','2021-02-27 08:01:12'),(55,'f','2004-01-28','possimus','velit','2020-06-10 13:51:21','2021-02-25 00:47:23'),(56,'m','2008-12-16','molestiae','est','2020-04-04 20:52:06','2021-02-25 17:45:16'),(57,'m','1976-07-26','quidem','alias','2020-07-09 03:44:23','2021-03-15 07:22:16'),(58,'f','1987-11-17','ipsam','neque','2021-01-26 15:40:47','2021-03-16 16:34:55'),(59,'m','1992-08-31','qui','officiis','2020-07-11 10:53:59','2021-02-28 14:43:26'),(60,'f','2007-09-12','fugiat','deleniti','2020-12-21 04:20:24','2021-03-15 05:45:01'),(61,'m','1971-07-02','atque','et','2020-04-19 07:43:12','2021-03-02 10:57:41'),(62,'m','1984-04-29','delectus','laborum','2021-01-16 21:11:51','2021-03-15 11:01:17'),(63,'f','1974-03-18','sed','consequatur','2020-03-29 00:36:31','2021-03-16 08:53:59'),(64,'m','1973-08-18','voluptas','ut','2020-06-26 19:56:40','2021-03-16 16:37:40'),(65,'f','1983-03-03','facilis','ea','2020-04-20 12:13:02','2021-02-26 01:19:23'),(66,'f','2002-02-02','autem','quo','2020-10-29 07:45:38','2021-03-20 03:46:46'),(67,'f','2021-03-15','harum','maxime','2020-06-06 21:10:31','2021-03-03 02:44:11'),(68,'m','1977-05-08','a','vitae','2020-12-17 12:56:49','2021-03-17 01:29:29'),(69,'f','1986-03-24','et','est','2020-08-10 11:10:19','2021-02-26 17:09:53'),(70,'m','2010-03-16','exercitationem','cupiditate','2020-09-25 15:55:24','2021-03-06 13:46:27'),(71,'m','1977-05-23','vel','maxime','2020-08-06 05:20:15','2021-02-27 11:44:22'),(72,'m','1993-11-22','quia','ipsam','2020-04-20 22:58:28','2021-03-23 02:46:33'),(73,'f','2002-07-06','perferendis','possimus','2020-05-09 03:11:34','2021-03-17 01:32:39'),(74,'f','2018-09-13','id','vel','2020-08-24 16:09:09','2021-03-07 00:39:16'),(75,'f','2020-07-27','beatae','voluptas','2020-04-22 08:11:58','2021-03-04 10:01:06'),(76,'f','2013-04-07','consequuntur','rerum','2020-11-05 20:51:22','2021-03-23 02:19:22'),(77,'f','1992-04-12','omnis','exercitationem','2020-07-03 05:26:24','2021-03-19 04:52:31'),(78,'m','1985-02-20','corporis','aut','2021-02-27 11:46:17','2021-03-06 21:52:54'),(79,'m','1994-12-24','et','voluptas','2020-09-27 21:04:36','2021-02-23 23:04:08'),(80,'f','1985-01-31','est','ratione','2020-05-30 22:50:22','2021-03-13 23:44:54'),(81,'m','1972-02-27','sit','rem','2020-07-14 08:48:03','2021-03-08 10:30:02'),(82,'f','1974-06-04','sed','tenetur','2020-05-08 12:56:47','2021-03-03 02:07:32'),(83,'m','1982-07-19','dicta','non','2020-06-13 02:09:04','2021-02-24 14:53:55'),(84,'f','2019-08-24','reiciendis','officia','2020-08-15 13:30:52','2021-03-09 17:30:08'),(85,'m','2016-10-30','quo','magni','2020-09-17 23:18:56','2021-03-17 23:52:52'),(86,'f','2003-12-02','ut','dicta','2021-01-14 17:37:28','2021-03-22 08:12:01'),(87,'f','1973-06-02','iure','aperiam','2020-12-17 23:03:01','2021-03-11 11:32:23'),(88,'m','1996-08-01','eligendi','sit','2020-12-16 10:59:11','2021-03-20 05:00:27'),(89,'m','2009-06-02','nisi','aut','2020-03-29 13:17:41','2021-03-02 13:41:25'),(90,'m','2000-12-27','aut','repellat','2021-01-16 14:56:13','2021-03-09 00:26:16'),(91,'f','2006-07-11','nisi','facilis','2020-08-21 17:40:49','2021-03-06 02:27:53'),(92,'f','2006-11-09','ut','aut','2020-09-26 11:57:27','2021-03-12 19:28:23'),(93,'m','1995-03-26','vitae','et','2020-11-17 19:45:30','2021-03-03 17:28:18'),(94,'m','1985-07-14','praesentium','id','2021-01-17 03:14:23','2021-03-12 16:03:10'),(95,'f','2012-08-30','veritatis','sit','2021-03-14 16:36:39','2021-03-17 09:31:56'),(96,'m','1991-03-11','vero','repellendus','2021-01-28 03:00:46','2021-03-12 12:18:55'),(97,'m','2002-06-18','quia','expedita','2020-10-09 02:47:35','2021-03-13 10:15:03'),(98,'m','1994-07-24','aspernatur','ut','2020-05-11 08:01:40','2021-03-11 23:14:00'),(99,'f','2012-04-15','autem','qui','2020-11-07 22:43:28','2021-03-17 07:34:13'),(100,'f','1981-01-23','earum','est','2020-04-14 22:41:24','2021-03-10 22:39:08');
/*!40000 ALTER TABLE `profiles` ENABLE KEYS */;
UNLOCK TABLES;

--
-- Table structure for table `todo_lists`
--

DROP TABLE IF EXISTS `todo_lists`;
/*!40101 SET @saved_cs_client     = @@character_set_client */;
/*!50503 SET character_set_client = utf8mb4 */;
CREATE TABLE `todo_lists` (
  `id` bigint unsigned NOT NULL AUTO_INCREMENT COMMENT 'Идентификатор строки',
  `unit_id` bigint unsigned NOT NULL COMMENT 'Идентификатор юнита',
  `creator_id` bigint unsigned NOT NULL COMMENT 'создатель списка',
  `name` varchar(255) CHARACTER SET utf8mb4 COLLATE utf8mb4_unicode_ci DEFAULT NULL COMMENT 'Название списка',
  `details` text CHARACTER SET utf8mb4 COLLATE utf8mb4_unicode_ci COMMENT 'Детали списка задач',
  `created_at` datetime DEFAULT CURRENT_TIMESTAMP COMMENT 'Время создания строки',
  `updated_at` datetime DEFAULT CURRENT_TIMESTAMP ON UPDATE CURRENT_TIMESTAMP COMMENT 'Время обновления строки',
  PRIMARY KEY (`id`),
  KEY `todo_lists_unit_id_fk` (`unit_id`),
  KEY `todo_lists_creator_id_fk` (`creator_id`),
  KEY `name_idx` (`name`),
  CONSTRAINT `todo_lists_creator_id_fk` FOREIGN KEY (`creator_id`) REFERENCES `users` (`id`) ON DELETE CASCADE,
  CONSTRAINT `todo_lists_unit_id_fk` FOREIGN KEY (`unit_id`) REFERENCES `units` (`id`) ON DELETE CASCADE
) ENGINE=InnoDB AUTO_INCREMENT=201 DEFAULT CHARSET=utf8mb4 COLLATE=utf8mb4_0900_ai_ci COMMENT='Список задач';
/*!40101 SET character_set_client = @saved_cs_client */;

--
-- Dumping data for table `todo_lists`
--

LOCK TABLES `todo_lists` WRITE;
/*!40000 ALTER TABLE `todo_lists` DISABLE KEYS */;
INSERT INTO `todo_lists` VALUES (1,1,1,'qui','Mary Ann, what ARE you doing out here? Run home this moment, I tell you!\' But she did not dare to.','2021-03-11 03:13:11','2021-02-26 18:31:40'),(2,2,2,'natus','Hatter: \'it\'s very rude.\' The Hatter was out of sight, he said to herself, \'to be going messages.','2021-02-25 04:08:27','2021-02-25 04:49:03'),(3,3,3,'doloribus','Mock Turtle\'s heavy sobs. Lastly, she pictured to herself that perhaps it was over at last, they.','2021-03-08 01:00:51','2021-03-01 13:34:37'),(4,4,4,'sequi','Down, down, down. Would the fall was over. However, when they arrived, with a melancholy tone..','2021-03-06 00:41:32','2021-03-10 05:55:01'),(5,5,5,'enim','Alice very meekly: \'I\'m growing.\' \'You\'ve no right to grow up again! Let me see--how IS it to her.','2021-03-03 21:30:53','2021-03-09 01:37:20'),(6,6,6,'dicta','White Rabbit. She was close behind her, listening: so she went on. Her listeners were perfectly.','2021-02-28 08:23:15','2021-02-28 22:29:52'),(7,7,7,'magni','I don\'t keep the same size: to be almost out of court! Suppress him! Pinch him! Off with his.','2021-03-16 18:09:50','2021-02-25 12:43:02'),(8,8,8,'suscipit','Edwin and Morcar, the earls of Mercia and Northumbria, declared for him: and even Stigand, the.','2021-03-22 11:43:07','2021-03-06 10:05:42'),(9,9,9,'sunt','Alice sadly. \'Hand it over afterwards, it occurred to her very much of it now in sight, and no.','2021-03-08 16:55:09','2021-03-19 01:06:25'),(10,10,10,'sit','It was high time to begin again, it was all finished, the Owl, as a cushion, resting their elbows.','2021-03-18 15:35:29','2021-03-19 09:18:33'),(11,11,11,'neque','PLEASE mind what you\'re doing!\' cried Alice, quite forgetting in the sun. (IF you don\'t explain it.','2021-03-07 17:40:16','2021-03-10 05:33:23'),(12,12,12,'accusamus','Duchess, \'and that\'s a fact.\' Alice did not dare to laugh; and, as the doubled-up soldiers were.','2021-03-02 19:40:01','2021-03-21 12:16:19'),(13,13,13,'quo','Alice, and tried to look for her, and the others took the cauldron of soup off the subjects on his.','2021-03-15 20:22:28','2021-03-02 16:01:33'),(14,14,14,'aut','And he got up in her hands, and began:-- \'You are old,\' said the Cat, and vanished. Alice was.','2021-02-23 21:14:31','2021-03-10 16:07:14'),(15,15,15,'accusamus','Alice laughed so much contradicted in her pocket) till she had not gone far before they saw Alice.','2021-03-09 09:22:44','2021-03-02 21:49:26'),(16,16,16,'cum','Hatter grumbled: \'you shouldn\'t have put it more clearly,\' Alice replied eagerly, for she thought,.','2021-03-21 23:07:21','2021-03-19 21:03:36'),(17,17,17,'in','The March Hare had just begun to dream that she still held the pieces of mushroom in her head, she.','2021-03-05 05:52:13','2021-03-10 09:57:35'),(18,18,18,'ab','Gryphon. \'Turn a somersault in the air: it puzzled her very much what would happen next..','2021-03-15 12:08:07','2021-02-26 18:12:12'),(19,19,19,'distinctio','Queen, and in another moment down went Alice after it, and kept doubling itself up and ran off,.','2021-03-21 14:34:39','2021-03-12 09:32:24'),(20,20,20,'sed','Dinah my dear! Let this be a grin, and she swam about, trying to put down her flamingo, and began.','2021-03-16 03:53:01','2021-03-19 03:57:14'),(21,21,21,'dicta','I suppose you\'ll be asleep again before it\'s done.\' \'Once upon a Gryphon, lying fast asleep in the.','2021-02-24 11:26:00','2021-03-14 08:53:52'),(22,22,22,'vel','Now, if you drink much from a Caterpillar The Caterpillar and Alice guessed who it was, even.','2021-03-14 00:22:53','2021-02-26 16:05:12'),(23,23,23,'aut','Alice after it, \'Mouse dear! Do come back in a whisper.) \'That would be of any use, now,\' thought.','2021-03-05 00:35:56','2021-03-10 10:37:49'),(24,24,24,'voluptas','Gryphon, lying fast asleep in the sea. But they HAVE their tails in their mouths; and the Mock.','2021-03-02 21:27:29','2021-03-07 09:40:04'),(25,25,25,'saepe','Queen, \'and take this young lady to see it quite plainly through the neighbouring pool--she could.','2021-03-06 18:41:15','2021-03-09 18:42:27'),(26,26,26,'explicabo','Alice: he had a vague sort of way, \'Do cats eat bats? Do cats eat bats?\' and sometimes, \'Do bats.','2021-02-23 11:27:32','2021-03-08 02:43:22'),(27,27,27,'est','Alice noticed, had powdered hair that curled all over with diamonds, and walked off; the Dormouse.','2021-03-03 16:53:32','2021-02-28 00:30:40'),(28,28,28,'sunt','Mock Turtle had just begun to dream that she was exactly one a-piece all round. \'But she must have.','2021-03-07 23:59:03','2021-02-25 02:49:28'),(29,29,29,'aperiam','For some minutes the whole place around her became alive with the lobsters and the little glass.','2021-03-16 01:23:18','2021-03-11 22:31:03'),(30,30,30,'quia','Queen said to the garden at once; but, alas for poor Alice! when she heard the Rabbit noticed.','2021-02-28 16:00:22','2021-02-24 07:43:18'),(31,31,31,'facilis','Rabbit was no time she\'d have everybody executed, all round. \'But she must have prizes.\' \'But who.','2021-03-06 18:41:06','2021-02-28 14:24:06'),(32,32,32,'qui','Alice; \'but a grin without a great many teeth, so she went on at last, and managed to put the.','2021-03-07 01:50:31','2021-03-17 09:50:52'),(33,33,33,'minus','WASHING--extra.\"\' \'You couldn\'t have done that, you know,\' said the Mock Turtle went on saying to.','2021-02-26 07:49:09','2021-03-17 13:22:30'),(34,34,34,'saepe','The Frog-Footman repeated, in the long hall, and close to them, they were lying round the.','2021-03-15 04:28:14','2021-03-05 17:23:09'),(35,35,35,'voluptate','King. \'Then it ought to be a queer thing, to be Involved in this way! Stop this moment, and fetch.','2021-03-02 15:39:30','2021-03-17 23:32:45'),(36,36,36,'voluptas','Alice noticed with some curiosity. \'What a number of changes she had gone through that day. \'No,.','2021-03-08 15:50:45','2021-03-15 14:16:48'),(37,37,37,'ducimus','Hatter. \'It isn\'t mine,\' said the Hatter. This piece of evidence we\'ve heard yet,\' said the Dodo..','2021-03-16 17:10:10','2021-03-23 01:10:08'),(38,38,38,'laboriosam','However, this bottle was NOT marked \'poison,\' so Alice ventured to say. \'What is his sorrow?\' she.','2021-03-10 20:35:06','2021-03-20 14:28:43'),(39,39,39,'labore','Sir, With no jury or judge, would be like, \'--for they haven\'t got much evidence YET,\' she said to.','2021-02-23 17:00:29','2021-03-10 03:51:05'),(40,40,40,'et','Alice replied in an offended tone, \'Hm! No accounting for tastes! Sing her \"Turtle Soup,\" will.','2021-03-01 18:33:10','2021-02-28 15:45:39'),(41,41,41,'iste','Then followed the Knave \'Turn them over!\' The Knave did so, very carefully, nibbling first at one.','2021-03-22 16:55:01','2021-02-26 12:34:30'),(42,42,42,'aut','Cat remarked. \'Don\'t be impertinent,\' said the Duchess, it had struck her foot! She was looking up.','2021-03-18 04:43:53','2021-03-17 22:52:04'),(43,43,43,'voluptas','And she tried the effect of lying down on her hand, watching the setting sun, and thinking of.','2021-03-10 01:03:03','2021-03-21 03:34:25'),(44,44,44,'excepturi','Mouse to Alice again. \'No, I didn\'t,\' said Alice: \'allow me to sell you a present of everything.','2021-02-23 20:22:05','2021-03-17 07:42:24'),(45,45,45,'et','Our family always HATED cats: nasty, low, vulgar things! Don\'t let me help to undo it!\' \'I shall.','2021-02-27 23:35:15','2021-03-07 05:41:52'),(46,46,46,'veniam','Panther received knife and fork with a deep sigh, \'I was a long way. So she swallowed one of the.','2021-03-07 07:37:30','2021-03-02 02:19:26'),(47,47,47,'commodi','I dare say there may be different,\' said Alice; \'that\'s not at all fairly,\' Alice began, in a very.','2021-03-15 23:43:44','2021-03-07 22:49:18'),(48,48,48,'quisquam','If they had a bone in his note-book, cackled out \'Silence!\' and read out from his book, \'Rule.','2021-03-14 15:13:43','2021-02-28 14:41:35'),(49,49,49,'nihil','Alice dodged behind a great deal too far off to the door, she ran off at once: one old Magpie.','2021-03-20 04:59:27','2021-02-27 15:49:53'),(50,50,50,'debitis','Alice could speak again. The rabbit-hole went straight on like a star-fish,\' thought Alice. \'I\'ve.','2021-03-08 06:18:07','2021-03-03 06:36:24'),(51,51,51,'quae','I beg your pardon,\' said Alice doubtfully: \'it means--to--make--anything--prettier.\' \'Well, then,\'.','2021-03-13 08:48:35','2021-03-21 18:10:42'),(52,52,52,'sed','Alice quite hungry to look at them--\'I wish they\'d get the trial one way of keeping up the.','2021-03-04 07:25:24','2021-03-12 02:37:53'),(53,53,53,'vitae','Mock Turtle went on growing, and, as she ran; but the Hatter was the first day,\' said the.','2021-03-13 04:21:35','2021-03-23 04:35:47'),(54,54,54,'illo','Though they were getting so used to know. Let me see: I\'ll give them a new idea to Alice, that she.','2021-03-23 00:07:00','2021-03-05 23:26:16'),(55,55,55,'et','Alice. \'Why, you don\'t like the name: however, it only grinned when it had finished this short.','2021-03-13 00:50:25','2021-03-23 04:43:23'),(56,56,56,'voluptas','Alice. \'But you\'re so easily offended!\' \'You\'ll get used to it!\' pleaded poor Alice. \'But you\'re.','2021-03-05 21:45:19','2021-02-28 10:46:31'),(57,57,57,'est','Mock Turtle in a deep voice, \'are done with a round face, and was going to do with this creature.','2021-02-24 04:10:46','2021-03-16 09:50:37'),(58,58,58,'rerum','As soon as she spoke. \'I must be really offended. \'We won\'t talk about trouble!\' said the Queen,.','2021-03-20 20:09:04','2021-03-04 16:50:39'),(59,59,59,'delectus','Ann! Mary Ann!\' said the King. On this the whole pack rose up into a small passage, not much.','2021-03-23 05:42:51','2021-03-16 09:48:13'),(60,60,60,'quia','Alice, in a dreamy sort of way to hear it say, as it lasted.) \'Then the eleventh day must have.','2021-03-06 23:19:25','2021-03-14 10:46:46'),(61,61,61,'sunt','THEN--she found herself lying on the English coast you find a number of executions the Queen added.','2021-02-23 13:09:28','2021-02-23 11:56:14'),(62,62,62,'officiis','While she was surprised to find that she had caught the baby joined):-- \'Wow! wow! wow!\' \'Here!.','2021-02-28 16:54:37','2021-03-21 05:55:19'),(63,63,63,'fugit','Alice ventured to ask. \'Suppose we change the subject of conversation. While she was out of sight:.','2021-03-19 06:35:39','2021-02-28 15:40:43'),(64,64,64,'qui','Then the Queen shrieked out. \'Behead that Dormouse! Turn that Dormouse out of sight, he said to.','2021-03-17 02:13:34','2021-03-19 07:21:27'),(65,65,65,'iusto','And when I was going to give the prizes?\' quite a chorus of \'There goes Bill!\' then the Mock.','2021-03-11 04:07:19','2021-03-14 13:51:46'),(66,66,66,'qui','I can do without lobsters, you know. Come on!\' So they had at the March Hare and his friends.','2021-03-05 23:56:44','2021-02-27 01:05:39'),(67,67,67,'mollitia','King said to herself, being rather proud of it: for she was small enough to get to,\' said the.','2021-03-04 00:48:24','2021-03-03 17:32:30'),(68,68,68,'et','White Rabbit, who said in a Little Bill It was the matter worse. You MUST have meant some.','2021-03-03 12:56:50','2021-03-05 21:01:08'),(69,69,69,'omnis','Gryphon. \'Of course,\' the Gryphon added \'Come, let\'s try the patience of an oyster!\' \'I wish the.','2021-03-01 01:30:42','2021-03-02 20:29:34'),(70,70,70,'officia','Cheshire Cat: now I shall remember it in less than a rat-hole: she knelt down and saying \"Come up.','2021-03-12 11:15:59','2021-02-23 08:43:28'),(71,71,71,'mollitia','Dormouse indignantly. However, he consented to go down the chimney close above her: then, saying.','2021-03-23 00:24:26','2021-03-06 17:17:17'),(72,72,72,'modi','Some of the month is it?\' Alice panted as she heard something like it,\' said Alice, always ready.','2021-03-15 01:50:09','2021-02-25 08:41:14'),(73,73,73,'dolorem','This was such a neck as that! No, no! You\'re a serpent; and there\'s no use their putting their.','2021-03-12 19:54:28','2021-03-01 03:24:24'),(74,74,74,'excepturi','Gryphon said, in a tone of great curiosity. \'Soles and eels, of course,\' he said in a hurry: a.','2021-03-17 23:47:30','2021-02-23 12:50:44'),(75,75,75,'impedit','So she stood watching them, and it\'ll sit up and bawled out, \"He\'s murdering the time! Off with.','2021-03-06 15:07:58','2021-03-19 14:53:36'),(76,76,76,'sint','Alice thought over all she could not even room for her. \'I can tell you my history, and you\'ll.','2021-03-10 19:58:52','2021-02-26 09:17:42'),(77,77,77,'magni','Ugh, Serpent!\' \'But I\'m NOT a serpent, I tell you!\' But she went slowly after it: \'I never went to.','2021-03-06 23:55:29','2021-02-26 07:00:28'),(78,78,78,'vero','I almost wish I hadn\'t cried so much!\' said Alice, quite forgetting that she tipped over the list,.','2021-03-03 12:32:16','2021-02-26 21:19:34'),(79,79,79,'ut','I used to call him Tortoise, if he wasn\'t going to leave the court; but on the stairs. Alice knew.','2021-02-24 02:24:14','2021-03-07 15:38:10'),(80,80,80,'corporis','Alice said with a teacup in one hand and a piece of it in large letters. It was so much about a.','2021-03-05 19:07:47','2021-03-10 07:52:04'),(81,81,81,'expedita','YOU are, first.\' \'Why?\' said the Caterpillar. \'Well, I hardly know--No more, thank ye; I\'m better.','2021-03-14 18:21:44','2021-03-10 11:32:17'),(82,82,82,'repellat','You see the Mock Turtle. \'And how do you know that Cheshire cats always grinned; in fact, a sort.','2021-03-18 02:59:57','2021-03-03 16:38:12'),(83,83,83,'voluptas','WOULD put their heads downward! The Antipathies, I think--\' (she was obliged to say \'Drink me,\'.','2021-03-11 04:41:13','2021-03-23 06:51:01'),(84,84,84,'corporis','Alice was more and more puzzled, but she saw them, they set to work throwing everything within her.','2021-03-05 02:10:00','2021-02-23 10:52:57'),(85,85,85,'tenetur','Cat, \'or you wouldn\'t squeeze so.\' said the Mouse was bristling all over, and both the hedgehogs.','2021-03-12 20:12:26','2021-03-01 18:38:00'),(86,86,86,'nisi','D,\' she added aloud. \'Do you play croquet with the bread-and-butter getting so used to it in less.','2021-03-03 02:51:17','2021-03-18 19:09:10'),(87,87,87,'dolore','While she was talking. \'How CAN I have to whisper a hint to Time, and round the table, but it was.','2021-03-13 01:48:02','2021-03-13 03:06:00'),(88,88,88,'est','Queen. \'It proves nothing of the edge of the ground.\' So she swallowed one of them say, \'Look out.','2021-03-16 04:37:31','2021-02-27 07:58:43'),(89,89,89,'alias','King. \'Nothing whatever,\' said Alice. \'Call it what you would have called him a fish)--and rapped.','2021-03-17 00:00:32','2021-03-13 07:56:44'),(90,90,90,'nihil','It was, no doubt: only Alice did not get dry very soon. \'Ahem!\' said the Duchess. \'I make you grow.','2021-03-09 22:14:44','2021-03-13 05:23:21'),(91,91,91,'tempora','Beautiful, beautiful Soup!\' CHAPTER XI. Who Stole the Tarts? The King laid his hand upon her knee,.','2021-03-07 00:58:02','2021-02-26 19:14:18'),(92,92,92,'non','Dormouse sulkily remarked, \'If you didn\'t like cats.\' \'Not like cats!\' cried the Gryphon, and the.','2021-02-25 03:50:47','2021-03-15 18:52:37'),(93,93,93,'et','Alice ventured to say. \'What is it?\' \'Why,\' said the Mouse, frowning, but very glad to find any..','2021-02-26 15:55:17','2021-02-27 11:38:19'),(94,94,94,'modi','I\'m certain! I must have imitated somebody else\'s hand,\' said the Caterpillar; and it was good.','2021-03-11 09:01:39','2021-03-19 11:28:57'),(95,95,95,'cum','Majesty,\' said the Cat. \'Do you play croquet?\' The soldiers were always getting up and rubbed its.','2021-03-05 05:14:41','2021-03-15 13:13:11'),(96,96,96,'nemo','Alice was soon submitted to by the time when she got to do,\' said Alice in a frightened tone. \'The.','2021-02-23 17:11:36','2021-03-08 00:31:01'),(97,97,97,'velit','Alice\'s elbow was pressed hard against it, that attempt proved a failure. Alice heard the Rabbit.','2021-03-05 14:52:01','2021-03-12 04:12:38'),(98,98,98,'ea','White Rabbit returning, splendidly dressed, with a soldier on each side, and opened their eyes and.','2021-03-17 10:34:48','2021-03-16 03:50:49'),(99,99,99,'distinctio','M?\' said Alice. \'Exactly so,\' said Alice. \'That\'s very curious.\' \'It\'s all his fancy, that: he.','2021-02-23 18:42:17','2021-03-18 10:52:10'),(100,100,100,'sint','King eagerly, and he checked himself suddenly: the others all joined in chorus, \'Yes, please do!\'.','2021-03-18 14:11:25','2021-03-18 05:11:41'),(101,1,1,'omnis','Silence all round, if you were all in bed!\' On various pretexts they all quarrel so dreadfully one.','2021-02-27 11:36:55','2021-03-07 03:02:41'),(102,2,2,'distinctio','I shall have some fun now!\' thought Alice. \'I\'m glad they\'ve begun asking riddles.--I believe I.','2021-03-03 03:21:22','2021-02-24 17:32:36'),(103,3,3,'et','King, and he poured a little bit of stick, and held out its arms and frowning at the March Hare..','2021-03-06 12:03:49','2021-03-07 18:55:56'),(104,4,4,'molestiae','Alice: \'besides, that\'s not a bit afraid of it. She felt very glad she had drunk half the bottle,.','2021-02-24 12:35:08','2021-03-01 01:26:38'),(105,5,5,'quasi','King exclaimed, turning to Alice, very earnestly. \'I\'ve had nothing yet,\' Alice replied eagerly,.','2021-03-17 21:13:54','2021-03-03 18:56:23'),(106,6,6,'deleniti','Hatter, \'you wouldn\'t talk about her and to stand on your shoes and stockings for you now, dears?.','2021-02-24 18:45:31','2021-02-28 09:26:58'),(107,7,7,'consequatur','Alice. \'I\'M not a regular rule: you invented it just now.\' \'It\'s the stupidest tea-party I ever.','2021-03-02 19:17:01','2021-03-21 01:57:48'),(108,8,8,'distinctio','White Rabbit read:-- \'They told me you had been would have appeared to them she heard a little.','2021-03-08 00:24:23','2021-03-11 06:21:33'),(109,9,9,'adipisci','I can kick a little!\' She drew her foot as far down the little crocodile Improve his shining tail,.','2021-03-16 00:20:34','2021-03-18 07:08:31'),(110,10,10,'quia','Forty-two. ALL PERSONS MORE THAN A MILE HIGH TO LEAVE THE COURT.\' Everybody looked at the other.','2021-02-26 20:30:01','2021-03-13 21:46:42'),(111,11,11,'sunt','So they couldn\'t get them out of its voice. \'Back to land again, and said, \'It WAS a narrow.','2021-03-12 21:21:23','2021-03-11 10:48:48'),(112,12,12,'exercitationem','I should like to have changed since her swim in the distance, and she went on growing, and.','2021-03-11 09:01:43','2021-03-03 12:39:08'),(113,13,13,'assumenda','Dormouse: \'not in that ridiculous fashion.\' And he got up this morning, but I THINK I can creep.','2021-03-11 11:40:52','2021-02-26 01:54:55'),(114,14,14,'pariatur','Involved in this affair, He trusts to you never tasted an egg!\' \'I HAVE tasted eggs, certainly,\'.','2021-02-27 19:47:12','2021-03-02 07:31:55'),(115,15,15,'dignissimos','Alice looked down at her hands, and began:-- \'You are old,\' said the Cat, and vanished again..','2021-02-24 12:07:38','2021-02-26 20:36:12'),(116,16,16,'ut','Queen. \'I haven\'t the slightest idea,\' said the March Hare was said to herself. \'Of the mushroom,\'.','2021-03-18 11:26:36','2021-02-25 06:40:46'),(117,17,17,'placeat','ALL PERSONS MORE THAN A MILE HIGH TO LEAVE THE COURT.\' Everybody looked at Alice, as she went on,.','2021-03-15 18:01:01','2021-03-04 19:56:19'),(118,18,18,'eaque','I eat\" is the same tone, exactly as if she were saying lessons, and began to cry again. \'You ought.','2021-03-10 22:11:59','2021-03-06 11:30:26'),(119,19,19,'veritatis','If she should meet the real Mary Ann, what ARE you doing out here? Run home this moment, and fetch.','2021-03-09 07:44:02','2021-03-20 04:53:01'),(120,20,20,'aut','Hatter. \'You might just as she had sat down and saying \"Come up again, dear!\" I shall ever see.','2021-02-27 18:52:03','2021-03-04 12:22:27'),(121,21,21,'quae','It was as much use in waiting by the Queen of Hearts, she made out the answer to it?\' said the.','2021-02-28 13:39:35','2021-03-10 22:18:03'),(122,22,22,'fugiat','March Hare. \'Exactly so,\' said the Caterpillar. Alice thought the whole window!\' \'Sure, it does,.','2021-03-17 06:44:17','2021-03-10 05:01:10'),(123,23,23,'dolor','I should think it would be so kind,\' Alice replied, so eagerly that the Queen in a mournful tone,.','2021-03-07 21:05:59','2021-03-07 15:45:09'),(124,24,24,'et','Alice panted as she fell past it. \'Well!\' thought Alice \'without pictures or conversations in it,.','2021-02-23 14:21:41','2021-03-03 04:01:26'),(125,25,25,'temporibus','So Alice got up this morning, but I don\'t remember where.\' \'Well, it must be collected at once set.','2021-03-09 04:47:54','2021-03-20 03:48:44'),(126,26,26,'consequuntur','Down, down, down. Would the fall was over. Alice was a little ledge of rock, and, as she added,.','2021-03-09 15:48:45','2021-03-16 07:45:55'),(127,27,27,'et','Duchess sneezed occasionally; and as it could go, and making quite a conversation of it at all;.','2021-03-18 07:07:51','2021-03-03 12:52:30'),(128,28,28,'et','I ought to go down the bottle, saying to her head, she tried the effect of lying down with wonder.','2021-03-02 20:04:53','2021-03-15 03:50:56'),(129,29,29,'illum','March Hare moved into the jury-box, or they would go, and making quite a chorus of \'There goes.','2021-03-10 00:52:27','2021-03-02 14:02:22'),(130,30,30,'unde','And oh, I wish I hadn\'t mentioned Dinah!\' she said to Alice; and Alice was only a pack of cards:.','2021-03-15 13:51:54','2021-03-18 18:29:26'),(131,31,31,'unde','He says it kills all the first day,\' said the Mouse. \'Of course,\' the Mock Turtle. \'Hold your.','2021-02-24 01:22:14','2021-03-19 07:40:52'),(132,32,32,'harum','CAN I have done just as if she had read about them in books, and she tried her best to climb up.','2021-03-04 06:40:55','2021-03-19 02:23:06'),(133,33,33,'iusto','I must go by the soldiers, who of course was, how to set them free, Exactly as we needn\'t try to.','2021-03-20 12:54:35','2021-03-16 14:02:16'),(134,34,34,'nam','Be off, or I\'ll kick you down stairs!\' \'That is not said right,\' said the Knave, \'I didn\'t mean.','2021-03-06 14:47:33','2021-03-07 18:28:02'),(135,35,35,'voluptatem','THIS size: why, I should be like then?\' And she began thinking over other children she knew, who.','2021-03-08 19:03:59','2021-03-17 15:27:58'),(136,36,36,'quidem','Hatter. \'I told you butter wouldn\'t suit the works!\' he added looking angrily at the Queen, who.','2021-03-19 05:45:19','2021-03-18 05:05:05'),(137,37,37,'quis','THE KING AND QUEEN OF HEARTS. Alice was a long tail, certainly,\' said Alice, \'because I\'m not.','2021-03-14 12:26:44','2021-03-06 10:29:25'),(138,38,38,'sunt','Alice, \'how am I to do?\' said Alice. \'Then it wasn\'t trouble enough hatching the eggs,\' said the.','2021-02-28 04:10:26','2021-03-21 00:55:16'),(139,39,39,'fugit','Queen of Hearts, and I had it written up somewhere.\' Down, down, down. Would the fall NEVER come.','2021-03-22 16:43:32','2021-02-27 02:16:19'),(140,40,40,'est','Majesty,\' said the Cat. \'I said pig,\' replied Alice; \'and I wish you were all in bed!\' On various.','2021-03-17 23:21:02','2021-03-04 15:11:43'),(141,41,41,'harum','She had not the right size again; and the King triumphantly, pointing to Alice again. \'No, I give.','2021-03-21 11:59:32','2021-03-02 11:34:41'),(142,42,42,'nobis','Alice as he spoke, \'we were trying--\' \'I see!\' said the Pigeon; \'but I must go by the officers of.','2021-03-09 07:56:12','2021-03-15 11:17:22'),(143,43,43,'sit','Footman. \'That\'s the reason they\'re called lessons,\' the Gryphon remarked: \'because they lessen.','2021-03-14 16:42:27','2021-03-09 06:05:44'),(144,44,44,'corporis','Queen said severely \'Who is it twelve? I--\' \'Oh, don\'t talk about her repeating \'YOU ARE OLD,.','2021-02-27 09:08:59','2021-02-23 11:48:46'),(145,45,45,'maxime','Gryphon. \'Turn a somersault in the sea, though you mayn\'t believe it--\' \'I never could abide.','2021-03-10 23:32:25','2021-03-11 07:38:43'),(146,46,46,'ad','YOU like cats if you like!\' the Duchess to play croquet.\' Then they all stopped and looked at.','2021-02-28 23:01:03','2021-03-16 03:33:48'),(147,47,47,'delectus','It sounded an excellent opportunity for repeating his remark, with variations. \'I shall be late!\'.','2021-03-11 08:47:05','2021-03-13 04:33:45'),(148,48,48,'explicabo','I give you fair warning,\' shouted the Queen. \'Sentence first--verdict afterwards.\' \'Stuff and.','2021-03-22 22:42:42','2021-02-24 00:47:29'),(149,49,49,'ex','Alice began to repeat it, but her head on her face like the three gardeners at it, and talking.','2021-03-13 08:49:30','2021-03-20 03:59:19'),(150,50,50,'facilis','Alice as he said to itself \'Then I\'ll go round and round Alice, every now and then, \'we went to.','2021-03-02 08:05:03','2021-02-28 13:55:29'),(151,51,51,'repellendus','Between yourself and me.\' \'That\'s the most interesting, and perhaps after all it might not escape.','2021-03-17 10:18:14','2021-03-01 11:29:29'),(152,52,52,'voluptatem','Queen never left off staring at the stick, and held it out to sea as you can--\' \'Swim after them!\'.','2021-03-16 16:44:40','2021-03-05 00:20:46'),(153,53,53,'enim','Mock Turtle persisted. \'How COULD he turn them out with his nose Trims his belt and his buttons,.','2021-03-20 08:05:59','2021-03-03 04:20:43'),(154,54,54,'debitis','LOVE). Oh dear, what nonsense I\'m talking!\' Just then she heard a little of it?\' said the Dodo.','2021-03-22 12:43:04','2021-03-21 05:08:43'),(155,55,55,'sunt','So you see, Miss, this here ought to be treated with respect. \'Cheshire Puss,\' she began, in a.','2021-02-26 22:37:42','2021-03-17 22:35:28'),(156,56,56,'ipsam','March Hare. \'He denies it,\' said Five, \'and I\'ll tell him--it was for bringing the cook and the.','2021-03-12 11:39:24','2021-03-05 10:08:19'),(157,57,57,'ut','And he got up in a court of justice before, but she was up to her feet in the distance, screaming.','2021-03-17 01:25:01','2021-03-01 23:14:57'),(158,58,58,'sed','You see the earth takes twenty-four hours to turn into a conversation. Alice replied, rather.','2021-02-26 12:32:01','2021-03-12 06:53:25'),(159,59,59,'quidem','Hatter. \'You MUST remember,\' remarked the King, looking round the table, but there were no arches.','2021-02-26 06:43:55','2021-03-13 14:53:17'),(160,60,60,'molestiae','ONE with such a dreadful time.\' So Alice got up very carefully, with one eye; but to get rather.','2021-03-08 06:10:52','2021-03-08 19:11:41'),(161,61,61,'nisi','Time!\' \'Perhaps not,\' Alice replied very gravely. \'What else had you to learn?\' \'Well, there was.','2021-02-23 18:55:04','2021-03-17 13:49:04'),(162,62,62,'et','Last came a rumbling of little cartwheels, and the bright flower-beds and the choking of the day;.','2021-03-04 19:33:57','2021-03-10 10:43:00'),(163,63,63,'nemo','However, at last came a little while, however, she waited patiently. \'Once,\' said the Duchess;.','2021-03-02 12:27:23','2021-02-27 21:13:51'),(164,64,64,'praesentium','Alice. \'Call it what you mean,\' the March Hare was said to itself in a long, low hall, which was.','2021-02-26 18:30:09','2021-03-17 10:05:17'),(165,65,65,'optio','White Rabbit, trotting slowly back again, and put it into one of the conversation. Alice replied,.','2021-03-22 09:10:46','2021-03-22 22:35:40'),(166,66,66,'soluta','Duchess. \'I make you grow taller, and the Hatter with a smile. There was no time she\'d have.','2021-03-07 21:13:09','2021-02-24 21:53:29'),(167,67,67,'incidunt','Hatter with a cart-horse, and expecting every moment to think about stopping herself before she.','2021-03-08 23:32:57','2021-03-01 05:22:12'),(168,68,68,'ut','Alice remained looking thoughtfully at the end of half those long words, and, what\'s more, I don\'t.','2021-02-23 15:13:25','2021-03-21 03:57:57'),(169,69,69,'corporis','So they got their tails in their mouths; and the March Hare said--\' \'I didn\'t!\' the March Hare..','2021-03-17 17:14:47','2021-03-05 23:32:06'),(170,70,70,'aut','Bill,\' thought Alice,) \'Well, I hardly know--No more, thank ye; I\'m better now--but I\'m a hatter.\'.','2021-02-27 11:17:06','2021-03-19 17:59:09'),(171,71,71,'ea','But her sister on the glass table as before, \'It\'s all his fancy, that: they never executes.','2021-03-13 12:59:25','2021-03-19 05:41:21'),(172,72,72,'dicta','This question the Dodo said, \'EVERYBODY has won, and all must have been a holiday?\' \'Of course it.','2021-03-10 23:27:06','2021-03-16 22:55:41'),(173,73,73,'in','Dodo in an impatient tone: \'explanations take such a thing before, and she did not like to show.','2021-03-22 02:34:02','2021-03-11 05:03:04'),(174,74,74,'sint','Gryphon, and the great concert given by the fire, and at once and put it into his cup of tea, and.','2021-03-02 13:25:09','2021-02-26 00:08:48'),(175,75,75,'dolorem','I mentioned before, And have grown most uncommonly fat; Yet you finished the goose, with the bones.','2021-03-18 02:09:20','2021-02-24 05:49:30'),(176,76,76,'dolorem','Alice was too small, but at last the Mouse, who seemed to Alice as he could go. Alice took up the.','2021-03-03 05:58:44','2021-03-16 21:06:40'),(177,77,77,'ipsam','Dodo replied very gravely. \'What else had you to set them free, Exactly as we needn\'t try to find.','2021-03-01 04:51:25','2021-03-18 16:16:31'),(178,78,78,'ducimus','Rabbit say to itself, half to Alice. \'What IS a long breath, and till the puppy\'s bark sounded.','2021-03-12 14:46:03','2021-02-27 02:09:52'),(179,79,79,'commodi','IS a long argument with the dream of Wonderland of long ago: and how she would manage it. \'They.','2021-03-22 00:58:53','2021-03-12 20:11:12'),(180,80,80,'voluptatem','Alice. \'It must have imitated somebody else\'s hand,\' said the Mock Turtle, \'but if you\'ve seen.','2021-02-27 04:05:42','2021-03-20 04:44:52'),(181,81,81,'cupiditate','I almost wish I hadn\'t begun my tea--not above a week or so--and what with the words \'DRINK ME\'.','2021-02-27 10:51:38','2021-03-07 13:41:05'),(182,82,82,'animi','AND WASHING--extra.\"\' \'You couldn\'t have wanted it much,\' said Alice, rather doubtfully, as she.','2021-02-26 01:13:04','2021-02-28 14:22:04'),(183,83,83,'blanditiis','She got up in a natural way again. \'I wonder how many miles I\'ve fallen by this time, and was.','2021-03-05 19:17:42','2021-03-21 13:22:56'),(184,84,84,'voluptatem','Gryphon. \'It\'s all about for it, he was obliged to write out a history of the jurors had a wink of.','2021-03-19 07:20:51','2021-03-08 21:46:28'),(185,85,85,'amet','She felt that there was a table in the distance, screaming with passion. She had not noticed.','2021-03-18 05:16:26','2021-03-14 05:43:30'),(186,86,86,'omnis','I gave her one, they gave him two, You gave us three or more; They all returned from him to you,.','2021-03-09 10:18:54','2021-03-18 02:27:01'),(187,87,87,'qui','She had just upset the milk-jug into his plate. Alice did not feel encouraged to ask the.','2021-03-03 18:34:44','2021-03-15 07:25:39'),(188,88,88,'et','Alice crouched down among the distant sobs of the words \'DRINK ME\' beautifully printed on it.','2021-03-08 21:41:44','2021-03-21 12:37:30'),(189,89,89,'rem','Alice like the look of the door and found that her flamingo was gone in a melancholy tone: \'it.','2021-03-19 22:10:27','2021-03-18 02:23:24'),(190,90,90,'voluptatem','The pepper when he sneezes: He only does it matter to me whether you\'re nervous or not.\' \'I\'m a.','2021-03-18 07:49:55','2021-03-09 06:37:06'),(191,91,91,'dolorum','Five and Seven said nothing, but looked at Alice, and her eyes immediately met those of a book,\'.','2021-03-01 16:03:19','2021-03-11 21:33:07'),(192,92,92,'blanditiis','Game, or any other dish? Who would not allow without knowing how old it was, and, as she spoke. \'I.','2021-03-21 13:33:23','2021-03-08 15:33:46'),(193,93,93,'ut','I shall think nothing of tumbling down stairs! How brave they\'ll all think me at all.\' \'In that.','2021-03-04 18:57:55','2021-03-06 13:07:03'),(194,94,94,'eligendi','Queen, turning purple. \'I won\'t!\' said Alice. \'Why, SHE,\' said the young man said, \'And your hair.','2021-03-15 15:36:50','2021-03-03 15:00:17'),(195,95,95,'quisquam','I suppose you\'ll be telling me next that you weren\'t to talk about cats or dogs either, if you.','2021-03-13 04:04:50','2021-03-21 01:20:17'),(196,96,96,'provident','I wonder?\' Alice guessed in a great hurry to change the subject. \'Ten hours the first minute or.','2021-03-15 09:53:06','2021-02-23 19:49:22'),(197,97,97,'eum','I should understand that better,\' Alice said very politely, \'if I had it written up somewhere.\'.','2021-03-19 21:17:15','2021-03-17 15:09:51'),(198,98,98,'maiores','Alice\'s elbow was pressed hard against it, that attempt proved a failure. Alice heard it muttering.','2021-03-10 17:28:36','2021-02-25 17:37:26'),(199,99,99,'rerum','Mouse had changed his mind, and was coming to, but it did not wish to offend the Dormouse shall!\'.','2021-03-02 01:06:56','2021-03-06 23:43:42'),(200,100,100,'aliquid','Alice turned and came back again. \'Keep your temper,\' said the Dodo. Then they all crowded.','2021-03-10 04:18:20','2021-03-11 07:50:39');
/*!40000 ALTER TABLE `todo_lists` ENABLE KEYS */;
UNLOCK TABLES;

--
-- Table structure for table `todo_notify`
--

DROP TABLE IF EXISTS `todo_notify`;
/*!40101 SET @saved_cs_client     = @@character_set_client */;
/*!50503 SET character_set_client = utf8mb4 */;
CREATE TABLE `todo_notify` (
  `todo_id` bigint unsigned NOT NULL COMMENT 'Список задач',
  `user_id` bigint unsigned NOT NULL COMMENT 'Пользователь',
  PRIMARY KEY (`todo_id`,`user_id`),
  KEY `todo_notify_user_id_fk` (`user_id`),
  CONSTRAINT `todo_notify_todo_id_fk` FOREIGN KEY (`todo_id`) REFERENCES `todos` (`id`) ON DELETE CASCADE,
  CONSTRAINT `todo_notify_user_id_fk` FOREIGN KEY (`user_id`) REFERENCES `users` (`id`) ON DELETE CASCADE
) ENGINE=InnoDB DEFAULT CHARSET=utf8mb4 COLLATE=utf8mb4_0900_ai_ci COMMENT='Назначение задач пользователям';
/*!40101 SET character_set_client = @saved_cs_client */;

--
-- Dumping data for table `todo_notify`
--

LOCK TABLES `todo_notify` WRITE;
/*!40000 ALTER TABLE `todo_notify` DISABLE KEYS */;
INSERT INTO `todo_notify` VALUES (1,1),(2,2),(3,3),(4,4),(5,5),(6,6),(7,7),(8,8),(9,9),(10,10),(11,11),(12,12),(13,13),(14,14),(15,15),(16,16),(17,17),(18,18),(19,19),(20,20),(21,21),(22,22),(23,23),(24,24),(25,25),(26,26),(27,27),(28,28),(29,29),(30,30),(31,31),(32,32),(33,33),(34,34),(35,35),(36,36),(37,37),(38,38),(39,39),(40,40),(41,41),(42,42),(43,43),(44,44),(45,45),(46,46),(47,47),(48,48),(49,49),(50,50),(51,51),(52,52),(53,53),(54,54),(55,55),(56,56),(57,57),(58,58),(59,59),(60,60),(61,61),(62,62),(63,63),(64,64),(65,65),(66,66),(67,67),(68,68),(69,69),(70,70),(71,71),(72,72),(73,73),(74,74),(75,75),(76,76),(77,77),(78,78),(79,79),(80,80),(81,81),(82,82),(83,83),(84,84),(85,85),(86,86),(87,87),(88,88),(89,89),(90,90),(91,91),(92,92),(93,93),(94,94),(95,95),(96,96),(97,97),(98,98),(99,99),(100,100);
/*!40000 ALTER TABLE `todo_notify` ENABLE KEYS */;
UNLOCK TABLES;

--
-- Table structure for table `todos`
--

DROP TABLE IF EXISTS `todos`;
/*!40101 SET @saved_cs_client     = @@character_set_client */;
/*!50503 SET character_set_client = utf8mb4 */;
CREATE TABLE `todos` (
  `id` bigint unsigned NOT NULL AUTO_INCREMENT COMMENT 'Идентификатор строки',
  `todo_list_id` bigint unsigned NOT NULL COMMENT 'Идентификатор задачи',
  `creator_id` bigint unsigned NOT NULL COMMENT 'создатель задачи (может отличаться от создателя списка)',
  `name` varchar(255) CHARACTER SET utf8mb4 COLLATE utf8mb4_unicode_ci DEFAULT NULL COMMENT 'Название события',
  `details` text CHARACTER SET utf8mb4 COLLATE utf8mb4_unicode_ci COMMENT 'Детали задачи',
  `starts_at` datetime NOT NULL COMMENT 'Дата начала события',
  `ends_at` datetime DEFAULT NULL COMMENT 'Дата окончания события',
  `is_done` tinyint(1) DEFAULT NULL COMMENT 'Состояние',
  `notify_assignment` tinyint(1) DEFAULT NULL COMMENT 'Уведомить о назначении задачи ответственных пользователей',
  `created_at` datetime DEFAULT CURRENT_TIMESTAMP COMMENT 'Время создания строки',
  `updated_at` datetime DEFAULT CURRENT_TIMESTAMP ON UPDATE CURRENT_TIMESTAMP COMMENT 'Время обновления строки',
  PRIMARY KEY (`id`),
  KEY `todos_todo_list_id_fk` (`todo_list_id`),
  KEY `todos_creator_id_fk` (`creator_id`),
  KEY `name_idx` (`name`),
  CONSTRAINT `todos_creator_id_fk` FOREIGN KEY (`creator_id`) REFERENCES `users` (`id`) ON DELETE CASCADE,
  CONSTRAINT `todos_todo_list_id_fk` FOREIGN KEY (`todo_list_id`) REFERENCES `todo_lists` (`id`) ON DELETE CASCADE
) ENGINE=InnoDB AUTO_INCREMENT=501 DEFAULT CHARSET=utf8mb4 COLLATE=utf8mb4_0900_ai_ci COMMENT='События';
/*!40101 SET character_set_client = @saved_cs_client */;

--
-- Dumping data for table `todos`
--

LOCK TABLES `todos` WRITE;
/*!40000 ALTER TABLE `todos` DISABLE KEYS */;
INSERT INTO `todos` VALUES (1,1,1,'laborum','Mock Turtle. \'She can\'t explain MYSELF, I\'m afraid, sir\' said Alice, in a day did you ever eat a.','2021-03-23 00:01:47','2021-03-30 20:49:46',1,0,'2021-03-12 18:23:08','2021-03-14 13:40:10'),(2,2,2,'eaque','Queen,\' and she looked down at once, while all the time she found this a very curious thing, and.','2021-03-10 10:59:11','2021-02-27 08:21:17',1,1,'2021-03-23 06:09:50','2021-03-08 20:21:16'),(3,3,3,'quidem','Duchess,\' she said to herself \'Suppose it should be raving mad--at least not so mad as it spoke.','2021-03-11 07:59:03','2021-03-08 07:32:32',0,1,'2021-03-22 13:27:31','2021-03-22 08:41:16'),(4,4,4,'quia','I to do it! Oh dear! I shall have somebody to talk to.\' \'How are you getting on now, my dear?\' it.','2021-03-16 08:24:33','2021-02-23 18:13:06',0,1,'2021-03-01 04:57:49','2021-03-04 12:57:55'),(5,5,5,'est','Adventures of hers that you have just been reading about; and when she found she could remember.','2021-03-22 12:14:48','2021-03-27 02:58:58',0,0,'2021-03-14 09:08:01','2021-03-19 17:00:36'),(6,6,6,'pariatur','Besides, SHE\'S she, and I\'m sure I can\'t quite follow it as well as I get it home?\' when it saw.','2021-03-19 03:49:57','2021-03-11 09:46:48',1,0,'2021-03-18 22:25:12','2021-03-09 10:15:52'),(7,7,7,'nobis','Gryphon. \'Turn a somersault in the distance. \'Come on!\' and ran off, thinking while she was now.','2021-03-06 14:15:47','2021-03-06 11:09:18',0,0,'2021-03-03 19:06:59','2021-03-15 17:47:18'),(8,8,8,'quo','Alice herself, and began an account of the trees as well as she left her, leaning her head down to.','2021-03-22 11:10:59','2021-03-05 10:55:30',1,0,'2021-03-01 15:20:10','2021-02-26 21:07:52'),(9,9,9,'illum','I didn\'t know that cats COULD grin.\' \'They all can,\' said the Mock Turtle drew a long time.','2021-03-10 15:58:34','2021-03-03 10:13:19',1,0,'2021-03-22 03:49:04','2021-03-16 17:57:05'),(10,10,10,'accusantium','Alice. \'You did,\' said the Mock Turtle, and to hear it say, as it spoke. \'As wet as ever,\' said.','2021-03-05 13:10:05','2021-02-25 12:23:21',0,1,'2021-03-08 00:31:07','2021-03-19 13:27:40'),(11,11,11,'et','Alice. \'It must have a trial: For really this morning I\'ve nothing to do: once or twice, and shook.','2021-03-02 06:46:09','2021-03-07 08:46:27',0,1,'2021-03-05 17:09:30','2021-03-06 16:51:01'),(12,12,12,'voluptas','Bill! I wouldn\'t say anything about it, and talking over its head. \'Very uncomfortable for the.','2021-03-10 21:00:50','2021-03-20 11:24:20',1,0,'2021-03-14 14:19:40','2021-03-13 14:38:06'),(13,13,13,'nihil','Gryphon. \'We can do no more, whatever happens. What WILL become of me?\' Luckily for Alice, the.','2021-03-19 00:54:02','2021-03-06 16:34:53',1,0,'2021-03-01 06:23:33','2021-03-01 09:12:56'),(14,14,14,'rerum','Caterpillar called after it; and while she remembered the number of bathing machines in the.','2021-03-03 16:51:12','2021-03-29 21:10:57',1,1,'2021-03-07 09:51:55','2021-03-10 04:45:29'),(15,15,15,'eveniet','They all sat down again in a melancholy tone. \'Nobody seems to suit them!\' \'I haven\'t opened it.','2021-02-25 17:15:31','2021-03-12 09:38:02',0,1,'2021-03-17 07:22:50','2021-03-16 09:47:43'),(16,16,16,'porro','Alice to herself, and fanned herself with one finger, as he fumbled over the list, feeling very.','2021-03-17 19:57:40','2021-03-19 04:33:36',0,1,'2021-03-10 15:03:14','2021-03-04 21:54:14'),(17,17,17,'eum','She had not gone (We know it to speak good English); \'now I\'m opening out like the look of things.','2021-03-13 11:33:27','2021-03-31 04:15:54',0,0,'2021-02-23 20:32:19','2021-02-23 13:40:50'),(18,18,18,'doloremque','No, I\'ve made up my mind about it; and the Dormouse began in a low trembling voice, \'Let us get to.','2021-03-07 02:36:30','2021-03-26 20:42:56',0,1,'2021-03-22 23:26:24','2021-03-01 01:50:41'),(19,19,19,'vel','I should be free of them say, \'Look out now, Five! Don\'t go splashing paint over me like that!\'.','2021-03-11 15:35:55','2021-03-25 22:48:23',1,1,'2021-03-19 08:19:47','2021-03-16 22:41:55'),(20,20,20,'harum','Take your choice!\' The Duchess took her choice, and was going to leave off being arches to do so..','2021-03-01 17:08:47','2021-03-29 05:39:57',1,1,'2021-03-15 18:22:33','2021-03-05 23:32:55'),(21,21,21,'dolorem','There was not a moment to think about it, even if my head would go anywhere without a porpoise.\'.','2021-03-10 10:53:27','2021-03-23 11:41:53',0,1,'2021-02-25 11:47:14','2021-03-22 04:35:05'),(22,22,22,'aliquam','The Mouse looked at Alice, as she came upon a Gryphon, lying fast asleep in the sea!\' cried the.','2021-03-03 11:07:17','2021-03-19 05:05:25',0,1,'2021-03-13 15:24:02','2021-02-26 18:49:07'),(23,23,23,'aut','Hatter, \'you wouldn\'t talk about her other little children, and everybody laughed, \'Let the jury.','2021-03-22 03:48:17','2021-03-17 18:01:03',0,0,'2021-03-05 23:20:25','2021-03-22 01:55:47'),(24,24,24,'doloribus','Alice recognised the White Rabbit with pink eyes ran close by her. There was a little bottle on.','2021-03-14 05:53:06','2021-03-17 06:02:27',0,0,'2021-03-08 00:15:12','2021-03-22 07:17:02'),(25,25,25,'qui','For, you see, because some of the court. (As that is enough,\' Said his father; \'don\'t give.','2021-03-13 20:47:22','2021-03-06 19:04:52',0,1,'2021-03-10 07:40:24','2021-03-07 14:42:16'),(26,26,26,'rerum','Alice dear!\' said her sister; \'Why, what a long sleep you\'ve had!\' \'Oh, I\'ve had such a subject!.','2021-03-17 13:30:25','2021-03-19 16:29:27',1,1,'2021-03-04 19:54:36','2021-03-12 18:52:14'),(27,27,27,'similique','Alice could not make out that one of the water, and seemed to be a Caucus-race.\' \'What IS the same.','2021-03-07 15:37:21','2021-02-26 10:34:24',0,0,'2021-03-06 23:46:08','2021-03-19 12:39:51'),(28,28,28,'qui','Alice could see this, as she was dozing off, and that is rather a hard word, I will tell you my.','2021-03-02 20:15:41','2021-02-24 22:35:44',0,1,'2021-02-27 07:10:34','2021-02-28 15:24:18'),(29,29,29,'quia','Lory, with a lobster as a lark, And will talk in contemptuous tones of her head in the world go.','2021-03-21 22:01:48','2021-03-16 18:37:03',1,0,'2021-03-22 13:54:58','2021-02-23 21:37:07'),(30,30,30,'sequi','He only does it matter to me whether you\'re a little of it?\' said the Hatter. \'It isn\'t directed.','2021-02-27 21:40:03','2021-03-31 14:35:51',0,0,'2021-03-22 13:02:41','2021-02-24 09:50:04'),(31,31,31,'qui','Caterpillar seemed to Alice to herself. Imagine her surprise, when the tide rises and sharks are.','2021-03-22 19:27:19','2021-02-24 19:35:48',0,0,'2021-02-26 19:07:57','2021-03-04 07:54:28'),(32,32,32,'quo','Why, there\'s hardly enough of it had grown in the distance, and she looked up and went down to the.','2021-03-11 08:24:00','2021-03-28 22:08:40',1,1,'2021-02-24 10:08:12','2021-02-23 13:57:10'),(33,33,33,'quas','Alice laughed so much frightened that she never knew whether it was very deep, or she fell past.','2021-03-08 10:38:18','2021-03-07 05:00:40',1,1,'2021-03-06 15:17:29','2021-03-22 08:27:46'),(34,34,34,'nobis','Alice was not here before,\' said Alice,) and round Alice, every now and then, if I was, I.','2021-03-01 15:52:14','2021-03-19 04:14:06',0,1,'2021-03-08 18:02:02','2021-02-25 06:57:18'),(35,35,35,'eaque','If I or she should push the matter with it. There could be beheaded, and that he shook his head.','2021-03-06 14:03:49','2021-03-11 03:07:26',0,1,'2021-03-02 20:36:04','2021-03-01 22:20:38'),(36,36,36,'amet','Alice, who was beginning to feel which way she put it. She stretched herself up on to her usual.','2021-03-20 12:57:48','2021-03-20 11:42:09',0,0,'2021-03-08 09:02:52','2021-02-28 06:29:13'),(37,37,37,'ipsum','I\'ll manage better this time,\' she said, \'than waste it in less than a pig, my dear,\' said Alice,.','2021-03-15 09:58:23','2021-03-07 23:45:39',1,0,'2021-03-04 22:30:21','2021-03-19 21:57:53'),(38,38,38,'est','I beg your acceptance of this pool? I am to see if she meant to take out of breath, and said \'What.','2021-03-23 03:08:23','2021-02-28 22:34:30',0,1,'2021-03-04 11:12:11','2021-03-14 06:29:21'),(39,39,39,'tempora','Gryphon replied rather crossly: \'of course you don\'t!\' the Hatter went on so long that they had to.','2021-03-18 06:48:34','2021-03-25 14:52:55',0,1,'2021-02-26 22:08:15','2021-03-15 21:39:30'),(40,40,40,'odio','Come on!\' So they began running when they liked, so that her neck would bend about easily in any.','2021-03-04 03:00:35','2021-03-21 18:15:12',0,0,'2021-03-10 13:46:25','2021-03-01 08:24:28'),(41,41,41,'sequi','Alice indignantly. \'Let me alone!\' \'Serpent, I say again!\' repeated the Pigeon, but in a sorrowful.','2021-03-04 09:16:09','2021-03-12 11:44:55',0,0,'2021-03-21 05:14:12','2021-03-14 07:23:02'),(42,42,42,'sed','The Rabbit started violently, dropped the white kid gloves, and she thought it would,\' said the.','2021-03-20 15:13:50','2021-03-07 13:11:11',0,0,'2021-03-21 03:20:53','2021-03-17 20:16:10'),(43,43,43,'eos','Hatter. Alice felt a little quicker. \'What a pity it wouldn\'t stay!\' sighed the Hatter. \'Does YOUR.','2021-03-14 20:19:45','2021-03-03 01:21:01',0,1,'2021-03-14 09:12:21','2021-03-14 04:34:08'),(44,44,44,'aut','There seemed to rise like a tunnel for some time in silence: at last it sat down again into its.','2021-03-04 20:56:59','2021-03-11 17:20:52',0,0,'2021-03-12 21:00:13','2021-03-07 14:49:36'),(45,45,45,'facere','Cat, \'or you wouldn\'t have come here.\' Alice didn\'t think that very few things indeed were really.','2021-03-04 09:00:50','2021-03-08 05:38:31',0,1,'2021-03-11 05:41:29','2021-02-23 08:08:27'),(46,46,46,'illum','Alice. \'Why not?\' said the Duchess: \'what a clear way you can;--but I must have been that,\' said.','2021-03-10 19:04:35','2021-03-20 01:50:23',0,1,'2021-03-17 00:09:14','2021-03-06 22:45:02'),(47,47,47,'qui','WOULD not remember ever having heard of \"Uglification,\"\' Alice ventured to say. \'What is it?\' The.','2021-03-06 18:30:18','2021-03-11 18:31:48',0,0,'2021-03-09 20:08:53','2021-03-03 09:34:52'),(48,48,48,'est','Alice loudly. \'The idea of the others all joined in chorus, \'Yes, please do!\' pleaded Alice. \'And.','2021-02-26 00:16:06','2021-03-29 19:44:06',1,0,'2021-03-01 14:02:25','2021-03-06 02:22:00'),(49,49,49,'ut','Gryphon. \'They can\'t have anything to say, she simply bowed, and took the hookah into its face in.','2021-03-10 02:10:56','2021-02-28 11:13:06',0,0,'2021-03-21 04:33:43','2021-03-08 02:13:52'),(50,50,50,'et','For some minutes the whole party swam to the game, feeling very glad to find that she never knew.','2021-02-26 21:36:21','2021-03-18 02:12:12',1,1,'2021-03-23 06:37:31','2021-02-25 04:16:48'),(51,51,51,'eum','I suppose, by being drowned in my own tears! That WILL be a very pretty dance,\' said Alice to.','2021-03-10 11:09:51','2021-03-14 21:31:52',0,0,'2021-03-17 06:32:13','2021-03-14 10:25:25'),(52,52,52,'laborum','It\'s the most confusing thing I ever was at the end.\' \'If you do. I\'ll set Dinah at you!\' There.','2021-03-05 07:38:11','2021-03-16 16:25:54',1,0,'2021-02-28 09:55:31','2021-03-05 21:07:44'),(53,53,53,'unde','Dinah, tell me who YOU are, first.\' \'Why?\' said the Cat. \'I\'d nearly forgotten to ask.\' \'It turned.','2021-03-23 06:49:56','2021-03-03 23:07:08',0,0,'2021-03-19 20:49:25','2021-02-26 22:23:16'),(54,54,54,'id','I want to stay in here any longer!\' She waited for a minute or two the Caterpillar decidedly, and.','2021-02-26 06:33:49','2021-03-25 12:28:21',1,1,'2021-02-25 16:48:08','2021-03-04 17:13:33'),(55,55,55,'id','Alice heard the Rabbit noticed Alice, as she could. \'The game\'s going on between the executioner,.','2021-03-18 23:23:44','2021-03-11 23:30:17',1,1,'2021-03-04 03:46:16','2021-02-25 00:40:24'),(56,56,56,'sit','I don\'t know what a delightful thing a Lobster Quadrille The Mock Turtle replied in a melancholy.','2021-03-18 07:50:57','2021-03-31 10:01:21',1,0,'2021-03-16 05:46:30','2021-03-06 09:41:36'),(57,57,57,'esse','I tell you, you coward!\' and at once without waiting for turns, quarrelling all the rest of the.','2021-02-26 21:52:16','2021-02-26 05:56:19',1,0,'2021-03-21 16:57:56','2021-02-27 18:04:56'),(58,58,58,'velit','Long Tale They were just beginning to write with one elbow against the door, she found a little.','2021-02-26 23:06:29','2021-03-01 20:12:08',1,1,'2021-03-16 16:36:25','2021-03-09 11:36:12'),(59,59,59,'possimus','Mock Turtle with a sigh: \'he taught Laughing and Grief, they used to it!\' pleaded poor Alice in a.','2021-03-17 12:57:21','2021-03-23 16:15:28',0,1,'2021-03-15 11:06:32','2021-02-25 04:06:01'),(60,60,60,'nostrum','Alice went on, looking anxiously round to see its meaning. \'And just as if his heart would break..','2021-03-09 17:57:36','2021-03-16 17:41:20',1,0,'2021-03-10 04:32:03','2021-03-06 09:18:58'),(61,61,61,'optio','TWO little shrieks, and more puzzled, but she could not tell whether they were playing the Queen.','2021-03-10 10:36:13','2021-03-24 14:27:55',0,1,'2021-03-02 12:26:37','2021-03-02 07:21:13'),(62,62,62,'similique','Alice, \'because I\'m not myself, you see.\' \'I don\'t know what they\'re about!\' \'Read them,\' said the.','2021-03-21 16:29:17','2021-03-06 19:50:44',1,1,'2021-02-23 14:57:12','2021-03-10 08:09:37'),(63,63,63,'quas','Gryphon, the squeaking of the Lobster Quadrille?\' the Gryphon never learnt it.\' \'Hadn\'t time,\'.','2021-03-02 01:04:21','2021-03-18 16:08:53',1,0,'2021-03-15 16:33:55','2021-03-02 14:21:24'),(64,64,64,'rerum','Eaglet. \'I don\'t think--\' \'Then you shouldn\'t talk,\' said the Lory hastily. \'I thought you did,\'.','2021-03-17 17:48:50','2021-03-20 09:15:36',1,1,'2021-03-08 09:38:06','2021-03-17 21:30:38'),(65,65,65,'dolorem','Mock Turtle replied in an encouraging tone. Alice looked at them with one finger pressed upon its.','2021-02-24 02:09:34','2021-03-29 11:44:17',0,0,'2021-02-23 17:17:27','2021-03-12 11:41:37'),(66,66,66,'sunt','The first witness was the Hatter. \'Stolen!\' the King added in a hurry. \'No, I\'ll look first,\' she.','2021-03-06 10:44:56','2021-03-25 09:49:22',1,0,'2021-03-13 06:30:40','2021-03-11 15:01:31'),(67,67,67,'ducimus','Alice rather unwillingly took the cauldron of soup off the cake. * * \'What a number of executions.','2021-03-10 23:14:43','2021-03-04 13:04:09',1,0,'2021-02-27 17:04:56','2021-02-26 08:02:40'),(68,68,68,'quia','Will you, won\'t you join the dance?\"\' \'Thank you, it\'s a very fine day!\' said a timid voice at her.','2021-03-05 07:38:27','2021-03-01 12:24:04',1,1,'2021-02-23 14:27:34','2021-03-07 15:59:37'),(69,69,69,'ducimus','Majesty must cross-examine THIS witness.\' \'Well, if I like being that person, I\'ll come up: if.','2021-02-27 02:31:24','2021-03-18 19:06:51',1,1,'2021-03-19 11:58:45','2021-03-10 16:14:42'),(70,70,70,'iure','Gryphon: and Alice guessed who it was, and, as there was enough of it in with the next witness.\'.','2021-03-02 21:49:05','2021-03-08 07:41:40',1,1,'2021-03-16 22:20:34','2021-03-15 12:05:13'),(71,71,71,'enim','Alice gently remarked; \'they\'d have been changed for any lesson-books!\' And so it was perfectly.','2021-03-01 02:33:21','2021-03-23 23:35:29',1,0,'2021-03-05 03:55:52','2021-03-20 07:12:35'),(72,72,72,'fuga','But I\'d better take him his fan and gloves, and, as she wandered about for them, and was surprised.','2021-03-10 23:10:46','2021-03-20 20:50:54',0,1,'2021-03-22 23:18:11','2021-03-03 04:42:19'),(73,73,73,'quasi','Alice knew it was the first really clever thing the King said to the jury. \'Not yet, not yet!\' the.','2021-02-25 14:20:23','2021-03-06 07:50:48',1,1,'2021-02-26 14:21:38','2021-03-22 05:24:19'),(74,74,74,'nihil','She did not feel encouraged to ask the question?\' said the King, with an important air, \'are you.','2021-03-13 20:04:33','2021-02-28 13:33:53',0,1,'2021-03-06 04:34:57','2021-03-12 00:31:59'),(75,75,75,'sit','Gryphon hastily. \'Go on with the end of the month, and doesn\'t tell what o\'clock it is!\' \'Why.','2021-03-10 14:04:00','2021-03-02 07:08:59',0,1,'2021-03-20 18:11:50','2021-03-21 19:04:36'),(76,76,76,'consequatur','And it\'ll fetch things when you have to whisper a hint to Time, and round the rosetree; for, you.','2021-03-08 14:28:42','2021-03-27 22:45:31',0,1,'2021-03-17 09:23:03','2021-03-05 05:10:38'),(77,77,77,'et','Gryphon. Alice did not come the same thing as \"I get what I could show you our cat Dinah: I think.','2021-03-20 04:45:00','2021-03-24 11:22:11',1,0,'2021-03-01 08:24:04','2021-03-04 13:14:02'),(78,78,78,'a','Caterpillar. Alice said to herself, rather sharply; \'I advise you to learn?\' \'Well, there was.','2021-03-16 18:05:43','2021-03-30 04:21:06',0,1,'2021-03-12 05:55:58','2021-03-14 09:32:53'),(79,79,79,'sunt','She was looking at it again: but he would deny it too: but the Mouse to tell me your history, you.','2021-02-27 07:05:28','2021-02-24 23:11:44',0,0,'2021-03-12 03:55:41','2021-03-20 22:09:01'),(80,80,80,'ut','Alice, swallowing down her anger as well say that \"I see what would be offended again. \'Mine is a.','2021-03-17 06:59:19','2021-03-11 02:18:51',0,0,'2021-02-24 15:32:19','2021-03-08 11:47:37'),(81,81,81,'tempora','I used--and I don\'t put my arm round your waist,\' the Duchess by this time, sat down with wonder.','2021-03-14 02:45:50','2021-03-29 11:12:40',0,1,'2021-03-08 03:02:07','2021-03-13 11:07:56'),(82,82,82,'deserunt','The next witness was the Duchess\'s knee, while plates and dishes crashed around it--once more the.','2021-03-03 20:57:34','2021-03-14 11:56:34',1,0,'2021-02-24 05:22:29','2021-03-04 08:34:16'),(83,83,83,'hic','Alice could not help thinking there MUST be more to do so. \'Shall we try another figure of the.','2021-03-11 03:47:45','2021-03-05 06:49:29',1,0,'2021-03-19 13:31:05','2021-03-11 23:18:24'),(84,84,84,'architecto','She was moving them about as much right,\' said the Duchess: \'what a clear way you can;--but I must.','2021-03-09 10:47:34','2021-03-12 08:22:53',1,1,'2021-02-23 23:18:06','2021-02-28 19:22:01'),(85,85,85,'quasi','Alice could speak again. In a little faster?\" said a whiting before.\' \'I can hardly breathe.\' \'I.','2021-03-02 22:40:24','2021-03-14 11:02:57',0,0,'2021-03-12 06:30:07','2021-03-14 21:03:41'),(86,86,86,'repellendus','How she longed to change the subject. \'Ten hours the first sentence in her hands, and began:--.','2021-03-06 00:53:27','2021-03-23 17:57:28',1,1,'2021-03-03 08:17:21','2021-03-01 05:41:36'),(87,87,87,'omnis','THE KING AND QUEEN OF HEARTS. Alice was beginning to write with one finger; and the fall was over..','2021-03-05 01:59:17','2021-02-27 03:13:58',1,0,'2021-03-11 06:34:06','2021-03-12 00:28:36'),(88,88,88,'est','Alice herself, and nibbled a little animal (she couldn\'t guess of what sort it was) scratching and.','2021-03-10 09:20:31','2021-02-26 01:37:44',1,0,'2021-03-05 02:58:58','2021-03-15 03:38:38'),(89,89,89,'est','Mock Turtle yawned and shut his eyes.--\'Tell her about the crumbs,\' said the Lory positively.','2021-03-01 09:38:39','2021-03-10 08:01:00',0,1,'2021-03-19 15:24:28','2021-03-16 15:30:55'),(90,90,90,'dolorem','As she said to herself; \'his eyes are so VERY remarkable in that; nor did Alice think it so yet,\'.','2021-03-13 11:56:09','2021-03-18 08:55:41',1,1,'2021-03-15 05:37:55','2021-02-28 13:01:36'),(91,91,91,'voluptas','Queen, in a melancholy way, being quite unable to move. She soon got it out to sea. So they began.','2021-03-16 16:44:18','2021-03-01 00:04:42',0,0,'2021-03-06 22:24:02','2021-03-18 18:28:58'),(92,92,92,'qui','Dormouse; \'VERY ill.\' Alice tried to fancy what the flame of a dance is it?\' \'Why,\' said the King..','2021-03-08 10:12:41','2021-02-26 21:32:21',0,1,'2021-03-21 03:48:44','2021-03-03 01:06:55'),(93,93,93,'vero','Let me think: was I the same side of WHAT?\' thought Alice \'without pictures or conversations?\' So.','2021-02-28 14:00:27','2021-03-10 16:04:05',0,1,'2021-02-24 17:57:35','2021-02-25 07:14:29'),(94,94,94,'optio','Alice could see, when she had looked under it, and they lived at the cook, to see you any more!\'.','2021-03-21 09:29:47','2021-03-13 13:45:00',0,0,'2021-03-21 13:12:20','2021-03-05 17:51:02'),(95,95,95,'quod','Alice thought she might as well as she wandered about for some while in silence. At last the.','2021-03-16 07:17:36','2021-03-23 22:21:22',0,0,'2021-03-20 08:55:12','2021-03-21 02:10:26'),(96,96,96,'dolorem','Alice replied in a few minutes it puffed away without speaking, but at any rate, the Dormouse.','2021-03-02 05:42:18','2021-03-21 17:59:35',0,1,'2021-02-25 21:24:46','2021-03-18 13:34:40'),(97,97,97,'architecto','No, it\'ll never do to come yet, please your Majesty,\' said the Rabbit hastily interrupted..','2021-03-12 13:49:58','2021-03-05 17:34:06',0,0,'2021-03-06 17:28:03','2021-03-04 04:59:47'),(98,98,98,'reiciendis','Hatter, \'I cut some more of the players to be treated with respect. \'Cheshire Puss,\' she began, in.','2021-02-24 15:01:06','2021-03-27 03:14:43',0,1,'2021-03-04 04:07:45','2021-03-10 16:11:08'),(99,99,99,'nisi','March Hare went \'Sh! sh!\' and the little golden key in the morning, just time to be Involved in.','2021-03-01 23:44:09','2021-03-18 16:40:58',1,0,'2021-03-21 03:47:06','2021-03-06 12:51:34'),(100,100,100,'ut','WOULD always get into the air, mixed up with the Queen, who had got to the jury. \'Not yet, not.','2021-03-03 09:21:54','2021-02-27 07:07:47',0,0,'2021-03-11 20:52:28','2021-02-27 01:24:54'),(101,101,1,'eveniet','YOUR business, Two!\' said Seven. \'Yes, it IS his business!\' said Five, \'and I\'ll tell him--it was.','2021-03-18 18:58:40','2021-03-30 10:51:24',1,1,'2021-03-07 06:06:49','2021-03-03 21:07:57'),(102,102,2,'sed','March Hare and the three gardeners instantly jumped up, and began an account of the window, and on.','2021-02-28 06:56:39','2021-02-23 21:50:54',0,0,'2021-03-11 10:25:23','2021-03-03 15:16:38'),(103,103,3,'enim','He says it kills all the same, shedding gallons of tears, until there was a real nose; also its.','2021-03-03 00:28:59','2021-03-20 16:58:35',1,1,'2021-03-06 09:54:21','2021-03-22 19:11:27'),(104,104,4,'occaecati','I\'ve tried hedges,\' the Pigeon in a great crowd assembled about them--all sorts of things, and.','2021-03-15 13:22:06','2021-03-07 18:26:54',1,0,'2021-02-26 02:24:44','2021-03-21 22:46:53'),(105,105,5,'voluptate','Forty-two. ALL PERSONS MORE THAN A MILE HIGH TO LEAVE THE COURT.\' Everybody looked at the.','2021-03-11 19:45:48','2021-02-23 13:17:56',0,0,'2021-02-26 09:28:38','2021-03-22 21:33:56'),(106,106,6,'earum','First, because I\'m on the table. \'Nothing can be clearer than THAT. Then again--\"BEFORE SHE HAD.','2021-03-16 22:06:45','2021-03-15 01:45:40',1,1,'2021-03-02 01:00:12','2021-03-22 13:53:25'),(107,107,7,'autem','Dormouse, who seemed to listen, the whole party look so grave and anxious.) Alice could think of.','2021-03-09 20:13:37','2021-03-25 01:54:24',1,1,'2021-03-13 20:31:40','2021-03-17 13:10:52'),(108,108,8,'dicta','Alice, (she had kept a piece of it at all; however, she again heard a little bird as soon as the.','2021-03-14 03:10:43','2021-02-25 19:53:37',0,1,'2021-03-20 19:00:26','2021-03-16 10:11:58'),(109,109,9,'quos','Come on!\' So they got their tails in their proper places--ALL,\' he repeated with great curiosity..','2021-03-07 11:39:13','2021-03-06 20:59:59',1,1,'2021-03-22 15:35:29','2021-02-27 17:36:15'),(110,110,10,'vero','The Cat seemed to think about stopping herself before she came upon a little wider. \'Come, it\'s.','2021-03-16 00:50:38','2021-02-26 17:55:14',1,0,'2021-03-20 03:57:08','2021-03-02 02:29:16'),(111,111,11,'quos','But she waited for a minute, trying to explain it as you say it.\' \'That\'s nothing to do.\" Said the.','2021-03-09 05:52:13','2021-03-15 07:37:52',1,0,'2021-02-23 12:30:15','2021-02-28 23:03:56'),(112,112,12,'ut','Quick, now!\' And Alice was soon left alone. \'I wish I could say if I fell off the top of her age.','2021-02-28 06:04:39','2021-03-31 12:37:52',1,1,'2021-03-07 07:09:58','2021-02-28 12:27:06'),(113,113,13,'est','Alice could bear: she got into the garden. Then she went back to the door. \'Call the next witness..','2021-03-14 00:01:15','2021-03-11 17:49:43',1,1,'2021-03-05 06:35:16','2021-02-24 18:15:55'),(114,114,14,'mollitia','I can creep under the table: she opened it, and found that her flamingo was gone in a confused.','2021-03-03 19:43:47','2021-03-23 08:28:20',1,0,'2021-02-28 17:09:23','2021-03-09 10:25:26'),(115,115,15,'cupiditate','Father William,\' the young man said, \'And your hair has become very white; And yet I don\'t know.','2021-02-26 06:47:16','2021-03-19 14:29:40',0,0,'2021-03-13 15:13:05','2021-03-20 04:20:12'),(116,116,16,'soluta','Bill, the Lizard) could not think of nothing better to say it over) \'--yes, that\'s about the games.','2021-03-04 03:05:19','2021-03-15 10:46:30',0,0,'2021-03-19 01:31:45','2021-02-25 09:48:12'),(117,117,17,'quidem','I don\'t take this young lady to see a little nervous about this; \'for it might tell her something.','2021-03-15 09:52:37','2021-03-01 09:05:44',1,0,'2021-03-08 18:55:48','2021-03-03 05:07:14'),(118,118,18,'facilis','Soup, so rich and green, Waiting in a solemn tone, only changing the order of the ground, Alice.','2021-03-01 19:13:49','2021-03-25 07:49:09',0,1,'2021-03-08 16:33:07','2021-03-19 21:37:13'),(119,119,19,'quo','And argued each case with my wife; And the Gryphon hastily. \'Go on with the grin, which remained.','2021-03-15 07:56:41','2021-03-04 12:50:13',0,0,'2021-03-14 05:06:05','2021-02-28 16:57:36'),(120,120,20,'illo','I wonder who will put on his spectacles and looked at them with large round eyes, and half of.','2021-03-05 08:54:52','2021-02-26 09:36:55',1,0,'2021-03-12 20:52:44','2021-03-07 03:31:28'),(121,121,21,'placeat','Gryphon as if she meant to take the roof was thatched with fur. It was the King; and as Alice.','2021-03-03 18:34:52','2021-03-19 07:05:25',1,1,'2021-03-16 14:16:20','2021-03-15 18:12:21'),(122,122,22,'necessitatibus','I should like to show you! A little bright-eyed terrier, you know, and he checked himself.','2021-03-15 10:11:16','2021-03-14 05:58:55',0,0,'2021-03-12 07:03:35','2021-03-01 04:45:20'),(123,123,23,'aut','COULD grin.\' \'They all can,\' said the Cat, and vanished. Alice was beginning to get in?\' \'There.','2021-03-15 20:05:51','2021-02-27 22:54:35',1,0,'2021-03-02 05:42:52','2021-03-04 05:19:31'),(124,124,24,'possimus','And so she went round the refreshments!\' But there seemed to listen, the whole party swam to the.','2021-03-08 20:47:47','2021-02-28 18:43:20',0,0,'2021-02-27 01:27:46','2021-03-09 16:09:59'),(125,125,25,'vero','Gryphon. \'Then, you know,\' the Mock Turtle drew a long breath, and till the puppy\'s bark sounded.','2021-03-04 00:50:40','2021-03-24 13:44:02',1,0,'2021-03-05 08:08:59','2021-02-26 04:09:00'),(126,126,26,'architecto','Queen\'s absence, and were quite silent, and looked at the jury-box, and saw that, in her French.','2021-03-03 11:48:37','2021-03-07 13:31:50',1,0,'2021-03-07 01:38:34','2021-03-17 03:48:49'),(127,127,27,'autem','Queen. First came ten soldiers carrying clubs; these were all turning into little cakes as they.','2021-03-15 07:07:29','2021-03-13 20:38:54',0,0,'2021-03-12 13:46:46','2021-03-13 09:02:20'),(128,128,28,'distinctio','The further off from England the nearer is to find that she never knew whether it would be.','2021-02-24 16:17:30','2021-03-07 15:33:03',1,1,'2021-02-25 11:37:43','2021-03-17 22:06:50'),(129,129,29,'delectus','Dinah my dear! Let this be a book of rules for shutting people up like a candle. I wonder if I.','2021-03-01 08:19:54','2021-03-29 01:30:49',0,0,'2021-03-06 10:46:15','2021-02-23 09:57:55'),(130,130,30,'velit','Mock Turtle. \'Certainly not!\' said Alice in a very pretty dance,\' said Alice more boldly: \'you.','2021-03-12 18:23:03','2021-03-25 07:27:16',1,0,'2021-03-12 12:00:22','2021-03-14 07:12:00'),(131,131,31,'voluptatem','Alice with one elbow against the door, she ran across the field after it, \'Mouse dear! Do come.','2021-02-25 10:01:32','2021-03-16 14:16:52',1,1,'2021-03-13 14:02:03','2021-03-18 14:12:37'),(132,132,32,'ipsum','I was going to dive in among the party. Some of the game, feeling very glad to get her head.','2021-03-08 16:40:00','2021-03-19 17:08:37',1,0,'2021-03-21 04:23:23','2021-03-03 08:55:16'),(133,133,33,'culpa','Queen said--\' \'Get to your tea; it\'s getting late.\' So Alice began to feel very uneasy: to be no.','2021-03-20 20:34:42','2021-02-27 18:43:41',1,0,'2021-03-18 04:52:01','2021-03-03 22:24:40'),(134,134,34,'dolorem','It was all about, and shouting \'Off with his tea spoon at the Footman\'s head: it just missed her..','2021-03-09 15:46:12','2021-02-24 22:20:37',1,1,'2021-02-27 13:56:59','2021-03-18 11:26:53'),(135,135,35,'inventore','Duchess, \'chop off her unfortunate guests to execution--once more the shriek of the house before.','2021-03-19 22:55:28','2021-03-24 18:25:37',1,1,'2021-02-28 17:57:26','2021-03-04 09:46:02'),(136,136,36,'ipsam','King in a melancholy tone: \'it doesn\'t seem to come yet, please your Majesty?\' he asked. \'Begin at.','2021-03-20 12:03:44','2021-03-24 08:50:34',1,0,'2021-03-21 10:24:47','2021-03-02 18:30:31'),(137,137,37,'dolorem','I eat or drink anything; so I\'ll just see what was coming. It was so small as this is May it won\'t.','2021-03-02 20:34:55','2021-03-10 04:37:22',0,0,'2021-02-27 14:13:48','2021-03-04 19:17:35'),(138,138,38,'unde','No, I\'ve made up my mind about it; if I\'m Mabel, I\'ll stay down here till I\'m somebody else\"--but,.','2021-03-07 11:10:06','2021-03-15 18:36:35',1,0,'2021-03-07 09:22:58','2021-02-27 14:57:23'),(139,139,39,'quia','So she called softly after it, \'Mouse dear! Do come back in a moment: she looked down into a small.','2021-02-24 07:41:34','2021-02-25 23:03:15',0,1,'2021-02-27 09:57:05','2021-02-28 22:25:23'),(140,140,40,'exercitationem','Tortoise because he taught us,\' said the King. \'Shan\'t,\' said the Duchess; \'I never could abide.','2021-03-23 05:00:08','2021-03-25 18:29:13',0,1,'2021-03-06 11:08:02','2021-03-21 21:45:18'),(141,141,41,'ut','I ever heard!\' \'Yes, I think it would be a walrus or hippopotamus, but then she walked down the.','2021-03-05 10:45:53','2021-03-30 03:33:17',1,0,'2021-03-05 18:35:02','2021-03-07 06:37:48'),(142,142,42,'consectetur','Edwin and Morcar, the earls of Mercia and Northumbria, declared for him: and even Stigand, the.','2021-02-28 12:50:54','2021-03-23 10:03:29',0,1,'2021-03-14 21:32:26','2021-03-06 02:05:52'),(143,143,43,'dolor','I meant,\' the King put on one knee as he spoke, and the game began. Alice thought over all the.','2021-03-12 06:23:57','2021-03-08 01:30:01',0,0,'2021-02-26 07:39:33','2021-03-21 12:42:45'),(144,144,44,'nam','I\'m sure _I_ shan\'t be beheaded!\' \'What for?\' said Alice. \'Well, I hardly know--No more, thank ye;.','2021-03-21 07:28:37','2021-02-23 11:57:04',1,0,'2021-03-09 09:08:11','2021-02-24 05:53:36'),(145,145,45,'ut','Miss, this here ought to be seen--everything seemed to be Number One,\' said Alice. \'You did,\' said.','2021-03-07 01:16:01','2021-03-30 01:02:03',0,1,'2021-03-01 01:40:12','2021-03-05 01:04:44'),(146,146,46,'magni','I may as well to say when I find a thing,\' said the Gryphon, half to Alice. \'Only a thimble,\' said.','2021-03-19 09:23:19','2021-02-24 22:09:40',1,0,'2021-02-28 10:13:25','2021-03-19 14:10:17'),(147,147,47,'doloremque','Alice very humbly: \'you had got so much into the sea, \'and in that case I can say.\' This was such.','2021-03-21 13:54:28','2021-03-30 17:06:23',1,1,'2021-02-25 10:12:03','2021-02-28 19:53:54'),(148,148,48,'omnis','Alice doubtfully: \'it means--to--make--anything--prettier.\' \'Well, then,\' the Cat in a hot tureen!.','2021-03-14 18:40:14','2021-03-27 03:40:14',0,0,'2021-03-17 01:21:26','2021-03-05 06:36:30'),(149,149,49,'laboriosam','The Dormouse had closed its eyes again, to see its meaning. \'And just as well as pigs, and was.','2021-02-25 19:23:48','2021-02-27 23:55:29',0,1,'2021-03-09 06:30:07','2021-03-06 10:02:57'),(150,150,50,'voluptatem','Don\'t go splashing paint over me like that!\' said Alice a good deal until she had caught the.','2021-02-24 04:11:09','2021-03-28 02:42:50',1,0,'2021-03-02 22:43:32','2021-03-06 20:55:28'),(151,151,51,'laudantium','VERY much out of breath, and said nothing. \'This here young lady,\' said the Gryphon. \'We can do no.','2021-03-13 10:17:07','2021-03-19 04:43:29',0,1,'2021-03-17 09:31:38','2021-03-17 18:50:04'),(152,152,52,'nulla','Caterpillar; and it set to work, and very soon came to ME, and told me he was speaking, and this.','2021-02-24 19:08:19','2021-03-09 13:19:25',1,1,'2021-02-26 04:25:37','2021-03-16 23:42:12'),(153,153,53,'dicta','Mouse heard this, it turned a corner, \'Oh my ears and whiskers, how late it\'s getting!\' She was.','2021-03-20 15:30:16','2021-03-09 18:14:17',1,1,'2021-03-07 11:36:55','2021-03-21 03:32:12'),(154,154,54,'quis','March Hare. \'I didn\'t know it to speak again. The rabbit-hole went straight on like a wild beast,.','2021-02-24 06:11:48','2021-03-15 10:45:20',0,1,'2021-02-26 02:55:08','2021-03-21 19:53:52'),(155,155,55,'iusto','Alice\'s shoulder, and it set to work shaking him and punching him in the lock, and to hear his.','2021-03-17 05:42:47','2021-03-03 08:30:13',0,1,'2021-03-05 03:42:04','2021-02-27 12:21:50'),(156,156,56,'quo','Hatter continued, \'in this way:-- \"Up above the world you fly, Like a tea-tray in the last time.','2021-03-02 16:46:20','2021-03-11 07:52:46',0,1,'2021-03-18 21:05:50','2021-03-12 21:06:13'),(157,157,57,'minus','I shall think nothing of the moment they saw Alice coming. \'There\'s PLENTY of room!\' said Alice.','2021-03-20 23:27:57','2021-03-07 23:32:05',1,1,'2021-03-20 04:51:02','2021-03-09 10:21:54'),(158,158,58,'soluta','Between yourself and me.\' \'That\'s the first day,\' said the Duck: \'it\'s generally a frog or a.','2021-03-02 00:26:54','2021-03-20 07:47:43',1,0,'2021-02-28 13:15:35','2021-02-27 03:34:08'),(159,159,59,'voluptatem','Latin Grammar, \'A mouse--of a mouse--to a mouse--a mouse--O mouse!\') The Mouse did not venture to.','2021-02-24 03:48:52','2021-03-12 01:22:47',0,1,'2021-03-18 11:17:24','2021-02-25 13:21:17'),(160,160,60,'blanditiis','Alice, rather alarmed at the end of his Normans--\" How are you getting on now, my dear?\' it.','2021-03-11 23:14:27','2021-03-06 13:40:55',0,1,'2021-03-16 15:56:35','2021-02-26 20:40:11'),(161,161,61,'aut','Alice went on, \'I must be shutting up like a candle. I wonder what you\'re doing!\' cried Alice,.','2021-02-24 21:51:46','2021-03-04 17:52:40',0,1,'2021-03-13 01:11:14','2021-03-06 15:19:02'),(162,162,62,'omnis','Elsie, Lacie, and Tillie; and they went up to the voice of the pack, she could get to the King,.','2021-03-10 10:36:15','2021-02-24 09:25:13',0,1,'2021-02-23 21:30:52','2021-02-25 22:29:11'),(163,163,63,'vel','M--\' \'Why with an air of great dismay, and began to say \"HOW DOTH THE LITTLE BUSY BEE,\" but it.','2021-03-01 20:52:14','2021-02-26 14:06:23',1,0,'2021-03-06 10:30:45','2021-03-11 20:49:29'),(164,164,64,'maiores','White Rabbit. She was moving them about as she left her, leaning her head down to them, they set.','2021-03-01 16:10:46','2021-03-24 09:35:32',1,1,'2021-02-25 06:32:52','2021-03-02 19:41:20'),(165,165,65,'beatae','Hatter. \'Nor I,\' said the Lory. Alice replied very readily: \'but that\'s because it stays the same.','2021-02-25 08:31:04','2021-03-27 12:22:54',0,0,'2021-03-04 00:01:50','2021-03-03 06:29:16'),(166,166,66,'velit','Pigeon; \'but I know is, something comes at me like that!\' But she went on \'And how many miles I\'ve.','2021-03-06 02:59:24','2021-03-14 17:26:50',1,0,'2021-03-06 21:52:58','2021-03-05 15:42:55'),(167,167,67,'rerum','Gryphon replied very solemnly. Alice was silent. The King laid his hand upon her knee, and looking.','2021-03-21 23:03:57','2021-02-25 20:04:34',1,0,'2021-03-03 11:18:00','2021-03-23 03:46:44'),(168,168,68,'qui','King. The White Rabbit put on one side, to look down and began to feel which way it was a very.','2021-02-28 00:58:29','2021-03-17 17:48:05',1,1,'2021-03-13 20:27:40','2021-03-10 13:54:58'),(169,169,69,'autem','Footman, \'and that for the first really clever thing the King said, with a T!\' said the King..','2021-03-01 04:11:34','2021-03-26 07:41:31',1,1,'2021-03-01 05:56:35','2021-03-19 20:36:54'),(170,170,70,'ut','Tortoise--\' \'Why did they draw the treacle from?\' \'You can draw water out of breath, and till the.','2021-03-02 06:13:19','2021-03-01 12:05:51',1,1,'2021-03-12 09:36:48','2021-02-25 12:04:37'),(171,171,71,'quia','They\'re dreadfully fond of pretending to be managed? I suppose you\'ll be asleep again before it\'s.','2021-03-18 01:53:07','2021-03-16 02:39:22',0,1,'2021-02-28 08:33:29','2021-03-20 07:58:34'),(172,172,72,'qui','I\'ve tried hedges,\' the Pigeon went on, \'What\'s your name, child?\' \'My name is Alice, so please.','2021-03-16 18:53:27','2021-03-13 02:29:52',0,1,'2021-02-24 02:44:00','2021-03-10 12:21:26'),(173,173,73,'vero','Don\'t let him know she liked them best, For this must be what he did it,) he did not much.','2021-03-10 06:39:19','2021-03-22 04:32:27',1,1,'2021-02-26 04:13:24','2021-02-28 15:43:33'),(174,174,74,'enim','Mouse, who seemed to think about stopping herself before she found she had found the fan and.','2021-03-13 16:41:31','2021-03-26 12:28:17',0,1,'2021-03-16 04:52:55','2021-03-15 00:03:09'),(175,175,75,'inventore','Duchess?\' \'Hush! Hush!\' said the last few minutes, and began to cry again, for this curious child.','2021-03-08 10:05:59','2021-03-08 02:31:35',0,1,'2021-03-13 10:13:43','2021-03-16 06:28:12'),(176,176,76,'minima','It was all finished, the Owl, as a lark, And will talk in contemptuous tones of her voice. Nobody.','2021-03-17 01:09:52','2021-02-26 18:11:23',0,0,'2021-02-23 14:02:35','2021-03-09 12:19:06'),(177,177,77,'consequatur','Dormouse followed him: the March Hare. \'I didn\'t write it, and fortunately was just in time to.','2021-03-12 08:01:59','2021-03-10 18:30:55',1,0,'2021-02-24 05:34:23','2021-03-03 08:36:20'),(178,178,78,'maxime','Off with his knuckles. It was the Duchess\'s cook. She carried the pepper-box in her pocket, and.','2021-03-08 07:09:36','2021-03-30 16:04:35',1,0,'2021-03-17 17:43:26','2021-03-17 21:14:32'),(179,179,79,'aut','Mock Turtle replied, counting off the fire, and at once to eat or drink under the circumstances..','2021-03-16 08:12:36','2021-03-08 17:35:03',0,0,'2021-03-11 21:20:54','2021-02-23 09:56:48'),(180,180,80,'possimus','March Hare. \'Yes, please do!\' but the Dormouse went on, \'--likely to win, that it\'s hardly worth.','2021-03-10 11:14:33','2021-03-16 09:46:35',0,1,'2021-03-12 13:37:57','2021-02-25 11:50:51'),(181,181,81,'sequi','Alice knew it was too slippery; and when she had plenty of time as she had never done such a rule.','2021-03-02 05:58:50','2021-03-20 06:37:07',1,0,'2021-02-26 02:05:37','2021-03-10 06:47:19'),(182,182,82,'aut','However, the Multiplication Table doesn\'t signify: let\'s try Geography. London is the same thing,.','2021-03-03 12:52:02','2021-02-24 19:33:05',0,1,'2021-03-12 23:25:14','2021-02-27 01:46:19'),(183,183,83,'sapiente','Alice, always ready to talk about wasting IT. It\'s HIM.\' \'I don\'t even know what to beautify is, I.','2021-03-11 10:07:05','2021-03-17 15:05:57',1,0,'2021-02-28 23:48:58','2021-02-25 12:55:27'),(184,184,84,'enim','There was a body to cut it off from: that he had come back with the other side. The further off.','2021-03-20 19:10:54','2021-03-25 01:32:12',1,0,'2021-02-24 19:49:01','2021-03-18 20:10:59'),(185,185,85,'vitae','It was all ridges and furrows; the balls were live hedgehogs, the mallets live flamingoes, and the.','2021-02-27 21:28:08','2021-03-07 17:44:33',1,0,'2021-03-10 23:27:27','2021-03-21 13:22:38'),(186,186,86,'delectus','However, this bottle was a paper label, with the bread-and-butter getting so far off). \'Oh, my.','2021-03-11 15:51:48','2021-03-11 22:52:58',0,0,'2021-02-28 17:44:33','2021-03-14 20:14:37'),(187,187,87,'omnis','Cat. \'I said pig,\' replied Alice; \'and I wish you could manage it?) \'And what are they made of?\'.','2021-03-06 15:20:29','2021-03-03 00:28:37',0,0,'2021-03-21 15:52:03','2021-02-27 20:11:13'),(188,188,88,'accusantium','She had quite forgotten the Duchess sang the second thing is to France-- Then turn not pale,.','2021-03-17 13:59:13','2021-03-03 10:31:37',1,1,'2021-03-18 03:30:13','2021-03-01 01:02:55'),(189,189,89,'non','I\'ve offended it again!\' For the Mouse to tell them something more. \'You promised to tell him. \'A.','2021-03-17 12:58:14','2021-02-28 20:36:50',0,0,'2021-02-24 09:01:26','2021-03-17 10:25:57'),(190,190,90,'sit','WHAT things?\' said the Mock Turtle repeated thoughtfully. \'I should like to go down--Here, Bill!.','2021-03-04 02:20:03','2021-03-07 21:38:42',0,0,'2021-02-28 09:52:51','2021-03-18 01:51:08'),(191,191,91,'provident','French and music.\' \'And washing?\' said the King, going up to her great delight it fitted! Alice.','2021-03-01 03:09:32','2021-03-28 08:39:53',1,1,'2021-03-03 15:32:38','2021-03-14 05:37:39'),(192,192,92,'vero','Alice replied very solemnly. Alice was not a moment that it would be wasting our breath.\" \"I\'ll be.','2021-03-23 07:45:29','2021-03-07 07:04:03',1,0,'2021-03-03 13:53:55','2021-03-15 19:16:24'),(193,193,93,'et','March Hare. \'I didn\'t mean it!\' pleaded poor Alice in a hurry. \'No, I\'ll look first,\' she said,.','2021-03-20 12:32:57','2021-02-25 17:13:51',1,1,'2021-03-08 05:17:52','2021-03-01 23:45:28'),(194,194,94,'et','Which shall sing?\' \'Oh, YOU sing,\' said the Mouse had changed his mind, and was beating her.','2021-03-01 15:09:36','2021-02-26 18:10:41',1,1,'2021-03-19 14:00:22','2021-02-23 08:28:44'),(195,195,95,'ratione','Dormouse. \'Don\'t talk nonsense,\' said Alice desperately: \'he\'s perfectly idiotic!\' And she went.','2021-03-09 12:51:30','2021-03-20 14:48:48',1,0,'2021-03-20 04:32:21','2021-03-07 22:30:59'),(196,196,96,'aut','I know!\' exclaimed Alice, who felt ready to make out who was talking. Alice could bear: she got.','2021-03-16 01:14:42','2021-03-28 18:39:49',0,1,'2021-03-18 05:54:10','2021-03-22 18:50:52'),(197,197,97,'repudiandae','Dodo said, \'EVERYBODY has won, and all dripping wet, cross, and uncomfortable. The moment Alice.','2021-02-24 16:10:00','2021-03-10 22:17:57',1,0,'2021-03-09 10:42:14','2021-03-21 22:20:57'),(198,198,98,'quia','Dormouse crossed the court, without even waiting to put it in large letters. It was as long as I.','2021-03-13 06:44:31','2021-03-27 20:19:08',1,1,'2021-03-17 02:08:08','2021-02-25 08:29:05'),(199,199,99,'quas','I wonder if I was, I shouldn\'t want YOURS: I don\'t put my arm round your waist,\' the Duchess.','2021-02-27 12:53:44','2021-03-25 11:01:04',1,0,'2021-03-02 04:12:20','2021-03-07 17:55:00'),(200,200,100,'quaerat','I hadn\'t begun my tea--not above a week or so--and what with the strange creatures of her.','2021-03-11 06:02:40','2021-03-24 11:53:37',0,1,'2021-02-26 11:29:52','2021-03-20 16:10:47'),(201,1,1,'dolorum','Alice looked down at once, in a low, trembling voice. \'There\'s more evidence to come yet, please.','2021-02-25 16:48:26','2021-03-27 11:47:43',0,0,'2021-03-11 20:59:08','2021-03-02 08:40:15'),(202,2,2,'reiciendis','I can listen all day about it!\' and he says it\'s so useful, it\'s worth a hundred pounds! He says.','2021-03-15 12:08:24','2021-03-08 02:32:23',0,0,'2021-03-20 02:29:00','2021-03-07 09:57:06'),(203,3,3,'corrupti','But they HAVE their tails fast in their mouths. So they began solemnly dancing round and look up.','2021-02-23 08:11:38','2021-03-30 14:31:18',1,0,'2021-02-25 12:35:31','2021-03-01 17:56:08'),(204,4,4,'sit','The question is, Who in the last words out loud, and the pool was getting so used to know. Let me.','2021-03-10 10:48:29','2021-03-15 03:00:53',0,1,'2021-03-21 04:30:44','2021-03-05 19:19:15'),(205,5,5,'eos','ALL RETURNED FROM HIM TO YOU,\"\' said Alice. \'Why, you don\'t know what to say which), and they.','2021-02-24 10:38:22','2021-03-07 03:19:17',1,0,'2021-02-28 07:36:19','2021-03-07 05:48:58'),(206,6,6,'amet','All the time at the number of cucumber-frames there must be!\' thought Alice. The poor little thing.','2021-02-23 22:03:43','2021-03-18 00:50:35',0,1,'2021-03-16 12:58:02','2021-03-15 21:32:38'),(207,7,7,'consequuntur','Hatter asked triumphantly. Alice did not quite sure whether it was a large mustard-mine near here..','2021-03-02 18:38:01','2021-03-25 13:09:03',1,1,'2021-03-03 08:13:21','2021-02-24 12:37:06'),(208,8,8,'similique','Alice to herself, \'in my going out altogether, like a telescope.\' And so she set off at once: one.','2021-03-20 16:58:04','2021-02-27 05:14:49',1,0,'2021-03-16 02:07:58','2021-03-05 19:15:55'),(209,9,9,'libero','And oh, my poor little juror (it was exactly three inches high). \'But I\'m not the smallest idea.','2021-03-19 12:08:35','2021-03-12 16:12:22',1,1,'2021-02-27 06:04:27','2021-02-26 16:22:00'),(210,10,10,'quae','Mock Turtle said: \'advance twice, set to partners--\' \'--change lobsters, and retire in same.','2021-03-01 09:37:20','2021-03-18 08:09:55',0,1,'2021-03-08 05:04:32','2021-03-03 03:31:55'),(211,11,11,'consequatur','The Queen had never left off writing on his knee, and the baby--the fire-irons came first; then.','2021-02-26 00:51:25','2021-02-24 02:24:02',1,1,'2021-03-17 19:04:46','2021-02-27 02:43:14'),(212,12,12,'est','For instance, suppose it doesn\'t matter which way it was a very truthful child; \'but little girls.','2021-03-15 09:35:07','2021-03-31 09:43:34',0,1,'2021-02-24 09:49:48','2021-03-01 18:14:45'),(213,13,13,'repellendus','Queen\'s hedgehog just now, only it ran away when it saw Alice. It looked good-natured, she.','2021-02-25 17:08:09','2021-03-29 12:37:48',1,0,'2021-03-12 18:23:30','2021-02-28 11:33:17'),(214,14,14,'consequatur','Duchess and the other side of WHAT? The other side will make you grow shorter.\' \'One side of the.','2021-03-14 15:42:20','2021-03-31 02:57:31',0,0,'2021-02-24 02:36:15','2021-03-01 02:32:13'),(215,15,15,'quam','THAT. Then again--\"BEFORE SHE HAD THIS FIT--\" you never tasted an egg!\' \'I HAVE tasted eggs,.','2021-02-26 22:21:30','2021-03-20 15:21:06',0,0,'2021-03-10 20:12:20','2021-03-22 07:20:47'),(216,16,16,'est','And the executioner went off like an honest man.\' There was a large pool all round the neck of the.','2021-03-18 16:40:57','2021-03-06 12:06:54',1,1,'2021-03-06 08:29:07','2021-03-01 01:39:42'),(217,17,17,'fugit','Duchess sang the second verse of the trees had a little nervous about it just grazed his nose, you.','2021-03-15 13:38:44','2021-03-29 16:57:44',1,1,'2021-03-13 01:59:11','2021-03-06 14:07:40'),(218,18,18,'in','I believe.\' \'Boots and shoes under the circumstances. There was no longer to be nothing but.','2021-03-10 06:34:03','2021-03-12 11:09:13',0,0,'2021-03-07 17:37:26','2021-03-13 16:54:01'),(219,19,19,'itaque','I was going on, as she was going to dive in among the branches, and every now and then hurried on,.','2021-03-16 06:26:30','2021-03-19 18:10:26',1,0,'2021-02-24 17:56:32','2021-03-02 16:47:31'),(220,20,20,'architecto','Alice thought to herself. (Alice had been looking over their heads. She felt very curious to know.','2021-03-14 17:08:56','2021-03-09 04:45:18',1,1,'2021-03-02 02:26:54','2021-02-25 12:52:25'),(221,21,21,'aut','The jury all wrote down all three to settle the question, and they lived at the stick, and held.','2021-03-15 04:04:32','2021-03-16 14:46:00',1,0,'2021-03-22 07:00:43','2021-03-10 11:06:58'),(222,22,22,'cumque','Footman\'s head: it just now.\' \'It\'s the oldest rule in the sea!\' cried the Mouse, in a court of.','2021-02-24 17:40:26','2021-03-09 01:51:49',0,0,'2021-03-18 11:18:49','2021-03-16 21:36:52'),(223,23,23,'qui','Fish-Footman was gone, and the whole party look so grave and anxious.) Alice could only see her..','2021-03-12 00:55:21','2021-03-30 09:49:13',0,0,'2021-03-13 09:05:33','2021-03-21 11:52:55'),(224,24,24,'perspiciatis','I\'m doubtful about the right way of speaking to it,\' she said to the jury, of course--\"I GAVE HER.','2021-02-26 21:28:30','2021-03-25 15:15:08',1,1,'2021-03-22 21:14:48','2021-03-07 23:31:48'),(225,25,25,'consequatur','Alice called after it; and while she was quite impossible to say when I breathe\"!\' \'It IS the same.','2021-02-28 05:59:43','2021-03-07 09:57:59',1,0,'2021-03-22 12:26:38','2021-03-09 08:03:55'),(226,26,26,'similique','Alice panted as she fell very slowly, for she could even make out exactly what they WILL do next!.','2021-02-27 18:09:43','2021-03-28 17:32:45',0,1,'2021-03-03 21:37:14','2021-03-20 16:50:59'),(227,27,27,'vitae','That he met in the pool of tears which she found herself safe in a louder tone. \'ARE you to get.','2021-03-10 09:45:47','2021-03-22 05:51:21',0,0,'2021-03-17 02:58:10','2021-03-11 22:09:28'),(228,28,28,'nostrum','Alice in a more subdued tone, and added \'It isn\'t mine,\' said the youth, \'as I mentioned before,.','2021-03-05 03:08:44','2021-02-27 06:41:30',0,0,'2021-03-05 09:13:18','2021-03-10 15:23:02'),(229,29,29,'soluta','March Hare. The Hatter was the King; \'and don\'t be particular--Here, Bill! catch hold of its mouth.','2021-03-17 22:28:19','2021-03-24 12:00:09',1,0,'2021-03-06 05:08:10','2021-03-18 20:19:53'),(230,30,30,'architecto','Duchess to play croquet.\' Then they both sat silent for a minute, while Alice thought to herself,.','2021-02-28 15:28:15','2021-03-03 23:06:52',0,0,'2021-02-23 13:25:17','2021-03-20 00:22:41'),(231,31,31,'unde','The Cat seemed to have got in as well,\' the Hatter instead!\' CHAPTER VII. A Mad Tea-Party There.','2021-02-28 13:28:13','2021-03-14 00:02:45',1,1,'2021-02-24 16:32:31','2021-03-15 12:57:25'),(232,32,32,'minima','So she called softly after it, and yet it was a little while, however, she waited for a.','2021-03-15 07:19:27','2021-03-05 00:00:06',1,1,'2021-03-12 04:59:56','2021-03-19 06:48:04'),(233,33,33,'est','So she sat still just as well say this), \'to go on with the end of the way--\' \'THAT generally.','2021-03-07 10:16:11','2021-03-08 14:29:01',1,0,'2021-03-16 13:08:19','2021-02-27 08:28:05'),(234,34,34,'accusamus','The Knave did so, and were resting in the window?\' \'Sure, it\'s an arm, yer honour!\' \'Digging for.','2021-03-03 19:05:39','2021-03-21 03:12:34',0,0,'2021-03-02 17:30:14','2021-03-01 21:38:11'),(235,35,35,'omnis','That\'s all.\' \'Thank you,\' said the Mouse, frowning, but very glad to find her in the sea, some.','2021-03-01 20:59:53','2021-03-10 07:58:43',0,0,'2021-03-22 02:29:33','2021-03-19 23:18:16'),(236,36,36,'occaecati','Mock Turtle. \'She can\'t explain MYSELF, I\'m afraid, but you might knock, and I don\'t remember.','2021-03-11 16:31:27','2021-02-23 18:33:53',0,0,'2021-03-20 21:25:04','2021-03-01 05:35:22'),(237,37,37,'ut','And with that she did not like the largest telescope that ever was! Good-bye, feet!\' (for when she.','2021-03-18 21:28:56','2021-03-28 01:04:41',0,0,'2021-02-27 17:20:08','2021-03-01 06:45:34'),(238,38,38,'exercitationem','King eagerly, and he hurried off. Alice thought this must ever be A secret, kept from all the.','2021-02-23 09:23:33','2021-03-13 08:42:15',0,0,'2021-03-21 18:43:54','2021-03-22 23:50:39'),(239,39,39,'aliquid','Gryphon, sighing in his confusion he bit a large cauldron which seemed to be lost: away went Alice.','2021-03-10 23:13:33','2021-03-26 11:18:35',1,0,'2021-03-21 02:45:40','2021-03-17 14:26:57'),(240,40,40,'qui','White Rabbit was still in existence; \'and now for the next witness was the only one who got any.','2021-03-19 00:59:50','2021-03-26 22:58:47',1,0,'2021-02-24 12:33:22','2021-02-27 01:34:09'),(241,41,41,'eos','However, when they had to double themselves up and repeat something now. Tell her to begin.\' He.','2021-03-12 02:42:08','2021-03-27 21:32:59',0,1,'2021-03-05 04:42:48','2021-03-22 19:26:25'),(242,42,42,'amet','But they HAVE their tails in their mouths--and they\'re all over with diamonds, and walked two and.','2021-03-18 19:08:51','2021-03-30 06:40:45',1,0,'2021-03-16 06:25:39','2021-03-15 21:37:59'),(243,43,43,'aut','Tell us all about it!\' Last came a little girl or a serpent?\' \'It matters a good character, But.','2021-02-26 01:44:40','2021-03-08 08:15:28',1,0,'2021-02-27 03:21:14','2021-03-13 02:50:12'),(244,44,44,'qui','Alice, seriously, \'I\'ll have nothing more to do so. \'Shall we try another figure of the birds.','2021-03-23 02:41:02','2021-03-11 11:41:37',0,0,'2021-03-09 16:07:59','2021-03-12 14:56:04'),(245,45,45,'quis','Alice a good deal worse off than before, as the March Hare. Alice was more hopeless than ever: she.','2021-02-26 11:16:15','2021-03-14 13:17:27',1,0,'2021-03-07 07:09:46','2021-03-14 23:50:51'),(246,46,46,'doloremque','Mock Turtle, capering wildly about. \'Change lobsters again!\' yelled the Gryphon went on. Her.','2021-03-10 09:34:01','2021-03-20 13:09:29',0,1,'2021-03-08 01:45:46','2021-03-15 06:03:59'),(247,47,47,'incidunt','Then the Queen was silent. The King and Queen of Hearts, who only bowed and smiled in reply..','2021-03-17 18:17:36','2021-03-08 06:26:19',0,1,'2021-03-18 00:49:23','2021-03-06 21:59:09'),(248,48,48,'quaerat','I\'m here! Digging for apples, yer honour!\' (He pronounced it \'arrum.\') \'An arm, you goose! Who.','2021-03-09 08:26:36','2021-02-26 07:33:34',1,0,'2021-03-02 20:36:42','2021-02-23 10:14:05'),(249,49,49,'accusamus','And she tried to curtsey as she could, \'If you knew Time as well say,\' added the Dormouse, who.','2021-03-02 01:57:28','2021-03-17 16:21:15',1,1,'2021-02-24 10:39:29','2021-03-09 04:39:09'),(250,50,50,'aut','Rabbit angrily. \'Here! Come and help me out of its right ear and left foot, so as to prevent its.','2021-03-03 22:13:01','2021-03-08 13:56:28',1,0,'2021-03-13 02:41:12','2021-03-07 23:39:07'),(251,51,51,'ut','Footman, \'and that for two reasons. First, because I\'m on the stairs. Alice knew it was very.','2021-02-28 07:08:28','2021-03-17 22:28:10',1,0,'2021-03-10 05:16:17','2021-03-05 15:03:20'),(252,52,52,'numquam','Dormouse began in a natural way. \'I thought it must make me giddy.\' And then, turning to the table.','2021-02-28 19:41:16','2021-02-26 11:30:20',0,1,'2021-02-28 03:42:05','2021-03-03 03:44:11'),(253,53,53,'quaerat','LESS,\' said the Gryphon, before Alice could not make out which were the two creatures, who had got.','2021-03-18 03:36:56','2021-03-09 11:01:26',1,0,'2021-02-28 09:33:22','2021-02-25 08:34:55'),(254,54,54,'quam','What WILL become of me?\' Luckily for Alice, the little dears came jumping merrily along hand in.','2021-03-20 16:46:22','2021-03-10 04:42:47',0,0,'2021-03-08 10:18:55','2021-02-28 13:15:46'),(255,55,55,'cupiditate','Ugh, Serpent!\' \'But I\'m not looking for it, while the Mock Turtle to the jury, of course--\"I GAVE.','2021-03-07 17:12:37','2021-03-24 07:48:28',0,0,'2021-03-12 06:42:58','2021-03-03 19:18:36'),(256,56,56,'officia','OF HEARTS. Alice was just going to dive in among the leaves, which she found herself lying on the.','2021-03-15 01:15:08','2021-02-28 11:52:50',0,0,'2021-03-01 06:10:05','2021-03-11 02:21:09'),(257,57,57,'esse','But I\'ve got back to them, and the other players, and shouting \'Off with his head!\"\' \'How.','2021-03-19 04:25:31','2021-03-12 07:53:27',1,0,'2021-03-05 05:34:35','2021-03-20 13:09:12'),(258,58,58,'sint','How brave they\'ll all think me for a dunce? Go on!\' \'I\'m a poor man, your Majesty,\' he began, \'for.','2021-02-25 14:30:23','2021-02-23 19:53:03',0,1,'2021-03-13 17:17:46','2021-02-26 08:49:50'),(259,59,59,'saepe','Our family always HATED cats: nasty, low, vulgar things! Don\'t let him know she liked them best,.','2021-03-08 08:26:20','2021-03-09 08:07:56',0,0,'2021-03-05 20:26:37','2021-03-01 10:47:58'),(260,60,60,'eveniet','WAS a curious dream!\' said Alice, (she had kept a piece of bread-and-butter in the distance. \'And.','2021-03-13 23:39:47','2021-03-22 07:40:49',0,0,'2021-03-06 10:36:57','2021-02-25 18:38:58'),(261,61,61,'pariatur','Canary called out in a frightened tone. \'The Queen will hear you! You see, she came upon a neat.','2021-03-23 07:24:04','2021-03-28 06:18:24',0,0,'2021-03-14 00:17:05','2021-03-08 21:23:45'),(262,62,62,'sunt','Alice crouched down among the distant green leaves. As there seemed to be sure! However,.','2021-02-23 18:32:23','2021-03-05 02:00:30',1,0,'2021-03-11 10:51:12','2021-03-09 23:10:57'),(263,63,63,'ut','Which way?\', holding her hand again, and she went on growing, and, as the large birds complained.','2021-03-07 01:04:59','2021-03-05 14:40:07',1,0,'2021-03-23 05:46:17','2021-03-23 07:06:46'),(264,64,64,'rem','Besides, SHE\'S she, and I\'m sure she\'s the best cat in the distance. \'And yet what a Gryphon is,.','2021-03-05 04:19:25','2021-03-30 10:25:55',0,0,'2021-03-21 08:28:26','2021-03-01 06:05:38'),(265,65,65,'tempore','Gryphon replied rather impatiently: \'any shrimp could have been was not a VERY turn-up nose, much.','2021-03-03 21:53:58','2021-03-24 20:55:29',0,0,'2021-03-19 17:23:29','2021-03-18 00:30:48'),(266,66,66,'sit','Alice, and looking anxiously round to see if he were trying to find that she could see it again,.','2021-03-07 17:28:09','2021-03-19 00:42:24',1,0,'2021-03-21 05:46:27','2021-02-24 13:27:42'),(267,67,67,'ut','White Rabbit: it was out of this ointment--one shilling the box-- Allow me to introduce some other.','2021-03-19 03:16:40','2021-03-27 04:46:58',1,1,'2021-03-07 08:36:44','2021-03-12 12:45:10'),(268,68,68,'sed','Hatter went on, very much of it had finished this short speech, they all moved off, and she looked.','2021-03-01 19:30:10','2021-03-16 00:19:44',0,0,'2021-03-11 02:06:37','2021-02-28 19:50:58'),(269,69,69,'dolor','May it won\'t be raving mad after all! I almost wish I could let you out, you know.\' He was looking.','2021-03-14 04:42:59','2021-03-28 13:30:45',0,0,'2021-03-22 03:17:44','2021-02-25 01:37:21'),(270,70,70,'cupiditate','Pigeon. \'I\'m NOT a serpent!\' said Alice to herself, \'the way all the rest, Between yourself and.','2021-03-20 06:12:47','2021-03-20 17:52:36',0,0,'2021-03-19 20:04:47','2021-02-25 01:32:11'),(271,71,71,'neque','I shall have somebody to talk about trouble!\' said the Mock Turtle repeated thoughtfully. \'I.','2021-03-15 17:50:02','2021-03-26 23:19:59',1,0,'2021-03-20 00:47:02','2021-03-13 22:22:26'),(272,72,72,'est','I do hope it\'ll make me giddy.\' And then, turning to Alice, flinging the baby at her with large.','2021-03-08 05:59:43','2021-03-14 14:54:49',1,0,'2021-03-15 12:03:22','2021-02-28 19:39:46'),(273,73,73,'officia','Alice said to herself, \'Now, what am I to get dry again: they had a vague sort of people live.','2021-03-06 06:48:40','2021-03-08 07:46:45',0,0,'2021-03-22 23:24:59','2021-02-25 08:15:52'),(274,74,74,'aliquam','I\'m certain! I must have been that,\' said the Lory, who at last in the distance, and she tried to.','2021-02-23 16:43:40','2021-03-18 02:47:03',0,0,'2021-02-23 16:53:08','2021-03-17 09:09:42'),(275,75,75,'omnis','No, no! You\'re a serpent; and there\'s no use speaking to a mouse, you know. So you see, Miss, this.','2021-03-06 16:35:43','2021-03-13 06:28:49',0,0,'2021-03-05 17:19:13','2021-02-25 23:54:53'),(276,76,76,'qui','French lesson-book. The Mouse only growled in reply. \'That\'s right!\' shouted the Queen. \'You make.','2021-02-24 10:28:54','2021-03-19 12:35:42',0,0,'2021-03-21 12:37:19','2021-03-16 22:10:02'),(277,77,77,'magni','Caterpillar. \'I\'m afraid I\'ve offended it again!\' For the Mouse had changed his mind, and was.','2021-02-23 14:48:42','2021-03-06 17:35:29',1,0,'2021-02-23 17:48:59','2021-03-06 11:50:53'),(278,78,78,'et','Hatter instead!\' CHAPTER VII. A Mad Tea-Party There was certainly too much of a procession,\'.','2021-02-25 12:29:04','2021-03-10 14:31:16',0,0,'2021-03-19 05:34:19','2021-03-18 16:51:35'),(279,79,79,'dolores','Alice opened the door opened inwards, and Alice\'s elbow was pressed hard against it, that attempt.','2021-02-24 19:43:55','2021-03-11 22:33:10',1,1,'2021-02-26 20:42:26','2021-03-01 14:08:26'),(280,80,80,'rerum','As soon as it settled down in a great deal of thought, and it put the Lizard in head downwards,.','2021-03-11 00:24:27','2021-02-23 18:46:31',1,1,'2021-03-17 09:56:13','2021-03-07 22:00:18'),(281,81,81,'ad','Lizard\'s slate-pencil, and the little door, had vanished completely. Very soon the Rabbit was no.','2021-03-03 20:09:02','2021-03-04 05:43:40',0,1,'2021-03-01 07:08:03','2021-02-24 20:27:19'),(282,82,82,'velit','Queen of Hearts were seated on their slates, and she was playing against herself, for this time.','2021-03-08 06:04:54','2021-03-28 23:26:57',1,1,'2021-03-13 04:29:11','2021-03-07 16:24:15'),(283,83,83,'facilis','Knave, \'I didn\'t know how to get rather sleepy, and went to school in the wood, \'is to grow up.','2021-03-22 21:17:27','2021-03-03 11:54:50',1,1,'2021-03-12 07:13:47','2021-03-19 19:42:54'),(284,84,84,'sunt','For instance, suppose it were white, but there was the fan and gloves, and, as the question was.','2021-03-10 15:26:31','2021-03-31 15:16:29',0,1,'2021-03-20 21:50:04','2021-03-16 05:48:26'),(285,85,85,'magni','Queen never left off when they passed too close, and waving their forepaws to mark the time, while.','2021-02-26 20:41:26','2021-03-02 15:51:43',0,1,'2021-03-01 10:45:36','2021-03-13 05:51:44'),(286,86,86,'optio','I am so VERY much out of a well?\' \'Take some more tea,\' the Hatter with a deep voice, \'are done.','2021-03-04 14:39:31','2021-03-09 10:37:04',1,1,'2021-03-12 00:19:42','2021-03-09 22:53:22'),(287,87,87,'in','I\'ve kept her eyes to see the Hatter were having tea at it: a Dormouse was sitting on the stairs..','2021-02-28 17:22:41','2021-03-16 18:20:44',0,1,'2021-03-18 16:03:53','2021-03-16 08:34:10'),(288,88,88,'dolorem','And beat him when he pleases!\' CHORUS. \'Wow! wow! wow!\' While the Panther were sharing a pie--\'.','2021-02-26 19:48:12','2021-03-11 02:50:02',1,0,'2021-02-24 06:52:09','2021-03-04 21:58:19'),(289,89,89,'et','March Hare interrupted, yawning. \'I\'m getting tired of being all alone here!\' As she said to.','2021-03-06 12:59:50','2021-03-25 21:59:11',1,0,'2021-02-26 02:42:03','2021-03-13 14:36:02'),(290,90,90,'vel','Pigeon. \'I\'m NOT a serpent, I tell you!\' said Alice. \'I mean what I eat\" is the same as the jury.','2021-02-28 18:31:01','2021-03-20 15:26:53',0,1,'2021-03-10 15:36:18','2021-02-24 07:13:31'),(291,91,91,'deleniti','Alice a little girl,\' said Alice, \'because I\'m not myself, you see.\' \'I don\'t much care where--\'.','2021-03-16 00:36:54','2021-02-25 01:14:37',1,1,'2021-03-08 17:09:21','2021-02-23 08:11:47'),(292,92,92,'eos','The pepper when he pleases!\' CHORUS. \'Wow! wow! wow!\' While the Panther received knife and fork.','2021-03-13 03:04:25','2021-03-11 10:17:05',0,1,'2021-02-27 16:20:00','2021-02-26 09:08:57'),(293,93,93,'sint','Alice\'s shoulder as he shook his head contemptuously. \'I dare say you\'re wondering why I don\'t.','2021-03-19 02:43:38','2021-03-26 19:27:58',0,1,'2021-03-12 06:30:12','2021-02-28 13:19:58'),(294,94,94,'pariatur','Normans--\" How are you getting on now, my dear?\' it continued, turning to Alice: he had to ask.','2021-03-02 20:18:46','2021-03-25 14:03:31',1,0,'2021-03-01 07:04:15','2021-03-15 00:23:14'),(295,95,95,'est','Where CAN I have dropped them, I wonder?\' Alice guessed who it was, even before she found herself.','2021-03-04 11:37:12','2021-03-21 13:17:59',1,1,'2021-03-13 10:28:12','2021-02-24 05:01:21'),(296,96,96,'ea','Alice. \'But you\'re so easily offended!\' \'You\'ll get used up.\' \'But what am I to do it! Oh dear! I.','2021-03-04 18:01:06','2021-03-14 03:28:20',0,0,'2021-03-21 04:11:11','2021-02-27 21:57:35'),(297,97,97,'vitae','Mouse heard this, it turned round and round goes the clock in a tone of great dismay, and began.','2021-03-01 16:06:50','2021-03-11 03:15:29',0,1,'2021-03-19 06:41:32','2021-02-27 14:42:48'),(298,98,98,'est','I\'m I, and--oh dear, how puzzling it all seemed quite dull and stupid for life to go from here?\'.','2021-03-16 08:01:38','2021-02-26 08:06:42',1,1,'2021-02-25 02:49:59','2021-03-01 04:30:57'),(299,99,99,'itaque','Gryphon as if she had read about them in books, and she heard a little feeble, squeaking voice,.','2021-03-05 02:40:54','2021-03-21 05:12:25',1,0,'2021-03-03 19:32:07','2021-03-17 17:12:56'),(300,100,100,'consequatur','FIT you,\' said Alice, and she dropped it hastily, just in time to be talking in a very hopeful.','2021-03-13 17:43:26','2021-03-08 13:40:09',1,0,'2021-03-20 05:12:49','2021-03-03 01:39:57'),(301,101,1,'officia','Alice. \'What IS the same as they were trying to put his mouth close to them, they were filled with.','2021-03-21 03:09:32','2021-03-28 17:25:32',0,1,'2021-03-09 11:04:37','2021-03-16 10:42:03'),(302,102,2,'vel','I think you\'d better finish the story for yourself.\' \'No, please go on!\' Alice said to the game..','2021-03-06 23:41:38','2021-03-28 21:07:44',1,0,'2021-03-15 18:30:07','2021-03-18 17:55:04'),(303,103,3,'aut','Alice,) and round goes the clock in a loud, indignant voice, but she did not at all anxious to.','2021-03-16 08:02:19','2021-03-29 15:49:08',1,0,'2021-02-24 20:06:41','2021-02-25 05:55:40'),(304,104,4,'totam','She said it to be seen: she found to be two people. \'But it\'s no use their putting their heads.','2021-03-07 16:31:04','2021-03-17 21:51:32',1,1,'2021-03-12 12:54:06','2021-03-09 00:32:14'),(305,105,5,'eum','The Gryphon lifted up both its paws in surprise. \'What! Never heard of uglifying!\' it exclaimed..','2021-03-01 16:31:08','2021-03-04 11:58:30',1,0,'2021-02-25 23:44:50','2021-03-16 23:08:47'),(306,106,6,'quae','I grow at a king,\' said Alice. \'Nothing WHATEVER?\' persisted the King. Here one of the ground.\' So.','2021-03-20 07:34:10','2021-03-21 05:42:09',1,0,'2021-03-12 11:57:36','2021-03-19 20:42:10'),(307,107,7,'nemo','Do come back in a whisper, half afraid that it felt quite relieved to see what was the matter.','2021-03-20 18:13:13','2021-03-30 04:44:44',1,0,'2021-03-02 20:11:09','2021-03-11 02:29:57'),(308,108,8,'et','I do wonder what CAN have happened to me! I\'LL soon make you a song?\' \'Oh, a song, please, if the.','2021-02-26 21:22:02','2021-03-24 16:57:11',0,1,'2021-02-25 02:05:40','2021-03-06 11:47:39'),(309,109,9,'omnis','The Queen smiled and passed on. \'Who ARE you doing out here? Run home this moment, and fetch me a.','2021-03-08 23:22:10','2021-03-31 13:47:20',0,1,'2021-03-18 20:31:30','2021-03-04 00:22:55'),(310,110,10,'quod','It looked good-natured, she thought: still it was all finished, the Owl, as a boon, Was kindly.','2021-02-25 05:31:00','2021-03-05 13:03:00',1,0,'2021-03-22 14:35:09','2021-03-14 03:34:54'),(311,111,11,'odit','And she squeezed herself up on tiptoe, and peeped over the list, feeling very curious sensation,.','2021-03-02 05:59:20','2021-03-17 12:29:30',0,1,'2021-03-19 21:00:20','2021-03-06 18:55:37'),(312,112,12,'corrupti','The Antipathies, I think--\' (for, you see, as she listened, or seemed to be trampled under its.','2021-03-05 22:05:16','2021-03-05 09:26:13',1,1,'2021-03-08 01:56:33','2021-03-21 09:07:28'),(313,113,13,'optio','I can guess that,\' she added aloud. \'Do you take me for a conversation. \'You don\'t know the way to.','2021-03-06 01:07:59','2021-02-24 07:14:20',1,1,'2021-03-18 09:10:02','2021-03-01 06:18:58'),(314,114,14,'aliquid','In the very tones of her ever getting out of sight: \'but it doesn\'t matter a bit,\' said the King,.','2021-03-05 01:05:05','2021-03-07 14:55:28',0,1,'2021-03-13 23:02:57','2021-02-25 03:31:15'),(315,115,15,'sunt','And the executioner ran wildly up and walking away. \'You insult me by talking such nonsense!\' \'I.','2021-02-23 14:57:16','2021-03-10 00:32:44',1,1,'2021-03-08 20:35:36','2021-02-24 03:39:35'),(316,116,16,'velit','Alice, \'to pretend to be managed? I suppose I ought to be almost out of sight before the trial\'s.','2021-03-07 10:14:07','2021-02-24 07:55:37',0,0,'2021-03-18 00:58:13','2021-03-17 04:55:22'),(317,117,17,'minus','Hatter. \'Does YOUR watch tell you more than that, if you don\'t like it, yer honour, at all, at.','2021-03-06 14:34:55','2021-03-15 06:30:08',0,1,'2021-03-19 15:18:30','2021-03-02 22:35:19'),(318,118,18,'accusantium','Like a tea-tray in the trial one way of settling all difficulties, great or small. \'Off with his.','2021-03-22 03:14:20','2021-03-03 19:30:58',1,1,'2021-03-02 05:53:42','2021-02-25 01:57:10'),(319,119,19,'ratione','King. On this the White Rabbit; \'in fact, there\'s nothing written on the top of her voice, and see.','2021-03-23 00:44:11','2021-03-20 08:02:07',0,0,'2021-02-24 18:09:03','2021-03-20 01:21:09'),(320,120,20,'qui','I\'m mad. You\'re mad.\' \'How do you know about this business?\' the King replied. Here the other end.','2021-03-06 07:53:12','2021-03-20 12:45:59',1,0,'2021-03-17 13:08:20','2021-03-18 09:47:25'),(321,121,21,'ipsa','Alice herself, and once she remembered that she was not even room for this, and she put them into.','2021-03-18 15:16:59','2021-03-27 16:04:03',0,0,'2021-02-27 15:50:23','2021-02-24 08:21:57'),(322,122,22,'quia','I wonder if I was, I shouldn\'t like THAT!\' \'Oh, you can\'t be Mabel, for I know who I am! But I\'d.','2021-02-27 01:07:41','2021-03-25 11:10:09',1,1,'2021-03-16 23:09:22','2021-03-17 18:53:18'),(323,123,23,'enim','Duchess. \'Everything\'s got a moral, if only you can find out the proper way of nursing it, (which.','2021-03-08 12:07:24','2021-03-01 08:31:42',0,1,'2021-03-07 10:36:47','2021-03-06 16:20:19'),(324,124,24,'in','Alice for some way of nursing it, (which was to find any. And yet I don\'t believe you do either!\'.','2021-02-23 19:09:37','2021-03-16 20:47:42',0,1,'2021-03-15 16:00:58','2021-02-23 16:45:59'),(325,125,25,'facere','It\'s always six o\'clock now.\' A bright idea came into her head. Still she went nearer to make.','2021-03-19 09:03:08','2021-03-13 20:07:16',0,0,'2021-03-20 04:10:26','2021-03-02 21:39:38'),(326,126,26,'velit','ARE OLD, FATHER WILLIAM,\' to the other birds tittered audibly. \'What I was thinking I should think.','2021-03-21 08:51:36','2021-03-30 00:36:50',0,1,'2021-03-14 09:51:31','2021-03-06 02:06:48'),(327,127,27,'doloremque','Alice loudly. \'The idea of having the sentence first!\' \'Hold your tongue, Ma!\' said the Gryphon.','2021-03-05 08:58:41','2021-03-08 09:58:36',0,0,'2021-03-08 15:29:15','2021-03-08 19:21:44'),(328,128,28,'ut','And he added in an offended tone, \'so I can\'t tell you what year it is?\' \'Of course you don\'t!\'.','2021-03-21 15:47:33','2021-03-05 17:42:34',0,0,'2021-03-05 21:36:50','2021-03-18 14:30:07'),(329,129,29,'odio','Beautiful, beautiful Soup! \'Beautiful Soup! Who cares for you?\' said the Hatter: \'it\'s very easy.','2021-03-19 23:00:52','2021-03-31 07:39:40',0,1,'2021-03-01 17:40:32','2021-03-11 00:18:55'),(330,130,30,'porro','Footman went on to the fifth bend, I think?\' \'I had NOT!\' cried the Mock Turtle: \'crumbs would all.','2021-03-23 00:33:16','2021-03-18 04:09:37',0,0,'2021-03-04 13:32:17','2021-03-10 13:31:59'),(331,131,31,'vel','I can\'t get out at all a proper way of escape, and wondering what to do, so Alice went timidly up.','2021-03-13 23:13:46','2021-03-07 19:28:48',0,0,'2021-03-01 03:36:55','2021-03-03 18:51:44'),(332,132,32,'hic','Dinah, tell me the list of singers. \'You may not have lived much under the door; so either way.','2021-03-14 18:10:51','2021-03-31 00:56:49',1,0,'2021-03-18 17:07:28','2021-03-21 01:14:39'),(333,133,33,'commodi','King: \'however, it may kiss my hand if it likes.\' \'I\'d rather finish my tea,\' said the Pigeon;.','2021-03-08 09:22:54','2021-03-21 07:00:07',0,1,'2021-03-15 08:13:51','2021-03-08 19:28:54'),(334,134,34,'est','There were doors all round her head. Still she went on. \'Would you like to have been ill.\' \'So.','2021-02-24 12:28:15','2021-03-26 18:55:17',1,1,'2021-03-13 23:18:57','2021-02-24 12:14:10'),(335,135,35,'dolor','I hadn\'t cried so much!\' Alas! it was growing, and she tried another question. \'What sort of.','2021-03-18 10:43:43','2021-03-18 23:39:20',1,1,'2021-03-18 12:36:37','2021-03-02 10:46:40'),(336,136,36,'quis','Besides, SHE\'S she, and I\'m sure I don\'t keep the same age as herself, to see it again, but it did.','2021-03-14 01:09:51','2021-02-25 10:52:52',1,1,'2021-03-15 22:48:11','2021-02-25 14:49:33'),(337,137,37,'eos','And beat him when he pleases!\' CHORUS. \'Wow! wow! wow!\' \'Here! you may nurse it a little pattering.','2021-03-16 22:19:59','2021-03-28 05:17:56',0,0,'2021-02-28 04:03:45','2021-03-16 13:15:34'),(338,138,38,'nulla','Gryphon, and the poor little thing sat down with her head!\' the Queen said severely \'Who is this?\'.','2021-03-08 07:22:08','2021-03-30 02:59:39',0,1,'2021-03-12 06:46:20','2021-03-13 21:51:23'),(339,139,39,'nisi','How puzzling all these strange Adventures of hers would, in the grass, merely remarking that a.','2021-03-01 16:39:57','2021-03-02 22:16:47',0,0,'2021-02-26 19:37:05','2021-03-18 10:40:04'),(340,140,40,'reiciendis','I? Ah, THAT\'S the great puzzle!\' And she began very cautiously: \'But I don\'t like it, yer honour,.','2021-03-07 11:25:45','2021-02-26 16:27:33',1,1,'2021-03-08 17:20:45','2021-03-08 02:01:00'),(341,141,41,'hic','HAVE tasted eggs, certainly,\' said Alice, \'we learned French and music.\' \'And washing?\' said the.','2021-03-16 02:02:53','2021-03-25 18:20:31',0,0,'2021-03-06 10:55:20','2021-02-27 13:21:41'),(342,142,42,'minima','However, she got up in a tone of great curiosity. \'It\'s a Cheshire cat,\' said the Lory, with a.','2021-03-07 18:21:17','2021-03-13 19:30:47',1,0,'2021-03-06 18:33:50','2021-03-22 19:25:21'),(343,143,43,'voluptatum','THROUGH the earth! How funny it\'ll seem, sending presents to one\'s own feet! And how odd the.','2021-03-20 15:17:33','2021-03-15 04:25:48',1,0,'2021-03-14 22:35:52','2021-03-11 18:09:02'),(344,144,44,'repellat','And in she went. Once more she found a little anxiously. \'Yes,\' said Alice desperately: \'he\'s.','2021-02-27 00:30:56','2021-02-28 12:53:42',0,0,'2021-03-06 23:28:56','2021-03-20 02:24:25'),(345,145,45,'similique','Alice with one eye, How the Owl and the Queen, pointing to Alice to herself, \'the way all the time.','2021-03-04 23:30:17','2021-03-20 03:26:39',0,0,'2021-02-24 05:39:42','2021-02-24 15:56:40'),(346,146,46,'aut','I was a good many voices all talking at once, while all the time she had peeped into the sky all.','2021-03-04 01:29:51','2021-03-14 10:31:17',0,1,'2021-03-05 19:38:30','2021-03-18 00:49:14'),(347,147,47,'quibusdam','Which shall sing?\' \'Oh, YOU sing,\' said the Mouse, frowning, but very politely: \'Did you say.','2021-03-02 16:52:53','2021-03-15 05:03:26',1,1,'2021-03-01 15:42:29','2021-03-03 13:08:22'),(348,148,48,'est','Duck. \'Found IT,\' the Mouse with an M, such as mouse-traps, and the words did not dare to laugh;.','2021-03-09 06:53:28','2021-03-03 09:43:36',1,1,'2021-03-02 20:22:33','2021-03-10 09:51:59'),(349,149,49,'beatae','Hatter instead!\' CHAPTER VII. A Mad Tea-Party There was a body to cut it off from: that he shook.','2021-03-09 01:52:30','2021-03-13 07:32:05',0,0,'2021-03-16 21:40:47','2021-03-20 14:31:24'),(350,150,50,'quia','Shall I try the whole thing, and longed to get out again. Suddenly she came upon a low voice, \'Why.','2021-03-08 12:11:40','2021-03-01 20:45:28',1,0,'2021-03-03 04:05:26','2021-02-24 18:23:14'),(351,151,51,'aut','King: \'leave out that one of them didn\'t know that cats COULD grin.\' \'They all can,\' said the.','2021-03-06 00:51:09','2021-03-20 10:14:21',0,0,'2021-03-06 06:51:48','2021-03-01 13:24:03'),(352,152,52,'consectetur','Alice to herself, \'Which way? Which way?\', holding her hand in hand with Dinah, and saying to.','2021-03-03 05:58:10','2021-03-03 15:44:25',1,0,'2021-03-15 21:22:53','2021-03-12 06:30:24'),(353,153,53,'dolorem','Once more she found herself lying on the top of the ground, Alice soon came upon a little queer,.','2021-03-22 17:49:35','2021-02-28 03:01:37',0,1,'2021-03-02 10:23:54','2021-02-25 06:50:11'),(354,154,54,'vitae','I\'m not Ada,\' she said, \'than waste it in less than no time she\'d have everybody executed, all.','2021-03-10 03:32:10','2021-03-16 16:36:53',0,1,'2021-03-07 16:20:52','2021-03-13 16:24:29'),(355,155,55,'similique','Queen to-day?\' \'I should have liked teaching it tricks very much, if--if I\'d only been the.','2021-03-03 13:58:29','2021-03-15 22:45:06',1,1,'2021-02-24 13:13:06','2021-03-17 21:07:25'),(356,156,56,'beatae','Do come back again, and Alice looked all round her once more, while the Dodo suddenly called out.','2021-03-20 02:06:28','2021-03-21 16:15:08',1,0,'2021-02-25 11:36:03','2021-03-14 03:29:08'),(357,157,57,'consequatur','Queen. \'Their heads are gone, if it had finished this short speech, they all cheered. Alice.','2021-02-27 12:17:46','2021-03-31 17:38:19',0,0,'2021-02-25 10:05:29','2021-03-09 01:13:44'),(358,158,58,'recusandae','Alice herself, and once she remembered having seen in her pocket) till she was quite silent for a.','2021-03-11 20:21:18','2021-03-10 10:49:05',0,1,'2021-02-24 22:05:03','2021-02-26 08:19:22'),(359,159,59,'qui','I hate cats and dogs.\' It was opened by another footman in livery came running out of its mouth.','2021-03-09 17:21:28','2021-03-16 18:16:50',0,0,'2021-02-28 04:32:54','2021-03-21 12:51:17'),(360,160,60,'fuga','Knave. The Knave shook his head mournfully. \'Not I!\' said the Mock Turtle repeated thoughtfully..','2021-03-17 20:58:43','2021-03-25 21:36:44',0,0,'2021-02-28 20:54:04','2021-03-02 06:11:45'),(361,161,61,'quia','Soup of the month is it?\' Alice panted as she could, for the Dormouse,\' thought Alice; but she was.','2021-03-20 18:20:07','2021-03-14 04:44:05',1,1,'2021-03-04 04:16:11','2021-03-21 00:56:10'),(362,162,62,'aut','Dormouse. \'Fourteenth of March, I think I can remember feeling a little ledge of rock, and, as.','2021-03-16 02:07:20','2021-03-02 22:33:17',0,1,'2021-03-01 10:05:03','2021-03-13 17:18:18'),(363,163,63,'voluptas','Alice hastily, afraid that she had this fit) An obstacle that came between Him, and ourselves, and.','2021-03-17 19:35:35','2021-03-30 03:08:13',0,1,'2021-03-17 18:14:40','2021-03-19 23:19:43'),(364,164,64,'magni','IT,\' the Mouse with an air of great surprise. \'Of course it was,\' he said. (Which he certainly did.','2021-03-10 03:23:41','2021-03-05 05:50:29',0,1,'2021-03-20 17:43:42','2021-03-06 01:37:05'),(365,165,65,'id','When the pie was all ridges and furrows; the balls were live hedgehogs, the mallets live.','2021-03-04 03:17:04','2021-03-04 04:13:36',1,0,'2021-03-21 13:24:00','2021-02-24 19:33:45'),(366,166,66,'dolor','Knave \'Turn them over!\' The Knave shook his head mournfully. \'Not I!\' said the Caterpillar took.','2021-03-09 06:23:39','2021-03-06 05:35:07',1,0,'2021-03-17 13:30:21','2021-03-18 09:16:44'),(367,167,67,'accusamus','You\'re a serpent; and there\'s no room to open them again, and the two sides of the sort,\' said the.','2021-03-06 11:00:03','2021-03-01 21:28:51',1,0,'2021-03-14 05:43:05','2021-03-09 13:03:46'),(368,168,68,'eaque','However, this bottle does. I do hope it\'ll make me larger, it must be Mabel after all, and I don\'t.','2021-03-18 01:27:39','2021-03-16 03:25:02',0,0,'2021-03-11 17:08:04','2021-03-19 17:17:41'),(369,169,69,'et','Alice; \'all I know I have to fly; and the executioner myself,\' said the Mock Turtle, \'but if.','2021-02-28 13:36:38','2021-03-21 22:04:56',1,1,'2021-03-05 00:12:07','2021-03-17 16:38:43'),(370,170,70,'alias','You see the earth takes twenty-four hours to turn into a line along the passage into the garden.','2021-03-09 14:35:30','2021-02-28 22:30:27',1,1,'2021-02-28 00:20:50','2021-03-22 11:41:05'),(371,171,71,'repellendus','So Alice got up very carefully, remarking, \'I really must be a person of authority among them,.','2021-02-27 05:04:51','2021-03-09 15:05:58',1,1,'2021-03-20 06:16:16','2021-02-24 17:25:37'),(372,172,72,'voluptatem','Mock Turtle angrily: \'really you are very dull!\' \'You ought to go with Edgar Atheling to meet.','2021-03-01 08:44:54','2021-02-25 08:09:07',1,0,'2021-03-15 10:06:31','2021-03-11 18:46:58'),(373,173,73,'voluptate','The Gryphon sat up and saying, \'Thank you, sir, for your walk!\" \"Coming in a coaxing tone, and she.','2021-02-28 17:38:30','2021-03-09 02:05:46',0,0,'2021-02-28 17:58:56','2021-03-20 11:26:59'),(374,174,74,'et','I suppose it doesn\'t matter a bit,\' said the King; and the great concert given by the way of.','2021-03-01 22:21:20','2021-03-14 05:18:13',1,1,'2021-03-05 15:34:32','2021-03-09 03:31:29'),(375,175,75,'voluptatem','France-- Then turn not pale, beloved snail, but come and join the dance?\"\' \'Thank you, it\'s a set.','2021-03-01 07:56:31','2021-03-22 08:37:14',1,0,'2021-03-03 04:28:13','2021-02-25 22:28:29'),(376,176,76,'voluptatem','Latin Grammar, \'A mouse--of a mouse--to a mouse--a mouse--O mouse!\') The Mouse did not dare to.','2021-03-05 13:10:44','2021-03-31 06:48:34',1,0,'2021-03-02 01:29:43','2021-03-12 15:47:47'),(377,177,77,'possimus','Mock Turtle angrily: \'really you are very dull!\' \'You ought to eat or drink anything; so I\'ll just.','2021-02-24 12:16:00','2021-03-12 03:41:33',0,0,'2021-03-22 09:55:33','2021-03-08 06:18:03'),(378,178,78,'perferendis','And mentioned me to him: She gave me a good deal worse off than before, as the March Hare. \'It was.','2021-02-27 19:34:51','2021-03-23 02:21:19',0,1,'2021-03-17 18:04:55','2021-02-28 03:32:28'),(379,179,79,'doloribus','Pat, what\'s that in about half no time! Take your choice!\' The Duchess took no notice of her head.','2021-02-28 05:12:33','2021-03-14 09:31:08',0,1,'2021-03-09 02:15:00','2021-03-18 15:58:57'),(380,180,80,'et','The Lobster Quadrille is!\' \'No, indeed,\' said Alice. \'That\'s very curious!\' she thought. \'I must.','2021-03-18 19:54:01','2021-03-20 22:19:27',0,1,'2021-03-19 15:33:54','2021-03-09 15:13:02'),(381,181,81,'quibusdam','Alice could only hear whispers now and then; such as, that a moment\'s delay would cost them their.','2021-03-19 23:53:51','2021-02-26 22:19:05',0,0,'2021-02-25 18:07:18','2021-03-05 22:33:21'),(382,182,82,'harum','A little bright-eyed terrier, you know, as we were. My notion was that she tipped over the fire,.','2021-03-01 15:16:59','2021-03-30 19:20:29',1,0,'2021-03-17 07:11:32','2021-03-05 21:56:07'),(383,183,83,'numquam','There was a very little! Besides, SHE\'S she, and I\'m sure I have ordered\'; and she jumped up in.','2021-03-07 20:36:02','2021-03-30 17:56:17',1,0,'2021-03-19 05:54:08','2021-03-03 06:35:57'),(384,184,84,'beatae','Rabbit just under the sea--\' (\'I haven\'t,\' said Alice)--\'and perhaps you were me?\' \'Well, perhaps.','2021-02-28 23:37:44','2021-03-14 03:29:02',1,1,'2021-02-25 13:11:19','2021-03-11 01:56:16'),(385,185,85,'voluptas','I wish you would have done that?\' she thought. \'I must be a comfort, one way--never to be no.','2021-03-19 07:27:10','2021-02-27 17:03:58',1,0,'2021-03-03 18:57:18','2021-02-27 06:10:45'),(386,186,86,'dolorem','HIS time of life. The King\'s argument was, that if you were INSIDE, you might do very well as the.','2021-03-10 07:41:37','2021-03-19 04:57:27',0,1,'2021-03-16 12:38:34','2021-03-13 00:09:11'),(387,187,87,'sunt','SOMEBODY ought to be said. At last the Caterpillar took the hookah into its nest. Alice crouched.','2021-03-06 14:01:31','2021-03-16 11:04:00',1,1,'2021-03-01 10:43:36','2021-03-08 19:24:43'),(388,188,88,'rerum','Alice: \'she\'s so extremely--\' Just then she remembered the number of cucumber-frames there must.','2021-03-21 08:16:00','2021-03-21 16:40:34',1,0,'2021-03-06 12:03:01','2021-03-11 18:10:30'),(389,189,89,'culpa','ALL RETURNED FROM HIM TO YOU,\"\' said Alice. \'Then you may stand down,\' continued the Pigeon, but.','2021-03-08 06:10:18','2021-03-22 23:31:01',1,1,'2021-03-10 14:18:42','2021-03-03 20:05:00'),(390,190,90,'sed','I\'ve got to see some meaning in it.\' The jury all looked so good, that it was sneezing on the.','2021-03-20 19:06:11','2021-03-20 01:37:38',1,1,'2021-03-04 04:24:25','2021-02-23 11:18:10'),(391,191,91,'libero','VERY long claws and a Dodo, a Lory and an old Crab took the place of the March Hare. \'Yes, please.','2021-03-17 12:45:21','2021-02-28 15:53:49',1,0,'2021-03-09 14:46:28','2021-02-26 14:56:57'),(392,192,92,'aut','Alice ventured to taste it, and found quite a large pigeon had flown into her face. \'Wake up,.','2021-02-25 05:41:29','2021-03-17 04:48:27',1,0,'2021-03-12 21:49:02','2021-03-03 06:34:36'),(393,193,93,'impedit','Cat. \'I said pig,\' replied Alice; \'and I wish you wouldn\'t mind,\' said Alice: \'allow me to sell.','2021-03-23 03:37:22','2021-03-22 19:29:35',1,1,'2021-03-13 12:40:23','2021-02-27 11:12:13'),(394,194,94,'consequatur','WOULD not remember the simple and loving heart of her own courage. \'It\'s no use in crying like.','2021-03-10 12:25:21','2021-03-25 16:53:58',0,0,'2021-02-25 17:00:17','2021-03-01 16:35:41'),(395,195,95,'iusto','Queen?\' said the Cat. \'I\'d nearly forgotten to ask.\' \'It turned into a tree. \'Did you speak?\' \'Not.','2021-02-28 10:21:47','2021-03-02 22:36:56',1,0,'2021-03-22 07:58:55','2021-03-09 01:22:25'),(396,196,96,'dolores','I haven\'t been invited yet.\' \'You\'ll see me there,\' said the King, who had spoken first. \'That\'s.','2021-03-21 03:53:08','2021-03-10 15:03:18',1,0,'2021-02-23 15:55:51','2021-03-05 06:36:37'),(397,197,97,'enim','WAS no one else seemed inclined to say it any longer than that,\' said Alice. \'I mean what I was.','2021-02-26 23:40:34','2021-03-07 15:50:23',1,1,'2021-03-12 05:24:04','2021-03-03 13:14:41'),(398,198,98,'fugit','Alice for some time with great curiosity. \'Soles and eels, of course,\' he said in a voice she had.','2021-03-07 20:14:46','2021-03-03 13:12:36',0,1,'2021-03-17 18:35:39','2021-03-21 17:50:48'),(399,199,99,'expedita','Yet you turned a corner, \'Oh my ears and whiskers, how late it\'s getting!\' She was moving them.','2021-03-04 13:54:37','2021-03-14 15:41:24',1,1,'2021-03-14 02:20:35','2021-02-25 07:43:21'),(400,200,100,'asperiores','Do you think you\'re changed, do you?\' \'I\'m afraid I can\'t quite follow it as far down the hall..','2021-03-22 15:33:48','2021-02-27 04:49:12',1,0,'2021-03-01 11:25:03','2021-03-10 01:31:38'),(401,1,1,'et','No room!\' they cried out when they saw her, they hurried back to the Dormouse, and repeated her.','2021-03-21 04:52:18','2021-02-28 20:09:16',0,1,'2021-03-05 12:18:32','2021-03-21 15:59:26'),(402,2,2,'autem','Hatter trembled so, that he had never before seen a cat without a great hurry, muttering to.','2021-03-03 18:25:02','2021-03-06 21:53:09',1,1,'2021-03-13 05:24:38','2021-03-14 11:18:47'),(403,3,3,'ex','CHAPTER II. The Pool of Tears \'Curiouser and curiouser!\' cried Alice again, in a minute or two,.','2021-03-16 17:48:17','2021-03-12 23:37:30',1,0,'2021-03-18 18:01:37','2021-03-14 15:28:21'),(404,4,4,'qui','THAT like?\' said Alice. \'Call it what you were all locked; and when she turned to the Knave of.','2021-03-04 00:10:57','2021-03-02 19:00:40',0,0,'2021-03-05 13:12:09','2021-03-21 06:00:59'),(405,5,5,'qui','I only wish people knew that: then they both sat silent for a conversation. Alice felt a little of.','2021-03-08 08:15:05','2021-03-09 05:40:55',1,1,'2021-03-07 13:58:47','2021-03-01 10:59:07'),(406,6,6,'ratione','Forty-two. ALL PERSONS MORE THAN A MILE HIGH TO LEAVE THE COURT.\' Everybody looked at the window,.','2021-03-05 05:12:12','2021-03-22 12:32:54',1,0,'2021-03-10 15:59:05','2021-03-21 19:32:32'),(407,7,7,'pariatur','Next came an angry tone, \'Why, Mary Ann, what ARE you doing out here? Run home this moment, I tell.','2021-03-08 19:57:39','2021-03-20 05:02:42',1,1,'2021-03-15 18:52:35','2021-03-03 06:09:12'),(408,8,8,'quaerat','Gryphon, and the other was sitting next to no toys to play croquet.\' Then they both sat silent and.','2021-03-03 21:31:38','2021-03-02 23:34:10',0,0,'2021-02-26 08:17:31','2021-03-16 16:49:43'),(409,9,9,'aliquam','Mock Turtle to the Gryphon. \'It all came different!\' the Mock Turtle, \'Drive on, old fellow! Don\'t.','2021-02-23 10:22:48','2021-03-08 05:37:22',1,1,'2021-03-08 11:20:01','2021-03-05 18:28:40'),(410,10,10,'quaerat','Dormouse\'s place, and Alice looked at Two. Two began in a court of justice before, but she knew.','2021-02-25 00:28:17','2021-03-07 20:59:26',1,0,'2021-03-20 05:44:45','2021-03-07 12:12:00'),(411,11,11,'tenetur','While the Panther were sharing a pie--\' [later editions continued as follows When the pie was all.','2021-03-19 05:24:36','2021-03-15 10:55:12',0,0,'2021-03-16 02:03:04','2021-03-16 21:55:32'),(412,12,12,'quia','Caterpillar. \'Not QUITE right, I\'m afraid,\' said Alice, always ready to sink into the open air..','2021-03-17 15:48:11','2021-03-29 17:31:26',1,0,'2021-03-18 09:55:31','2021-03-13 23:20:06'),(413,13,13,'aut','Alice, that she was dozing off, and found that it had no pictures or conversations?\' So she sat.','2021-03-17 03:53:09','2021-03-21 21:10:29',1,1,'2021-03-12 16:51:03','2021-02-28 05:29:47'),(414,14,14,'laudantium','Alice called out in a ring, and begged the Mouse replied rather impatiently: \'any shrimp could.','2021-03-10 18:14:25','2021-03-08 17:47:26',0,0,'2021-03-11 04:41:44','2021-02-26 12:21:29'),(415,15,15,'est','Majesty,\' the Hatter was the White Rabbit, with a whiting. Now you know.\' He was an uncomfortably.','2021-02-23 13:54:26','2021-03-20 04:31:45',1,0,'2021-02-23 15:17:53','2021-03-21 12:38:51'),(416,16,16,'in','YOU must cross-examine THIS witness.\' \'Well, if I fell off the cake. * * * * * * * * * \'Come, my.','2021-03-14 07:02:36','2021-03-20 11:59:11',1,0,'2021-03-14 11:44:45','2021-03-01 08:38:07'),(417,17,17,'veniam','King. (The jury all looked so good, that it signifies much,\' she said this, she was exactly three.','2021-03-09 03:38:14','2021-03-01 19:25:57',1,1,'2021-03-11 11:09:50','2021-03-04 20:15:19'),(418,18,18,'omnis','Alice again, in a deep, hollow tone: \'sit down, both of you, and must know better\'; and this was.','2021-03-23 03:39:36','2021-03-30 01:58:25',1,1,'2021-02-26 18:10:38','2021-03-17 08:42:17'),(419,19,19,'tempore','Footman\'s head: it just grazed his nose, and broke to pieces against one of the baby, and not to.','2021-03-20 09:50:46','2021-03-29 01:05:30',1,0,'2021-03-13 02:23:49','2021-02-27 04:45:25'),(420,20,20,'assumenda','Alice, who felt very glad to get through was more hopeless than ever: she sat down in a great.','2021-02-23 13:00:25','2021-03-02 17:21:58',0,1,'2021-03-07 17:06:16','2021-02-24 00:06:33'),(421,21,21,'adipisci','He moved on as he shook his head sadly. \'Do I look like one, but it just missed her. Alice caught.','2021-02-25 03:39:13','2021-03-14 03:20:44',1,0,'2021-03-16 16:15:07','2021-02-28 17:29:00'),(422,22,22,'labore','Hatter, with an important air, \'are you all ready? This is the same size for ten minutes.','2021-02-25 06:38:25','2021-03-24 00:00:55',0,1,'2021-02-24 01:53:50','2021-03-07 15:22:32'),(423,23,23,'recusandae','Alice looked all round her, calling out in a low voice, \'Why the fact is, you know. So you see,.','2021-03-01 16:17:17','2021-03-08 03:54:38',1,0,'2021-03-15 05:38:21','2021-03-08 08:33:53'),(424,24,24,'labore','THAT. Then again--\"BEFORE SHE HAD THIS FIT--\" you never had to double themselves up and.','2021-02-23 18:58:56','2021-03-28 09:31:49',1,1,'2021-03-19 18:26:37','2021-03-18 19:55:03'),(425,25,25,'nostrum','Gryphon. \'Of course,\' the Mock Turtle persisted. \'How COULD he turn them out again. Suddenly she.','2021-03-10 19:37:26','2021-03-16 02:42:44',1,1,'2021-03-07 15:09:56','2021-03-04 04:58:58'),(426,26,26,'dolore','For really this morning I\'ve nothing to do: once or twice she had plenty of time as she ran. \'How.','2021-03-22 18:18:57','2021-03-09 16:12:56',1,1,'2021-03-14 04:48:14','2021-03-03 09:47:00'),(427,27,27,'sequi','After a while, finding that nothing more happened, she decided to remain where she was, and.','2021-03-04 14:16:15','2021-03-07 08:53:01',1,1,'2021-03-06 00:41:39','2021-02-25 14:16:44'),(428,28,28,'qui','King hastily said, and went by without noticing her. Then followed the Knave of Hearts, carrying.','2021-03-18 21:34:57','2021-03-30 11:34:50',1,1,'2021-03-14 21:33:14','2021-02-25 06:08:11'),(429,29,29,'culpa','Down, down, down. There was a good deal frightened by this time, as it was the King; \'and don\'t be.','2021-03-06 10:39:19','2021-03-17 15:11:04',0,0,'2021-03-05 05:32:00','2021-02-26 12:26:00'),(430,30,30,'sunt','What WILL become of it; then Alice dodged behind a great many more than nine feet high, and she.','2021-03-10 02:11:42','2021-03-10 10:08:44',1,0,'2021-03-15 15:29:59','2021-03-18 03:07:58'),(431,31,31,'facilis','So you see, because some of the reeds--the rattling teacups would change to tinkling sheep-bells,.','2021-03-07 21:21:20','2021-03-13 12:36:30',1,1,'2021-02-27 15:52:02','2021-03-06 21:58:42'),(432,32,32,'ipsum','Then the Queen shrieked out. \'Behead that Dormouse! Turn that Dormouse out of the busy.','2021-03-19 07:44:05','2021-03-30 07:55:22',1,0,'2021-03-11 22:57:25','2021-02-25 13:11:53'),(433,33,33,'aut','Alice said to herself; \'the March Hare and his buttons, and turns out his toes.\' [later editions.','2021-03-20 11:01:38','2021-03-19 12:32:25',1,0,'2021-03-18 08:09:08','2021-03-08 02:26:57'),(434,34,34,'sint','The only things in the world! Oh, my dear paws! Oh my fur and whiskers! She\'ll get me executed, as.','2021-03-05 03:01:01','2021-02-27 01:45:29',1,1,'2021-03-02 14:20:51','2021-03-08 15:01:18'),(435,35,35,'illum','If they had to do next, when suddenly a White Rabbit blew three blasts on the same age as herself,.','2021-02-28 05:17:30','2021-03-13 19:37:20',0,1,'2021-03-11 08:30:24','2021-03-03 10:51:30'),(436,36,36,'id','Alice: \'she\'s so extremely--\' Just then she remembered trying to box her own children. \'How should.','2021-03-10 02:44:25','2021-03-02 20:49:51',1,1,'2021-03-20 23:22:15','2021-03-09 03:47:02'),(437,37,37,'repudiandae','First, because I\'m on the same thing with you,\' said Alice, in a fight with another dig of her.','2021-03-21 16:56:13','2021-02-23 10:16:55',0,1,'2021-03-19 15:39:42','2021-03-12 14:36:39'),(438,38,38,'dolorum','Alice. \'What sort of life! I do hope it\'ll make me giddy.\' And then, turning to Alice: he had come.','2021-03-17 08:42:35','2021-03-22 00:34:45',0,0,'2021-03-14 15:27:52','2021-03-07 08:33:09'),(439,39,39,'corporis','Lobster Quadrille?\' the Gryphon replied very politely, \'for I can\'t remember,\' said the Mock.','2021-03-18 23:25:31','2021-03-16 13:57:12',0,0,'2021-03-07 02:50:33','2021-03-17 01:44:44'),(440,40,40,'totam','William the Conqueror.\' (For, with all her life. Indeed, she had grown so large a house, that she.','2021-02-27 13:39:02','2021-03-02 17:50:04',0,1,'2021-02-25 15:41:35','2021-03-11 22:10:52'),(441,41,41,'ut','Alice could not swim. He sent them word I had to stop and untwist it. After a while, finding that.','2021-03-21 05:50:30','2021-03-24 09:01:43',1,0,'2021-03-06 15:49:08','2021-03-19 08:56:37'),(442,42,42,'aut','As she said to herself. \'Of the mushroom,\' said the youth, \'one would hardly suppose That your eye.','2021-02-26 19:47:45','2021-03-04 03:18:21',0,1,'2021-03-11 15:55:43','2021-03-20 00:24:23'),(443,43,43,'praesentium','Dormouse denied nothing, being fast asleep. \'After that,\' continued the Pigeon, but in a loud,.','2021-03-19 11:09:28','2021-03-15 10:30:16',1,0,'2021-03-22 06:53:40','2021-02-28 15:52:30'),(444,44,44,'quod','Alice heard the Queen said severely \'Who is this?\' She said it to the part about her and to hear.','2021-03-18 06:02:38','2021-03-25 20:44:39',0,1,'2021-03-07 01:37:17','2021-03-02 21:07:28'),(445,45,45,'magnam','Gryphon, \'she wants for to know your history, you know,\' Alice gently remarked; \'they\'d have been.','2021-03-06 06:46:52','2021-03-04 13:25:53',0,0,'2021-03-02 06:19:41','2021-02-28 08:16:36'),(446,46,46,'consequatur','I get it home?\' when it saw Alice. It looked good-natured, she thought: still it was a very pretty.','2021-03-08 04:58:45','2021-03-20 11:51:26',1,0,'2021-03-13 22:14:14','2021-02-23 17:48:14'),(447,47,47,'assumenda','Alice, that she knew the meaning of half those long words, and, what\'s more, I don\'t know where.','2021-03-11 22:11:58','2021-03-11 23:11:17',1,1,'2021-03-15 06:28:09','2021-02-26 04:58:39'),(448,48,48,'aut','Said his father; \'don\'t give yourself airs! Do you think you could only hear whispers now and.','2021-03-18 18:35:45','2021-03-08 23:24:39',0,1,'2021-02-28 22:32:07','2021-03-19 23:12:37'),(449,49,49,'sed','Was kindly permitted to pocket the spoon: While the Duchess began in a melancholy tone. \'Nobody.','2021-02-27 11:05:21','2021-02-27 07:30:04',1,1,'2021-02-27 11:25:55','2021-03-12 19:32:23'),(450,50,50,'quae','HE taught us Drawling, Stretching, and Fainting in Coils.\' \'What was that?\' inquired Alice..','2021-03-11 22:38:46','2021-03-10 23:38:19',0,0,'2021-02-28 08:17:30','2021-03-05 22:05:39'),(451,51,51,'quos','When the sands are all pardoned.\' \'Come, THAT\'S a good thing!\' she said to herself, \'I wonder how.','2021-03-02 18:53:20','2021-03-18 21:10:12',1,1,'2021-03-20 23:30:46','2021-03-10 11:19:41'),(452,52,52,'aperiam','Coils.\' \'What was THAT like?\' said Alice. \'I\'ve read that in some alarm. This time Alice waited.','2021-03-11 02:00:49','2021-03-03 21:29:30',0,1,'2021-02-28 02:33:15','2021-03-14 08:46:21'),(453,53,53,'occaecati','Dormouse, who was reading the list of singers. \'You may go,\' said the youth, \'and your jaws are.','2021-02-26 13:22:14','2021-03-11 22:10:37',1,0,'2021-03-11 04:58:39','2021-03-17 07:21:10'),(454,54,54,'possimus','Father William,\' the young man said, \'And your hair has become very white; And yet I wish you.','2021-03-05 21:51:21','2021-03-18 04:10:21',0,0,'2021-03-15 12:19:31','2021-02-25 14:51:33'),(455,55,55,'perferendis','I will prosecute YOU.--Come, I\'ll take no denial; We must have got in as well,\' the Hatter.','2021-02-27 15:03:56','2021-02-24 21:39:55',1,0,'2021-03-02 21:21:29','2021-03-12 06:18:54'),(456,56,56,'ut','Alice laughed so much surprised, that for two reasons. First, because I\'m on the bank, and of.','2021-03-07 09:19:53','2021-03-03 02:36:00',1,0,'2021-03-07 20:46:48','2021-03-02 10:45:42'),(457,57,57,'dolor','It did so indeed, and much sooner than she had forgotten the little golden key was too much.','2021-03-02 22:12:02','2021-03-06 08:16:08',1,1,'2021-03-14 06:48:27','2021-03-06 09:10:28'),(458,58,58,'eveniet','The Dormouse again took a minute or two she stood watching them, and all her wonderful Adventures,.','2021-03-20 22:18:03','2021-03-18 14:43:57',0,0,'2021-03-12 15:42:37','2021-02-24 03:40:27'),(459,59,59,'molestias','THE.','2021-03-07 06:11:50','2021-03-07 21:59:09',0,1,'2021-03-03 06:55:07','2021-03-17 14:54:32'),(460,60,60,'nulla','I did: there\'s no room at all the things I used to say but \'It belongs to the jury, who instantly.','2021-03-09 15:04:29','2021-03-10 02:35:30',1,0,'2021-03-18 00:09:17','2021-03-06 14:30:43'),(461,61,61,'quam','May it won\'t be raving mad--at least not so mad as it can\'t possibly make me giddy.\' And then,.','2021-02-25 09:25:44','2021-03-05 02:54:00',1,0,'2021-03-12 22:31:04','2021-03-22 03:23:52'),(462,62,62,'eaque','Alice. \'I\'ve tried every way, and then Alice dodged behind a great hurry; \'and their names were.','2021-03-02 13:53:55','2021-03-13 15:08:10',0,1,'2021-03-02 16:49:57','2021-02-23 09:41:10'),(463,63,63,'nobis','YOU are, first.\' \'Why?\' said the Gryphon. \'I mean, what makes them so shiny?\' Alice looked at.','2021-03-04 15:28:52','2021-03-04 00:16:01',1,0,'2021-03-06 16:22:26','2021-03-04 18:41:44'),(464,64,64,'itaque','At this the whole window!\' \'Sure, it does, yer honour: but it\'s an arm, yer honour!\' (He.','2021-03-23 06:07:51','2021-03-25 09:38:16',0,0,'2021-03-21 23:07:40','2021-03-20 22:54:41'),(465,65,65,'laborum','Alice. \'Oh, don\'t bother ME,\' said Alice indignantly. \'Ah! then yours wasn\'t a bit of mushroom,.','2021-02-28 15:03:45','2021-03-28 11:12:32',1,1,'2021-03-17 16:44:16','2021-03-04 02:49:43'),(466,66,66,'commodi','I can find them.\' As she said to herself; \'I should like to go and live in that soup!\' Alice said.','2021-03-07 01:05:38','2021-03-14 15:30:14',0,1,'2021-03-20 22:39:36','2021-03-18 13:11:08'),(467,67,67,'dolore','Hatter was the White Rabbit. She was close behind us, and he\'s treading on my tail. See how.','2021-03-05 01:27:17','2021-03-21 01:12:56',1,1,'2021-03-03 00:14:00','2021-03-16 00:46:04'),(468,68,68,'labore','King, and the words \'EAT ME\' were beautifully marked in currants. \'Well, I\'ll eat it,\' said Alice,.','2021-02-27 01:58:24','2021-02-27 04:52:35',0,1,'2021-03-04 17:56:14','2021-03-18 01:43:14'),(469,69,69,'enim','Pigeon in a confused way, \'Prizes! Prizes!\' Alice had never before seen a good deal until she had.','2021-03-15 13:36:44','2021-03-28 19:46:26',1,1,'2021-03-21 22:19:00','2021-03-04 09:38:48'),(470,70,70,'ipsum','Dormouse, without considering at all for any lesson-books!\' And so she began very cautiously: \'But.','2021-03-17 21:01:43','2021-03-07 15:41:00',1,0,'2021-03-01 21:16:01','2021-02-26 13:14:53'),(471,71,71,'sunt','Dormouse say?\' one of the same thing as a partner!\' cried the Mock Turtle repeated thoughtfully..','2021-02-24 21:55:59','2021-03-10 20:29:27',1,1,'2021-03-05 12:49:47','2021-03-05 05:05:16'),(472,72,72,'placeat','The King laid his hand upon her knee, and the little door: but, alas! either the locks were too.','2021-03-04 09:52:31','2021-03-30 16:33:18',0,0,'2021-02-25 01:31:16','2021-03-15 18:46:42'),(473,73,73,'ex','She went in search of her hedgehog. The hedgehog was engaged in a tone of great dismay, and began.','2021-03-16 20:46:02','2021-03-23 17:29:53',1,0,'2021-03-16 15:03:51','2021-03-14 17:55:04'),(474,74,74,'eligendi','Let me think: was I the same thing as \"I eat what I could let you out, you know.\' Alice had begun.','2021-03-16 18:46:40','2021-03-29 19:02:26',0,0,'2021-03-13 07:53:29','2021-03-13 01:33:16'),(475,75,75,'facilis','King, \'and don\'t be nervous, or I\'ll have you executed on the Duchess\'s knee, while plates and.','2021-02-27 11:17:51','2021-03-03 11:15:37',1,0,'2021-03-11 12:58:41','2021-03-07 19:56:57'),(476,76,76,'veritatis','VERY nearly at the cook, and a crash of broken glass. \'What a number of executions the Queen till.','2021-02-27 13:58:12','2021-03-14 13:57:00',0,0,'2021-03-20 04:57:13','2021-02-26 19:26:39'),(477,77,77,'animi','I beg your pardon,\' said Alice hastily; \'but I\'m not the smallest notice of her voice. Nobody.','2021-03-23 06:45:56','2021-03-25 11:21:52',1,1,'2021-03-09 10:22:15','2021-03-22 15:43:41'),(478,78,78,'explicabo','Duchess was sitting on a bough of a sea of green leaves that lay far below her. \'What CAN all that.','2021-03-10 21:49:34','2021-03-01 11:43:10',0,0,'2021-03-18 09:20:33','2021-03-10 08:56:14'),(479,79,79,'iusto','Alice said very politely, feeling quite pleased to find that she began nibbling at the March Hare.','2021-03-11 07:47:39','2021-03-05 13:22:29',1,0,'2021-02-25 07:19:27','2021-03-03 18:00:47'),(480,80,80,'rerum','Hatter, who turned pale and fidgeted. \'Give your evidence,\' said the Cat, as soon as look at the.','2021-03-19 01:54:46','2021-03-21 19:47:34',1,1,'2021-03-16 16:48:31','2021-03-01 08:57:26'),(481,81,81,'cupiditate','But I\'ve got back to them, and just as well as she could, for the pool rippling to the Mock Turtle.','2021-02-24 10:10:51','2021-03-21 19:44:04',1,0,'2021-02-23 22:45:48','2021-03-14 20:07:09'),(482,82,82,'non','WHAT? The other side of WHAT? The other guests had taken advantage of the ground--and I should be.','2021-03-16 01:45:02','2021-03-29 02:34:21',0,0,'2021-03-04 09:30:38','2021-03-13 00:04:24'),(483,83,83,'temporibus','Dormouse fell asleep instantly, and neither of the March Hare. \'He denies it,\' said Alice, quite.','2021-03-14 08:46:27','2021-02-27 20:54:23',0,1,'2021-03-16 06:34:18','2021-03-15 04:04:39'),(484,84,84,'officia','I COULD NOT SWIM--\" you can\'t swim, can you?\' he added, turning to the little door about fifteen.','2021-03-22 16:51:46','2021-03-20 02:17:58',1,0,'2021-03-21 04:52:36','2021-02-23 08:40:30'),(485,85,85,'similique','Alice dear!\' said her sister; \'Why, what are they made of?\' Alice asked in a shrill, loud voice,.','2021-03-12 17:44:58','2021-03-11 08:53:36',1,0,'2021-02-24 08:28:21','2021-02-26 22:31:34'),(486,86,86,'rerum','Alice, and she had to sing this:-- \'Beautiful Soup, so rich and green, Waiting in a minute, nurse!.','2021-03-22 06:24:02','2021-03-04 22:18:34',1,1,'2021-03-14 16:56:57','2021-03-17 18:33:36'),(487,87,87,'est','Alice. \'I wonder what they WILL do next! If they had to be no use in saying anything more till the.','2021-03-15 06:59:41','2021-03-15 14:06:26',0,1,'2021-03-04 02:13:57','2021-02-24 10:09:44'),(488,88,88,'occaecati','What happened to me! When I used to come yet, please your Majesty,\' the Hatter began, in a deep.','2021-03-14 10:19:44','2021-03-20 22:11:38',0,0,'2021-03-09 00:14:49','2021-03-13 06:57:49'),(489,89,89,'ducimus','At this moment Alice appeared, she was terribly frightened all the while, and fighting for the fan.','2021-03-02 11:20:50','2021-03-20 04:25:33',1,0,'2021-03-10 22:34:44','2021-02-26 02:41:49'),(490,90,90,'expedita','It quite makes my forehead ache!\' Alice watched the Queen was silent. The King turned pale, and.','2021-03-14 13:20:33','2021-03-28 11:18:38',0,1,'2021-03-19 22:40:28','2021-03-11 07:24:30'),(491,91,91,'dolor','Alice replied, so eagerly that the Gryphon said, in a confused way, \'Prizes! Prizes!\' Alice had no.','2021-03-22 03:17:36','2021-03-26 21:52:57',1,0,'2021-02-24 05:03:39','2021-03-12 10:52:51'),(492,92,92,'sed','Alice did not dare to laugh; and, as the hall was very likely to eat her up in spite of all her.','2021-02-25 08:47:38','2021-03-31 16:33:20',0,1,'2021-03-04 02:19:39','2021-03-04 02:11:48'),(493,93,93,'cupiditate','Cat, \'if you don\'t explain it is all the unjust things--\' when his eye chanced to fall upon Alice,.','2021-03-20 08:06:51','2021-03-18 05:04:42',0,0,'2021-03-14 09:25:49','2021-03-07 12:45:58'),(494,94,94,'et','ALICE\'S RIGHT FOOT, ESQ. HEARTHRUG, NEAR THE FENDER, (WITH ALICE\'S LOVE). Oh dear, what nonsense.','2021-03-05 04:06:43','2021-03-09 05:42:56',1,0,'2021-03-17 03:24:24','2021-03-15 07:48:07'),(495,95,95,'quod','Seven flung down his brush, and had just begun to think this a very hopeful tone though), \'I won\'t.','2021-03-22 05:03:55','2021-03-20 02:43:15',0,0,'2021-02-27 20:29:04','2021-03-08 15:25:44'),(496,96,96,'sint','First, she tried to curtsey as she could, \'If you knew Time as well as she was going to be, from.','2021-03-17 20:40:05','2021-03-08 20:32:54',0,1,'2021-03-19 14:52:14','2021-03-16 01:26:06'),(497,97,97,'ducimus','Gryphon. \'Do you mean \"purpose\"?\' said Alice. \'You are,\' said the King, rubbing his hands; \'so now.','2021-03-06 21:05:03','2021-03-16 23:40:43',0,0,'2021-03-13 03:54:33','2021-03-09 04:33:34'),(498,98,98,'rem','I can say.\' This was such a wretched height to be.\' \'It is a long time together.\' \'Which is just.','2021-03-12 16:50:14','2021-02-27 20:10:54',0,1,'2021-03-04 18:31:52','2021-03-13 02:06:41'),(499,99,99,'ea','In another moment it was her turn or not. \'Oh, PLEASE mind what you\'re talking about,\' said Alice..','2021-03-11 02:12:38','2021-02-28 19:42:18',1,0,'2021-03-16 14:43:49','2021-02-28 17:49:06'),(500,100,100,'molestias','March Hare. \'Yes, please do!\' but the Dodo managed it.) First it marked out a new kind of.','2021-02-24 09:41:06','2021-03-26 11:01:48',1,1,'2021-03-09 19:28:41','2021-03-17 10:03:36');
/*!40000 ALTER TABLE `todos` ENABLE KEYS */;
UNLOCK TABLES;

--
-- Table structure for table `todos_assigned_to`
--

DROP TABLE IF EXISTS `todos_assigned_to`;
/*!40101 SET @saved_cs_client     = @@character_set_client */;
/*!50503 SET character_set_client = utf8mb4 */;
CREATE TABLE `todos_assigned_to` (
  `todo_id` bigint unsigned NOT NULL COMMENT 'Список задач',
  `user_id` bigint unsigned NOT NULL COMMENT 'Пользователь',
  PRIMARY KEY (`todo_id`,`user_id`),
  KEY `todos_assigned_to_user_id_fk` (`user_id`),
  CONSTRAINT `todos_assigned_to_todo_id_fk` FOREIGN KEY (`todo_id`) REFERENCES `todos` (`id`) ON DELETE CASCADE,
  CONSTRAINT `todos_assigned_to_user_id_fk` FOREIGN KEY (`user_id`) REFERENCES `users` (`id`) ON DELETE CASCADE
) ENGINE=InnoDB DEFAULT CHARSET=utf8mb4 COLLATE=utf8mb4_0900_ai_ci COMMENT='Назначение задач пользователям';
/*!40101 SET character_set_client = @saved_cs_client */;

--
-- Dumping data for table `todos_assigned_to`
--

LOCK TABLES `todos_assigned_to` WRITE;
/*!40000 ALTER TABLE `todos_assigned_to` DISABLE KEYS */;
INSERT INTO `todos_assigned_to` VALUES (1,1),(101,1),(201,1),(301,1),(401,1),(2,2),(102,2),(202,2),(302,2),(402,2),(3,3),(103,3),(203,3),(303,3),(403,3),(4,4),(104,4),(204,4),(304,4),(404,4),(5,5),(105,5),(205,5),(305,5),(405,5),(6,6),(106,6),(206,6),(306,6),(406,6),(7,7),(107,7),(207,7),(307,7),(407,7),(8,8),(108,8),(208,8),(308,8),(408,8),(9,9),(109,9),(209,9),(309,9),(409,9),(10,10),(110,10),(210,10),(310,10),(410,10),(11,11),(111,11),(211,11),(311,11),(411,11),(12,12),(112,12),(212,12),(312,12),(412,12),(13,13),(113,13),(213,13),(313,13),(413,13),(14,14),(114,14),(214,14),(314,14),(414,14),(15,15),(115,15),(215,15),(315,15),(415,15),(16,16),(116,16),(216,16),(316,16),(416,16),(17,17),(117,17),(217,17),(317,17),(417,17),(18,18),(118,18),(218,18),(318,18),(418,18),(19,19),(119,19),(219,19),(319,19),(419,19),(20,20),(120,20),(220,20),(320,20),(420,20),(21,21),(121,21),(221,21),(321,21),(421,21),(22,22),(122,22),(222,22),(322,22),(422,22),(23,23),(123,23),(223,23),(323,23),(423,23),(24,24),(124,24),(224,24),(324,24),(424,24),(25,25),(125,25),(225,25),(325,25),(425,25),(26,26),(126,26),(226,26),(326,26),(426,26),(27,27),(127,27),(227,27),(327,27),(427,27),(28,28),(128,28),(228,28),(328,28),(428,28),(29,29),(129,29),(229,29),(329,29),(429,29),(30,30),(130,30),(230,30),(330,30),(430,30),(31,31),(131,31),(231,31),(331,31),(431,31),(32,32),(132,32),(232,32),(332,32),(432,32),(33,33),(133,33),(233,33),(333,33),(433,33),(34,34),(134,34),(234,34),(334,34),(434,34),(35,35),(135,35),(235,35),(335,35),(435,35),(36,36),(136,36),(236,36),(336,36),(436,36),(37,37),(137,37),(237,37),(337,37),(437,37),(38,38),(138,38),(238,38),(338,38),(438,38),(39,39),(139,39),(239,39),(339,39),(439,39),(40,40),(140,40),(240,40),(340,40),(440,40),(41,41),(141,41),(241,41),(341,41),(441,41),(42,42),(142,42),(242,42),(342,42),(442,42),(43,43),(143,43),(243,43),(343,43),(443,43),(44,44),(144,44),(244,44),(344,44),(444,44),(45,45),(145,45),(245,45),(345,45),(445,45),(46,46),(146,46),(246,46),(346,46),(446,46),(47,47),(147,47),(247,47),(347,47),(447,47),(48,48),(148,48),(248,48),(348,48),(448,48),(49,49),(149,49),(249,49),(349,49),(449,49),(50,50),(150,50),(250,50),(350,50),(450,50),(51,51),(151,51),(251,51),(351,51),(451,51),(52,52),(152,52),(252,52),(352,52),(452,52),(53,53),(153,53),(253,53),(353,53),(453,53),(54,54),(154,54),(254,54),(354,54),(454,54),(55,55),(155,55),(255,55),(355,55),(455,55),(56,56),(156,56),(256,56),(356,56),(456,56),(57,57),(157,57),(257,57),(357,57),(457,57),(58,58),(158,58),(258,58),(358,58),(458,58),(59,59),(159,59),(259,59),(359,59),(459,59),(60,60),(160,60),(260,60),(360,60),(460,60),(61,61),(161,61),(261,61),(361,61),(461,61),(62,62),(162,62),(262,62),(362,62),(462,62),(63,63),(163,63),(263,63),(363,63),(463,63),(64,64),(164,64),(264,64),(364,64),(464,64),(65,65),(165,65),(265,65),(365,65),(465,65),(66,66),(166,66),(266,66),(366,66),(466,66),(67,67),(167,67),(267,67),(367,67),(467,67),(68,68),(168,68),(268,68),(368,68),(468,68),(69,69),(169,69),(269,69),(369,69),(469,69),(70,70),(170,70),(270,70),(370,70),(470,70),(71,71),(171,71),(271,71),(371,71),(471,71),(72,72),(172,72),(272,72),(372,72),(472,72),(73,73),(173,73),(273,73),(373,73),(473,73),(74,74),(174,74),(274,74),(374,74),(474,74),(75,75),(175,75),(275,75),(375,75),(475,75),(76,76),(176,76),(276,76),(376,76),(476,76),(77,77),(177,77),(277,77),(377,77),(477,77),(78,78),(178,78),(278,78),(378,78),(478,78),(79,79),(179,79),(279,79),(379,79),(479,79),(80,80),(180,80),(280,80),(380,80),(480,80),(81,81),(181,81),(281,81),(381,81),(481,81),(82,82),(182,82),(282,82),(382,82),(482,82),(83,83),(183,83),(283,83),(383,83),(483,83),(84,84),(184,84),(284,84),(384,84),(484,84),(85,85),(185,85),(285,85),(385,85),(485,85),(86,86),(186,86),(286,86),(386,86),(486,86),(87,87),(187,87),(287,87),(387,87),(487,87),(88,88),(188,88),(288,88),(388,88),(488,88),(89,89),(189,89),(289,89),(389,89),(489,89),(90,90),(190,90),(290,90),(390,90),(490,90),(91,91),(191,91),(291,91),(391,91),(491,91),(92,92),(192,92),(292,92),(392,92),(492,92),(93,93),(193,93),(293,93),(393,93),(493,93),(94,94),(194,94),(294,94),(394,94),(494,94),(95,95),(195,95),(295,95),(395,95),(495,95),(96,96),(196,96),(296,96),(396,96),(496,96),(97,97),(197,97),(297,97),(397,97),(497,97),(98,98),(198,98),(298,98),(398,98),(498,98),(99,99),(199,99),(299,99),(399,99),(499,99),(100,100),(200,100),(300,100),(400,100),(500,100);
/*!40000 ALTER TABLE `todos_assigned_to` ENABLE KEYS */;
UNLOCK TABLES;

--
-- Table structure for table `units`
--

DROP TABLE IF EXISTS `units`;
/*!40101 SET @saved_cs_client     = @@character_set_client */;
/*!50503 SET character_set_client = utf8mb4 */;
CREATE TABLE `units` (
  `id` bigint unsigned NOT NULL AUTO_INCREMENT,
  `name` varchar(255) CHARACTER SET utf8mb4 COLLATE utf8mb4_unicode_ci NOT NULL COMMENT 'Имя юнита',
  `type` enum('company','team','project') CHARACTER SET utf8mb4 COLLATE utf8mb4_unicode_ci DEFAULT NULL COMMENT 'тип юнита (компания, команда или проект)',
  `details` text,
  `created_at` datetime DEFAULT CURRENT_TIMESTAMP COMMENT 'Время создания строки',
  `updated_at` datetime DEFAULT CURRENT_TIMESTAMP ON UPDATE CURRENT_TIMESTAMP COMMENT 'Время обновления строки',
  PRIMARY KEY (`id`),
  KEY `name_idx` (`name`),
  KEY `type_idx` (`type`)
) ENGINE=InnoDB AUTO_INCREMENT=101 DEFAULT CHARSET=utf8mb4 COLLATE=utf8mb4_0900_ai_ci COMMENT='Команды';
/*!40101 SET character_set_client = @saved_cs_client */;

--
-- Dumping data for table `units`
--

LOCK TABLES `units` WRITE;
/*!40000 ALTER TABLE `units` DISABLE KEYS */;
INSERT INTO `units` VALUES (1,'Google','company','Company-wide announcements and stuff everyone needs to know.','2002-03-30 09:05:27','2021-03-28 16:59:39'),(2,'Microsoft','company','Company-wide announcements and stuff everyone needs to know.','2012-08-26 09:00:06','2021-03-28 16:59:39'),(3,'Apple','company','Company-wide announcements and stuff everyone needs to know.','2005-10-08 13:31:46','2021-03-28 16:59:39'),(4,'Amazon','company','Company-wide announcements and stuff everyone needs to know.','1999-04-26 09:10:48','2021-03-28 16:59:39'),(5,'Mail.ru Group','company','Company-wide announcements and stuff everyone needs to know.','1970-01-28 00:54:09','2021-03-28 16:59:39'),(6,'quos','team','Everything related to the quos team is located here','1990-03-08 22:04:42','2021-03-28 16:59:39'),(7,'earum','project','Announcements, tasks and files associated with the project earum','1995-09-05 11:03:47','2021-03-28 16:59:39'),(8,'beatae','project','Announcements, tasks and files associated with the project beatae','1977-07-28 05:54:29','2021-03-28 16:59:39'),(9,'aut','project','Announcements, tasks and files associated with the project aut','1998-08-17 17:22:30','2021-03-28 16:59:39'),(10,'doloribus','team','Everything related to the doloribus team is located here','1979-11-03 08:09:45','2021-03-28 16:59:39'),(11,'dolorem','project','Announcements, tasks and files associated with the project dolorem','2003-03-21 20:02:58','2021-03-28 16:59:39'),(12,'quia','team','Everything related to the quia team is located here','1982-06-30 09:38:27','2021-03-28 16:59:39'),(13,'deserunt','team','Everything related to the deserunt team is located here','1976-12-05 02:17:08','2021-03-28 16:59:39'),(14,'omnis','team','Everything related to the omnis team is located here','1987-09-07 22:03:45','2021-03-28 16:59:39'),(15,'nemo','project','Announcements, tasks and files associated with the project nemo','1984-12-03 17:46:55','2021-03-28 16:59:39'),(16,'qui','team','Everything related to the qui team is located here','2008-03-12 18:05:49','2021-03-28 16:59:39'),(17,'aut','team','Everything related to the aut team is located here','2016-02-07 12:15:20','2021-03-28 16:59:39'),(18,'voluptatem','project','Announcements, tasks and files associated with the project voluptatem','2004-10-24 06:37:49','2021-03-28 16:59:39'),(19,'et','team','Everything related to the et team is located here','1991-10-04 20:38:14','2021-03-28 16:59:39'),(20,'nobis','team','Everything related to the nobis team is located here','1971-12-25 21:12:29','2021-03-28 16:59:39'),(21,'cupiditate','project','Announcements, tasks and files associated with the project cupiditate','1992-03-25 03:30:14','2021-03-28 16:59:39'),(22,'ea','project','Announcements, tasks and files associated with the project ea','2002-11-04 19:16:51','2021-03-28 16:59:39'),(23,'modi','project','Announcements, tasks and files associated with the project modi','2018-10-30 07:39:42','2021-03-28 16:59:39'),(24,'aut','project','Announcements, tasks and files associated with the project aut','1999-04-10 07:11:00','2021-03-28 16:59:39'),(25,'odit','team','Everything related to the odit team is located here','1993-10-16 00:31:58','2021-03-28 16:59:39'),(26,'doloribus','project','Announcements, tasks and files associated with the project doloribus','1984-07-12 04:47:19','2021-03-28 16:59:39'),(27,'impedit','project','Announcements, tasks and files associated with the project impedit','2008-10-25 22:40:12','2021-03-28 16:59:39'),(28,'quas','team','Everything related to the quas team is located here','2010-01-31 10:24:12','2021-03-28 16:59:39'),(29,'velit','team','Everything related to the velit team is located here','1991-05-17 14:43:00','2021-03-28 16:59:39'),(30,'et','project','Announcements, tasks and files associated with the project et','1975-07-12 08:10:46','2021-03-28 16:59:39'),(31,'adipisci','team','Everything related to the adipisci team is located here','2015-04-09 12:17:12','2021-03-28 16:59:39'),(32,'et','team','Everything related to the et team is located here','2015-06-03 16:23:44','2021-03-28 16:59:39'),(33,'numquam','team','Everything related to the numquam team is located here','1997-08-24 11:24:26','2021-03-28 16:59:39'),(34,'ad','project','Announcements, tasks and files associated with the project ad','1977-12-11 16:01:57','2021-03-28 16:59:39'),(35,'beatae','project','Announcements, tasks and files associated with the project beatae','1984-01-24 00:56:08','2021-03-28 16:59:39'),(36,'ea','team','Everything related to the ea team is located here','1985-05-24 01:52:16','2021-03-28 16:59:39'),(37,'mollitia','team','Everything related to the mollitia team is located here','1984-02-23 18:44:16','2021-03-28 16:59:39'),(38,'eos','team','Everything related to the eos team is located here','1994-08-01 23:41:13','2021-03-28 16:59:39'),(39,'ex','team','Everything related to the ex team is located here','2017-10-31 17:05:09','2021-03-28 16:59:39'),(40,'atque','project','Announcements, tasks and files associated with the project atque','2000-08-06 05:56:02','2021-03-28 16:59:39'),(41,'temporibus','project','Announcements, tasks and files associated with the project temporibus','1993-06-01 13:17:07','2021-03-28 16:59:39'),(42,'atque','project','Announcements, tasks and files associated with the project atque','1973-09-20 12:55:03','2021-03-28 16:59:39'),(43,'quisquam','team','Everything related to the quisquam team is located here','2011-05-27 06:27:07','2021-03-28 16:59:39'),(44,'et','project','Announcements, tasks and files associated with the project et','1994-01-26 01:46:34','2021-03-28 16:59:39'),(45,'ab','project','Announcements, tasks and files associated with the project ab','1991-10-04 22:45:34','2021-03-28 16:59:39'),(46,'qui','team','Everything related to the qui team is located here','1981-07-14 09:13:29','2021-03-28 16:59:39'),(47,'et','project','Announcements, tasks and files associated with the project et','1979-01-27 01:25:23','2021-03-28 16:59:39'),(48,'omnis','team','Everything related to the omnis team is located here','1998-01-04 02:06:22','2021-03-28 16:59:39'),(49,'minus','team','Everything related to the minus team is located here','2013-03-07 10:22:53','2021-03-28 16:59:39'),(50,'odit','project','Announcements, tasks and files associated with the project odit','2002-06-17 02:34:54','2021-03-28 16:59:39'),(51,'asperiores','project','Announcements, tasks and files associated with the project asperiores','2016-03-12 10:55:59','2021-03-28 16:59:39'),(52,'dolorum','project','Announcements, tasks and files associated with the project dolorum','2014-06-30 10:39:49','2021-03-28 16:59:39'),(53,'qui','project','Announcements, tasks and files associated with the project qui','1999-11-30 04:10:57','2021-03-28 16:59:39'),(54,'omnis','project','Announcements, tasks and files associated with the project omnis','1980-12-30 15:29:53','2021-03-28 16:59:39'),(55,'velit','team','Everything related to the velit team is located here','1998-12-02 09:34:13','2021-03-28 16:59:39'),(56,'harum','team','Everything related to the harum team is located here','1998-05-31 04:42:05','2021-03-28 16:59:39'),(57,'quidem','team','Everything related to the quidem team is located here','2019-03-28 10:22:02','2021-03-28 16:59:39'),(58,'nesciunt','team','Everything related to the nesciunt team is located here','1993-05-21 13:55:52','2021-03-28 16:59:39'),(59,'ducimus','project','Announcements, tasks and files associated with the project ducimus','2000-06-28 04:30:46','2021-03-28 16:59:39'),(60,'repellendus','team','Everything related to the repellendus team is located here','1994-01-10 22:46:07','2021-03-28 16:59:39'),(61,'et','project','Announcements, tasks and files associated with the project et','2004-04-27 22:09:36','2021-03-28 16:59:39'),(62,'autem','team','Everything related to the autem team is located here','1981-09-28 16:31:16','2021-03-28 16:59:39'),(63,'possimus','team','Everything related to the possimus team is located here','1998-08-31 04:55:54','2021-03-28 16:59:39'),(64,'ea','project','Announcements, tasks and files associated with the project ea','2000-06-11 11:50:06','2021-03-28 16:59:39'),(65,'quidem','team','Everything related to the quidem team is located here','1970-08-14 09:08:52','2021-03-28 16:59:39'),(66,'eaque','project','Announcements, tasks and files associated with the project eaque','1987-09-19 22:34:53','2021-03-28 16:59:39'),(67,'eum','project','Announcements, tasks and files associated with the project eum','2006-01-27 02:40:48','2021-03-28 16:59:39'),(68,'suscipit','team','Everything related to the suscipit team is located here','2008-08-10 08:42:39','2021-03-28 16:59:39'),(69,'ullam','team','Everything related to the ullam team is located here','2004-10-11 07:11:42','2021-03-28 16:59:39'),(70,'consequatur','project','Announcements, tasks and files associated with the project consequatur','2016-06-14 22:41:01','2021-03-28 16:59:39'),(71,'et','team','Everything related to the et team is located here','2011-08-11 05:05:09','2021-03-28 16:59:39'),(72,'tenetur','project','Announcements, tasks and files associated with the project tenetur','2019-06-17 12:22:42','2021-03-28 16:59:39'),(73,'rerum','team','Everything related to the rerum team is located here','1972-09-13 03:07:46','2021-03-28 16:59:39'),(74,'amet','project','Announcements, tasks and files associated with the project amet','2006-07-18 16:15:22','2021-03-28 16:59:39'),(75,'quis','project','Announcements, tasks and files associated with the project quis','1988-02-09 09:06:06','2021-03-28 16:59:39'),(76,'quod','team','Everything related to the quod team is located here','2009-09-04 16:21:03','2021-03-28 16:59:39'),(77,'asperiores','project','Announcements, tasks and files associated with the project asperiores','2011-11-07 20:45:56','2021-03-28 16:59:39'),(78,'dicta','project','Announcements, tasks and files associated with the project dicta','2005-12-04 02:25:12','2021-03-28 16:59:39'),(79,'est','team','Everything related to the est team is located here','1999-03-17 01:10:28','2021-03-28 16:59:39'),(80,'ipsam','team','Everything related to the ipsam team is located here','2004-10-20 14:11:26','2021-03-28 16:59:39'),(81,'est','team','Everything related to the est team is located here','2000-08-15 11:19:28','2021-03-28 16:59:39'),(82,'nulla','team','Everything related to the nulla team is located here','2004-10-07 02:46:26','2021-03-28 16:59:39'),(83,'et','team','Everything related to the et team is located here','1970-08-01 15:47:48','2021-03-28 16:59:39'),(84,'non','project','Announcements, tasks and files associated with the project non','2003-11-03 23:00:18','2021-03-28 16:59:39'),(85,'dolores','team','Everything related to the dolores team is located here','2004-06-04 15:28:56','2021-03-28 16:59:39'),(86,'non','project','Announcements, tasks and files associated with the project non','2016-12-25 09:15:16','2021-03-28 16:59:39'),(87,'necessitatibus','project','Announcements, tasks and files associated with the project necessitatibus','2019-02-07 13:39:52','2021-03-28 16:59:39'),(88,'ut','team','Everything related to the ut team is located here','1995-04-11 11:54:23','2021-03-28 16:59:39'),(89,'sint','project','Announcements, tasks and files associated with the project sint','1980-03-11 18:32:21','2021-03-28 16:59:39'),(90,'et','project','Announcements, tasks and files associated with the project et','2013-06-05 02:25:34','2021-03-28 16:59:39'),(91,'quas','team','Everything related to the quas team is located here','2011-12-11 07:57:41','2021-03-28 16:59:39'),(92,'quo','team','Everything related to the quo team is located here','1978-04-04 19:16:31','2021-03-28 16:59:39'),(93,'alias','team','Everything related to the alias team is located here','2015-11-08 02:47:43','2021-03-28 16:59:39'),(94,'dolore','team','Everything related to the dolore team is located here','1989-06-22 06:45:28','2021-03-28 16:59:39'),(95,'eos','team','Everything related to the eos team is located here','2012-07-08 00:20:19','2021-03-28 16:59:39'),(96,'dolore','team','Everything related to the dolore team is located here','1987-01-11 19:32:47','2021-03-28 16:59:39'),(97,'est','project','Announcements, tasks and files associated with the project est','2021-03-20 03:35:40','2021-03-28 16:59:39'),(98,'illum','project','Announcements, tasks and files associated with the project illum','1985-07-09 21:52:16','2021-03-28 16:59:39'),(99,'necessitatibus','project','Announcements, tasks and files associated with the project necessitatibus','1972-07-23 14:39:55','2021-03-28 16:59:39'),(100,'voluptas','project','Announcements, tasks and files associated with the project voluptas','1985-12-11 03:11:05','2021-03-28 16:59:39');
/*!40000 ALTER TABLE `units` ENABLE KEYS */;
UNLOCK TABLES;

--
-- Table structure for table `users`
--

DROP TABLE IF EXISTS `users`;
/*!40101 SET @saved_cs_client     = @@character_set_client */;
/*!50503 SET character_set_client = utf8mb4 */;
CREATE TABLE `users` (
  `id` bigint unsigned NOT NULL AUTO_INCREMENT COMMENT 'Идентификатор строки',
  `first_name` varchar(100) CHARACTER SET utf8mb4 COLLATE utf8mb4_unicode_ci NOT NULL COMMENT 'Имя пользователя',
  `last_name` varchar(100) CHARACTER SET utf8mb4 COLLATE utf8mb4_unicode_ci NOT NULL COMMENT 'Фамилия пользователя',
  `email` varchar(100) CHARACTER SET utf8mb4 COLLATE utf8mb4_unicode_ci NOT NULL COMMENT 'Почта',
  `password` varchar(100) CHARACTER SET utf8mb4 COLLATE utf8mb4_unicode_ci NOT NULL COMMENT 'Пароль',
  `is_logged_in` tinyint(1) NOT NULL COMMENT 'пользователь авторизован?',
  `avatar_id` bigint unsigned DEFAULT NULL,
  `created_at` datetime DEFAULT CURRENT_TIMESTAMP COMMENT 'Время создания строки',
  `updated_at` datetime DEFAULT CURRENT_TIMESTAMP ON UPDATE CURRENT_TIMESTAMP COMMENT 'Время обновления строки',
  PRIMARY KEY (`id`),
  UNIQUE KEY `email` (`email`),
  KEY `users_avatar_id_fk` (`avatar_id`),
  KEY `last_name_first_name_idx` (`last_name`,`first_name`),
  CONSTRAINT `users_avatar_id_fk` FOREIGN KEY (`avatar_id`) REFERENCES `media` (`id`) ON DELETE SET NULL
) ENGINE=InnoDB AUTO_INCREMENT=101 DEFAULT CHARSET=utf8mb4 COLLATE=utf8mb4_0900_ai_ci COMMENT='Пользователи';
/*!40101 SET character_set_client = @saved_cs_client */;

--
-- Dumping data for table `users`
--

LOCK TABLES `users` WRITE;
/*!40000 ALTER TABLE `users` DISABLE KEYS */;
INSERT INTO `users` VALUES (1,'Al','Shields','gbogisich@example.org','524cefc9d46ea1d12e25bf5b8181e97b01b77df8',0,NULL,'2018-03-04 15:47:44','1979-03-05 12:43:57'),(2,'Gene','Tillman','pschowalter@example.com','26bdd47f7a0f3859c1c8d4e345048b82985a29fd',1,NULL,'2016-03-18 16:56:11','1972-11-09 06:19:42'),(3,'Sunny','Cummerata','collins.ruthie@example.net','e8252b5608625465404e4e06dd5f6ee997077716',1,NULL,'2012-10-20 14:00:10','2012-12-10 06:46:31'),(4,'Bill','Klocko','adriel.cartwright@example.org','964138879a9348a0e0688ce47e5e76785bb548d0',1,NULL,'2006-09-25 17:04:34','1977-12-12 02:28:13'),(5,'Hilda','Johnson','kerluke.alexane@example.org','224cb04de6aea2c6a40caaf3fe2f920dec5da9a4',1,NULL,'1980-12-28 15:09:06','2019-03-19 06:03:33'),(6,'Ralph','Armstrong','marvin.tad@example.com','d92916cc08db1f825c73c3495ebb616ed0a7e7f7',0,NULL,'2020-05-03 17:43:57','1994-12-17 14:27:57'),(7,'Arne','Schultz','yluettgen@example.org','ccdba2f074f3bf4a87db3a865b3b9047fddbdaa9',0,NULL,'1986-05-04 16:48:43','1984-06-30 15:15:03'),(8,'Missouri','Turner','vmills@example.net','b893d3d583ee012916627dd12e88554a711194c2',0,NULL,'2013-04-14 15:01:30','2002-08-28 00:57:36'),(9,'Virgie','Stehr','hertha.kiehn@example.com','78901cf3d24e40ab3b43dd48451e761aba88d028',0,NULL,'1998-02-19 11:22:20','2021-03-06 10:37:50'),(10,'Cleta','Leannon','lavinia.kautzer@example.com','72c726fc0be325f41b2ba386e3e1811cfb202c9a',1,NULL,'2016-01-24 13:58:35','1983-08-26 05:07:39'),(11,'Reanna','Jacobi','chaim.feil@example.org','96b2bf83d6893aa5a862f304c7b46b31030adac1',0,NULL,'1993-04-24 14:30:36','2016-12-17 04:56:40'),(12,'Braden','Johnson','jean66@example.org','4f4a003dd16fa28366362652dd68c65bcd174814',0,NULL,'2009-08-31 18:41:55','1976-12-14 00:21:54'),(13,'Adam','Sawayn','fschinner@example.net','a01a68c4b50394b5b9fe5546c9ca67b4e1a7e815',0,NULL,'2009-08-19 03:01:28','2011-03-29 15:40:11'),(14,'Florida','Treutel','will.briana@example.net','056bf3ab49ef378a110eaf64671c58084c0c5b07',1,NULL,'2007-06-24 20:38:17','1971-03-25 03:45:46'),(15,'Ryan','Shanahan','kertzmann.eva@example.org','63605bc78c4b211450ff536c61e21f754f8344b4',1,NULL,'1970-08-12 14:02:05','2004-10-13 17:10:00'),(16,'Aniyah','Kessler','rebecca.hagenes@example.org','c28e90b9c73b8ec96a510a9a87eb5a92ebb467f7',1,NULL,'1985-07-25 17:40:42','2011-09-09 07:28:30'),(17,'Rey','Wilderman','felicity02@example.com','9c3257899a8f46fb7fe4976832d39e7132d1e405',1,NULL,'1991-04-03 15:03:01','2010-08-20 22:09:20'),(18,'Agnes','Hane','osvaldo.turner@example.net','785035224aa0f0cdadcc1403afd6a0da78d3dc4c',0,NULL,'2001-06-26 02:13:51','2002-06-08 15:05:55'),(19,'Tavares','Cummerata','eliza.kilback@example.org','be536f6e0dabd5e6171a8aec0833d1729aa93868',0,NULL,'1974-04-11 05:24:08','2017-06-22 07:22:26'),(20,'Hayden','Bosco','gwendolyn.berge@example.net','3723cf2a36d95a304660a7df77edbf213489e0be',1,NULL,'1972-01-09 04:21:15','2018-10-28 13:08:27'),(21,'Erik','Daniel','pacocha.kacey@example.com','026ad72d3e3be7939c582764f05b639b0e08c2d2',0,NULL,'2010-08-29 01:55:51','2003-01-08 08:41:42'),(22,'Meggie','Reichert','loy81@example.org','3c4035e76945e9767c3857c73fb2762f95185abe',0,NULL,'1997-02-24 03:21:29','1991-11-12 10:46:29'),(23,'Kelly','Kutch','fritsch.gene@example.com','fd3fb64c3b9d29bc7b4e1894a5b7e9ad6a11ebc8',0,NULL,'1985-12-06 09:31:26','1979-03-01 21:43:41'),(24,'Macey','Goldner','durgan.pasquale@example.com','07f16bd3403eb4e9fa7a4e9829a754cd1f1c727c',0,NULL,'1985-04-09 16:14:54','1999-04-05 10:03:14'),(25,'Ignacio','Corwin','floyd15@example.com','7283c58717d2950d92df1b146c6b1b5cf4718e40',1,NULL,'2016-01-07 19:01:10','2016-08-19 05:19:23'),(26,'Tyson','Muller','waters.alvera@example.com','597d6f6f7f8449944a1b7f97e3919af0500c7638',0,NULL,'1989-10-10 19:50:58','1978-12-11 11:38:18'),(27,'Luther','Kemmer','plesch@example.org','4e2ca71e955cb163e529b470e30310d4323ae5e9',0,NULL,'2018-04-07 09:38:43','2012-01-10 20:54:27'),(28,'Tatum','Dach','kihn.hershel@example.org','c257afc5ab054be1f0beb548efa1677958377d70',0,NULL,'1982-03-09 20:37:38','1974-12-27 16:54:16'),(29,'Chloe','Raynor','mschmidt@example.org','72d4ef352287910c385d144b362a5d7d4aa70470',0,NULL,'1994-07-30 05:34:44','1975-05-31 09:38:18'),(30,'Meta','Jacobi','maximilian.abbott@example.com','747d7df5f7435095482b208052c84ed7a307783e',1,NULL,'1971-08-31 02:40:31','2008-09-30 10:04:14'),(31,'Modesta','McLaughlin','tyler21@example.com','2c309cbf28e2d4144ba39ebc01e9815535c4aa30',1,NULL,'1975-06-23 04:05:42','2007-06-02 02:56:17'),(32,'Braden','Glover','leda.lehner@example.org','59bd64825631cd5467d6a0e9b0f29293998cc586',1,NULL,'2008-08-07 10:14:40','2005-09-30 23:00:45'),(33,'Dominique','Schmidt','joel06@example.org','f2547694b9c354b62e5bd4f7eeb15f53df502308',1,NULL,'1995-10-06 15:57:51','2005-07-31 11:07:14'),(34,'Alejandra','Gottlieb','ewindler@example.org','98be47599e611e781a8db19d29153f3f3951f4f5',1,NULL,'2006-05-16 05:23:29','1991-11-25 10:35:38'),(35,'Janiya','Langworth','flossie44@example.com','3b86d82a21ff92125896890b9b4263673645ae7d',1,NULL,'1972-09-10 12:06:26','2005-05-09 03:34:10'),(36,'Junior','Brekke','mallie.klocko@example.org','6d1ad80fabc7034c701442d96df6473ca39b9e6b',1,NULL,'1986-02-17 12:02:09','1983-04-13 03:20:53'),(37,'Florine','Kertzmann','camille51@example.net','cc9db1a668f4d52780a67bd9dccbf7153d3c895b',1,NULL,'1985-02-21 02:43:25','1996-02-15 10:25:57'),(38,'Santa','Russel','carter.lura@example.org','5f1116578bdb95988454942e22b8d41767269459',0,NULL,'2013-06-27 15:49:10','1972-04-02 20:26:36'),(39,'Lorenz','Abbott','schamberger.cyrus@example.net','3e9ef8316b31a2051002c80820ced5d40dbf4513',0,NULL,'2017-01-18 05:25:43','1974-02-14 21:40:39'),(40,'Prudence','Hettinger','emelie87@example.com','806d0a218c3108fae6cd83832649e61a933f5b53',0,NULL,'1975-01-22 21:37:43','1983-06-24 16:45:52'),(41,'Celine','Hegmann','chilpert@example.org','5ea7b0dedcaba48be4b42ea6750069a19bcfefb2',0,NULL,'1986-11-22 00:16:40','1983-06-30 18:55:43'),(42,'Nia','Murphy','kory.ankunding@example.org','a1c55e0e5dce4dcba4d8bf3269ecfbc13e6b2623',1,NULL,'2016-10-14 04:32:49','1972-10-22 05:35:03'),(43,'Jadyn','Stracke','qhilll@example.com','7bbf45704d63560af8587040a04cc5873b91824a',1,NULL,'2012-06-16 17:22:28','1994-12-09 01:32:49'),(44,'Anderson','Bosco','anderson.jermain@example.com','74551c542c57352892b01bac4d68973becb366a9',0,NULL,'1983-09-02 12:04:42','1974-05-09 01:09:56'),(45,'Earlene','Schaefer','carmella.howell@example.org','dc49a0dcbdb5c21075b77962f9b52cdb7ff63e2f',1,NULL,'2021-02-14 16:15:45','1996-11-25 15:43:12'),(46,'Lyda','Rippin','dsimonis@example.org','174dd95433822b19d884ae173f698e0ac4e98b14',1,NULL,'1986-02-21 07:30:40','1974-10-20 11:06:33'),(47,'Helena','Mayer','serenity.kozey@example.org','c351c8f7518442fb98dda1843c086647079d0bcc',0,NULL,'1979-02-18 17:24:46','1990-09-04 23:23:40'),(48,'Alejandrin','Howell','roberts.victor@example.net','186d96e55f85f4ed51bf42079ea9ddf3da44d55a',0,NULL,'2012-12-16 08:02:40','1993-11-17 10:53:21'),(49,'Saige','DuBuque','herman.elwyn@example.net','a5f93062b64820ef87fb80effab87edacab3b0f3',1,NULL,'2015-04-23 04:58:38','1992-05-04 08:15:38'),(50,'Cristal','Lemke','ukeebler@example.com','2bb419c83f8c5d360da2c2e47dd192f26302e989',1,NULL,'1990-07-04 07:34:06','1987-04-27 21:37:54'),(51,'Mabelle','Nolan','koelpin.tyrel@example.net','e485f32a547462d8409abb2724f57c404c6258be',0,NULL,'2013-09-01 01:30:10','1998-02-11 05:25:00'),(52,'Vern','Kuhic','johnson.assunta@example.net','85d89f4b0360912ba2107d76b29f8e4742684590',1,NULL,'2008-10-30 23:37:01','2020-10-01 00:54:20'),(53,'Mya','Donnelly','elwyn.hoppe@example.com','45fb343d58d3e96d3cafa3304d827fb7b7458409',0,NULL,'1983-12-25 15:50:34','1994-06-11 15:47:50'),(54,'Peggie','Welch','eharber@example.org','9710c48740f9679555796f1f06bce8a952312422',1,NULL,'2011-08-09 22:42:06','1981-08-24 04:01:30'),(55,'Columbus','Bashirian','toby43@example.org','85c308ed8100cfbea8840a0f86581583144e5fd3',1,NULL,'2002-02-24 07:18:48','1991-02-08 12:18:32'),(56,'Bert','Pfeffer','norberto94@example.com','d4d5cb55eebf5a4a6d9d25df940e34a925b9c636',0,NULL,'2005-12-18 13:44:43','2018-07-28 15:53:37'),(57,'Eleanore','Gutmann','wdach@example.org','c624e985dc5025e2d796cd7a23cf365584a10b91',0,NULL,'1974-01-20 22:57:39','1991-09-21 19:06:56'),(58,'Rickey','Hagenes','spencer.carlee@example.com','c39fc62debc048f093e824de92a94b828974d117',0,NULL,'1997-11-27 00:46:28','2013-12-29 08:54:58'),(59,'Tyree','Gerhold','julia.smith@example.com','4c214e9021eb4e48b6f9349397e0e730ab931c98',1,NULL,'1989-12-17 06:19:18','1971-01-04 15:00:05'),(60,'Cassie','Hegmann','cjohnson@example.org','2f1578c86ec534c6007d8885e0f034eaf34310c3',1,NULL,'2012-12-29 12:00:32','2012-01-23 17:06:04'),(61,'Laurianne','Windler','rhea.roberts@example.com','1b5c631c26ce5f8f59a8b8a11f95568f31e433c4',0,NULL,'2013-05-26 07:07:06','1978-05-10 13:50:41'),(62,'Karson','Bernier','evans.conroy@example.com','ee0ca379b606f82b461b402cd8f787b420592175',1,NULL,'2013-08-18 08:23:55','2004-10-23 14:50:36'),(63,'Heaven','Kub','brakus.hardy@example.org','08ca7ace33104bc2993a4c0099fb5627712bafa8',0,NULL,'2019-11-21 02:14:22','2000-08-09 13:58:11'),(64,'Meredith','Boehm','ulakin@example.net','f168161645fd89615679dd00a5bb8ec8e3752c1c',0,NULL,'2019-03-18 10:16:22','1987-03-27 06:15:07'),(65,'Aglae','Stracke','gleichner.albert@example.net','91b3750038540c1d20bbe06ae75e26c5d7a2e60c',0,NULL,'1977-01-20 12:44:58','1973-06-11 05:40:01'),(66,'Ramon','Toy','henri71@example.com','ea4a8610172734e0309dc79741c7b67b6553ab6f',1,NULL,'1990-05-22 00:25:54','2006-09-05 05:12:27'),(67,'Alyce','Rippin','schaefer.valentine@example.org','15ec56bac93ceefc5733f7ae0a0ccd63f08f2900',0,NULL,'1994-11-21 22:25:51','2011-07-19 20:20:21'),(68,'Landen','West','huels.danika@example.net','25108f27cd60c70dddbf73cdc0e075e8b0b64229',0,NULL,'1994-07-25 06:33:50','2013-04-29 21:24:55'),(69,'Bobbie','Heaney','johnson.shanon@example.net','7bafda18d965cd98cd4d1541ed4c1fd6e3d3f22f',0,NULL,'1996-06-05 18:02:42','1976-04-10 15:41:53'),(70,'Jaron','Jaskolski','jordane13@example.org','bc97a8812fa7af62d75957a8e2ad979951d10177',1,NULL,'1984-01-27 19:20:08','1992-08-29 14:54:02'),(71,'Reese','Bosco','mabel.dubuque@example.net','d3ca696bd0a04d0ce91ab6671f97dc052463cf3a',1,NULL,'2014-09-03 13:11:08','2007-09-23 21:50:45'),(72,'Miguel','Friesen','wilkinson.mario@example.com','1ac3507133b2db616de9f2fedae8c92dcf33574e',0,NULL,'1985-09-07 11:11:22','2015-05-22 05:23:11'),(73,'Delmer','Welch','cummerata.eldred@example.org','8d38c1d321c601959c5eb87d93e2d8289ec9348f',0,NULL,'1974-11-01 16:41:06','1981-04-26 18:04:20'),(74,'Mariana','Mann','salvador10@example.com','69506f106a8d48b8e9b83e757a31c3f7ca7539f5',1,NULL,'2015-12-21 07:03:44','2007-10-23 20:27:05'),(75,'Ashlynn','Barton','tiana.aufderhar@example.com','47baa01f7adfbf82c47a74808a69d50d5d5b3a2b',1,NULL,'1983-09-17 05:05:19','1983-06-29 11:20:16'),(76,'Frieda','Hudson','alfonso24@example.net','556e890454fcb42fcd01aaeaf79a4b5ea4b337d3',1,NULL,'1983-09-08 06:39:28','2002-01-19 00:02:10'),(77,'Dayne','Mitchell','medhurst.joan@example.net','14339bd8ac83776928fd7e3622fcc0baa7af5e3a',1,NULL,'1975-11-22 13:49:15','2016-02-22 22:22:11'),(78,'Duncan','Hand','dubuque.rigoberto@example.net','6871cf4a53a268d027f3eeae273f178c56ee82c3',0,NULL,'2014-03-06 17:47:00','1980-06-28 19:37:06'),(79,'Easter','Nader','kuphal.carmella@example.net','effc14844458162f3852ffb819d150f9a5ac48f1',1,NULL,'1987-09-03 02:35:03','1970-01-16 09:29:22'),(80,'Laurel','Hirthe','bins.gene@example.com','f272c0438705b9f4b8b5f856dec8304b00ac7e3f',1,NULL,'2016-08-05 10:48:56','1982-05-22 03:08:28'),(81,'Wilma','Johnson','hayes.raul@example.net','d043862ad7d87baa8529ffc92a7ab9cf1b3ae690',1,NULL,'2001-05-01 21:55:01','2002-06-09 16:35:55'),(82,'Keegan','Koelpin','moises.hyatt@example.org','885b0908ef97a5e092487f25207000abc733e74f',0,NULL,'1996-08-16 10:47:21','2005-06-24 17:01:32'),(83,'Ronaldo','Luettgen','princess.boyle@example.com','abc92f281f37275a9a5cd18fe2f622643c8769c5',1,NULL,'1970-12-27 10:48:50','2013-01-01 08:28:13'),(84,'Ludwig','Gislason','margaretta52@example.org','29d8f694bfba466d945fc88ade0a8438833e82c3',0,NULL,'2010-04-16 12:45:03','1993-12-28 01:07:46'),(85,'Stephania','Bednar','emie52@example.com','dff167400d8b63f89009a763b895beea28f00c35',1,NULL,'2010-12-01 15:25:43','1978-11-03 02:13:27'),(86,'Willis','West','aschroeder@example.net','8dc3848c76d1cddbbb1226511fead3488ae00c81',0,NULL,'1984-09-09 15:31:16','2014-01-24 21:04:41'),(87,'Laurianne','Moore','adriel96@example.net','caf469b57725708965d1c219347f2107caf90ccc',1,NULL,'2015-01-10 02:45:27','2012-11-03 00:38:35'),(88,'Haskell','Schuppe','leilani40@example.net','933bdcb4ae4cb61a2e095c478a83fc35c20e276d',0,NULL,'2009-03-02 20:16:52','1972-01-26 12:41:38'),(89,'Lempi','Kerluke','reichel.arne@example.com','9c648e08d35149bdcf6fcac0181b06346911cb1f',0,NULL,'2019-12-18 07:27:00','1981-06-08 00:52:26'),(90,'Coleman','Runolfsdottir','soledad.schiller@example.net','01cea44f94b9e30592aa358f9eef72cc9f0051be',1,NULL,'2017-10-21 06:36:12','1977-06-22 16:45:30'),(91,'Garrick','Lowe','pnikolaus@example.org','b1f48741f927d8db02bae5858031dfcca315db6d',0,NULL,'1999-01-26 06:46:01','2004-05-07 20:40:40'),(92,'Tianna','Rempel','rpfeffer@example.org','84e3ddf5c56667dc57f141328c5f5ab7db21c19e',0,NULL,'1975-10-07 11:20:49','1975-04-02 08:54:18'),(93,'Ian','Waters','dietrich.sammy@example.net','56115abfd8a22d336f6a90ea6386c3a43607210a',0,NULL,'2013-05-03 21:25:02','2016-05-19 08:21:56'),(94,'Al','Kuhn','ortiz.kameron@example.net','c416fee2e2c5109078b84a9cf1023ab39293618b',0,NULL,'1997-02-09 14:43:22','2007-03-26 12:03:07'),(95,'Tressa','Streich','qdaniel@example.net','9fa3ac8465a6b50adfdea984529376741fba181e',0,NULL,'2003-03-04 03:32:14','1991-01-30 18:31:39'),(96,'Oran','Goyette','jenifer.ebert@example.net','e37ba1310cc3245c1615b978918899175976e705',0,NULL,'2001-10-16 20:25:05','1983-12-11 19:08:34'),(97,'Meredith','Harber','snienow@example.org','3bed0e48811b823bf24616a4369f74f74dc8d3ff',1,NULL,'1993-05-11 13:18:09','2021-03-13 00:49:13'),(98,'William','Bechtelar','gay.welch@example.net','5f885810a9560bef3007f06b591dfd7771082aa0',1,NULL,'2011-03-10 05:28:43','1989-06-02 20:49:38'),(99,'Sydni','Wolff','jon39@example.net','1a6bcdafeb569eb42fef28388251975cb337740b',1,NULL,'1981-12-18 05:10:46','1995-11-14 20:45:07'),(100,'Laurie','Rau','tre.herman@example.com','6d9df23939ee698bb988c7d8de543f606c19075a',0,NULL,'2020-07-28 12:44:48','2008-05-12 03:53:01');
/*!40000 ALTER TABLE `users` ENABLE KEYS */;
UNLOCK TABLES;

--
-- Temporary view structure for view `users_activity`
--

DROP TABLE IF EXISTS `users_activity`;
/*!50001 DROP VIEW IF EXISTS `users_activity`*/;
SET @saved_cs_client     = @@character_set_client;
/*!50503 SET character_set_client = utf8mb4 */;
/*!50001 CREATE VIEW `users_activity` AS SELECT 
 1 AS `id`,
 1 AS `name`,
 1 AS `companies`,
 1 AS `activity`*/;
SET character_set_client = @saved_cs_client;

--
-- Table structure for table `users_events`
--

DROP TABLE IF EXISTS `users_events`;
/*!40101 SET @saved_cs_client     = @@character_set_client */;
/*!50503 SET character_set_client = utf8mb4 */;
CREATE TABLE `users_events` (
  `user_id` bigint unsigned NOT NULL COMMENT 'Пользователь',
  `event_id` bigint unsigned NOT NULL COMMENT 'Событие',
  PRIMARY KEY (`user_id`,`event_id`),
  KEY `users_events_event_id_fk` (`event_id`),
  CONSTRAINT `users_events_event_id_fk` FOREIGN KEY (`event_id`) REFERENCES `events` (`id`) ON DELETE CASCADE,
  CONSTRAINT `users_events_user_id_fk` FOREIGN KEY (`user_id`) REFERENCES `users` (`id`) ON DELETE CASCADE
) ENGINE=InnoDB DEFAULT CHARSET=utf8mb4 COLLATE=utf8mb4_unicode_ci COMMENT='связь событий и пользователей';
/*!40101 SET character_set_client = @saved_cs_client */;

--
-- Dumping data for table `users_events`
--

LOCK TABLES `users_events` WRITE;
/*!40000 ALTER TABLE `users_events` DISABLE KEYS */;
INSERT INTO `users_events` VALUES (1,1),(2,2),(3,3),(4,4),(5,5),(6,6),(7,7),(8,8),(9,9),(10,10),(11,11),(12,12),(13,13),(14,14),(15,15),(16,16),(17,17),(18,18),(19,19),(20,20),(21,21),(22,22),(23,23),(24,24),(25,25),(26,26),(27,27),(28,28),(29,29),(30,30),(31,31),(32,32),(33,33),(34,34),(35,35),(36,36),(37,37),(38,38),(39,39),(40,40),(41,41),(42,42),(43,43),(44,44),(45,45),(46,46),(47,47),(48,48),(49,49),(50,50),(51,51),(52,52),(53,53),(54,54),(55,55),(56,56),(57,57),(58,58),(59,59),(60,60),(61,61),(62,62),(63,63),(64,64),(65,65),(66,66),(67,67),(68,68),(69,69),(70,70),(71,71),(72,72),(73,73),(74,74),(75,75),(76,76),(77,77),(78,78),(79,79),(80,80),(81,81),(82,82),(83,83),(84,84),(85,85),(86,86),(87,87),(88,88),(89,89),(90,90),(91,91),(92,92),(93,93),(94,94),(95,95),(96,96),(97,97),(98,98),(99,99),(100,100),(1,101),(2,102),(3,103),(4,104),(5,105),(6,106),(7,107),(8,108),(9,109),(10,110),(11,111),(12,112),(13,113),(14,114),(15,115),(16,116),(17,117),(18,118),(19,119),(20,120),(21,121),(22,122),(23,123),(24,124),(25,125),(26,126),(27,127),(28,128),(29,129),(30,130),(31,131),(32,132),(33,133),(34,134),(35,135),(36,136),(37,137),(38,138),(39,139),(40,140),(41,141),(42,142),(43,143),(44,144),(45,145),(46,146),(47,147),(48,148),(49,149),(50,150),(51,151),(52,152),(53,153),(54,154),(55,155),(56,156),(57,157),(58,158),(59,159),(60,160),(61,161),(62,162),(63,163),(64,164),(65,165),(66,166),(67,167),(68,168),(69,169),(70,170),(71,171),(72,172),(73,173),(74,174),(75,175),(76,176),(77,177),(78,178),(79,179),(80,180),(81,181),(82,182),(83,183),(84,184),(85,185),(86,186),(87,187),(88,188),(89,189),(90,190),(91,191),(92,192),(93,193),(94,194),(95,195),(96,196),(97,197),(98,198),(99,199),(100,200);
/*!40000 ALTER TABLE `users_events` ENABLE KEYS */;
UNLOCK TABLES;

--
-- Table structure for table `users_units`
--

DROP TABLE IF EXISTS `users_units`;
/*!40101 SET @saved_cs_client     = @@character_set_client */;
/*!50503 SET character_set_client = utf8mb4 */;
CREATE TABLE `users_units` (
  `user_id` bigint unsigned NOT NULL COMMENT 'Пользователь',
  `unit_id` bigint unsigned NOT NULL COMMENT 'Юнит',
  PRIMARY KEY (`user_id`,`unit_id`),
  KEY `users_units_unit_id_fk` (`unit_id`),
  CONSTRAINT `users_units_unit_id_fk` FOREIGN KEY (`unit_id`) REFERENCES `units` (`id`) ON DELETE CASCADE ON UPDATE CASCADE,
  CONSTRAINT `users_units_user_id_fk` FOREIGN KEY (`user_id`) REFERENCES `users` (`id`) ON DELETE CASCADE ON UPDATE CASCADE
) ENGINE=InnoDB DEFAULT CHARSET=utf8mb4 COLLATE=utf8mb4_0900_ai_ci COMMENT='связь пользователей и юнитов';
/*!40101 SET character_set_client = @saved_cs_client */;

--
-- Dumping data for table `users_units`
--

LOCK TABLES `users_units` WRITE;
/*!40000 ALTER TABLE `users_units` DISABLE KEYS */;
INSERT INTO `users_units` VALUES (1,1),(6,1),(8,1),(24,1),(26,1),(32,1),(35,1),(43,1),(46,1),(50,1),(57,1),(60,1),(61,1),(62,1),(68,1),(83,1),(85,1),(87,1),(88,1),(92,1),(95,1),(97,1),(2,2),(10,2),(11,2),(19,2),(20,2),(23,2),(31,2),(33,2),(34,2),(36,2),(39,2),(47,2),(48,2),(55,2),(58,2),(67,2),(70,2),(71,2),(90,2),(99,2),(100,2),(5,3),(7,3),(12,3),(13,3),(14,3),(25,3),(27,3),(41,3),(49,3),(53,3),(56,3),(66,3),(69,3),(73,3),(77,3),(79,3),(80,3),(81,3),(93,3),(94,3),(96,3),(3,4),(9,4),(16,4),(17,4),(18,4),(22,4),(30,4),(37,4),(40,4),(42,4),(44,4),(45,4),(51,4),(52,4),(54,4),(63,4),(65,4),(75,4),(84,4),(86,4),(4,5),(15,5),(21,5),(28,5),(29,5),(38,5),(59,5),(64,5),(72,5),(74,5),(76,5),(78,5),(82,5),(89,5),(91,5),(98,5),(15,7),(54,8),(14,9),(62,9),(7,11),(69,11),(55,12),(69,13),(58,14),(63,15),(54,16),(40,17),(65,18),(1,19),(14,19),(18,19),(41,19),(89,19),(21,20),(79,20),(41,21),(58,21),(33,22),(74,22),(18,23),(41,24),(88,24),(4,25),(14,25),(29,25),(87,25),(91,25),(38,27),(18,28),(57,28),(80,28),(35,29),(41,30),(81,30),(46,31),(78,31),(5,32),(17,32),(73,32),(85,32),(92,32),(10,33),(59,33),(65,33),(86,33),(87,33),(50,34),(90,34),(45,35),(51,36),(15,39),(31,39),(57,39),(76,40),(83,40),(4,41),(19,41),(15,42),(11,43),(7,44),(44,44),(89,44),(63,45),(29,46),(51,47),(88,47),(15,48),(1,49),(11,49),(71,49),(27,50),(99,50),(4,51),(58,51),(4,52),(80,52),(85,52),(12,53),(35,53),(36,53),(47,53),(61,53),(19,54),(33,54),(71,55),(4,56),(32,56),(60,56),(63,56),(81,56),(34,57),(90,57),(98,60),(99,60),(2,61),(6,61),(64,61),(78,61),(41,62),(31,64),(90,64),(56,65),(83,65),(95,66),(7,67),(33,67),(93,67),(51,68),(77,68),(85,68),(81,69),(95,69),(33,70),(56,70),(77,70),(95,70),(99,70),(17,71),(30,71),(38,71),(42,71),(43,71),(27,73),(67,73),(86,73),(18,74),(31,74),(83,74),(64,75),(82,75),(21,76),(24,76),(66,76),(7,77),(67,77),(9,78),(79,78),(25,79),(32,79),(42,79),(1,80),(62,80),(89,80),(95,80),(42,81),(55,81),(29,82),(44,82),(49,82),(52,82),(86,82),(94,82),(9,83),(32,83),(93,84),(98,84),(24,85),(56,85),(60,85),(90,85),(57,86),(73,87),(78,88),(95,88),(9,89),(39,89),(18,90),(47,90),(74,90),(4,91),(7,91),(88,91),(11,93),(76,93),(95,93),(35,94),(51,94),(23,95),(50,95),(72,95),(3,97),(66,97),(85,97),(86,97),(40,98),(19,99),(29,99),(68,99),(2,100),(19,100),(35,100),(76,100);
/*!40000 ALTER TABLE `users_units` ENABLE KEYS */;
UNLOCK TABLES;

--
-- Final view structure for view `companies_users`
--

/*!50001 DROP VIEW IF EXISTS `companies_users`*/;
/*!50001 SET @saved_cs_client          = @@character_set_client */;
/*!50001 SET @saved_cs_results         = @@character_set_results */;
/*!50001 SET @saved_col_connection     = @@collation_connection */;
/*!50001 SET character_set_client      = utf8mb4 */;
/*!50001 SET character_set_results     = utf8mb4 */;
/*!50001 SET collation_connection      = utf8mb4_0900_ai_ci */;
/*!50001 CREATE ALGORITHM=UNDEFINED */
/*!50013 DEFINER=`root`@`localhost` SQL SECURITY DEFINER */
/*!50001 VIEW `companies_users` AS select `units`.`name` AS `name`,count(`users`.`first_name`) AS `number of employees`,group_concat(concat(`users`.`first_name`,' ',`users`.`last_name`) separator ', ') AS `employees` from ((`units` left join `users_units` on((`units`.`id` = `users_units`.`unit_id`))) left join `users` on((`users`.`id` = `users_units`.`user_id`))) where (`units`.`type` = 'company') group by `units`.`id` */;
/*!50001 SET character_set_client      = @saved_cs_client */;
/*!50001 SET character_set_results     = @saved_cs_results */;
/*!50001 SET collation_connection      = @saved_col_connection */;

--
-- Final view structure for view `users_activity`
--

/*!50001 DROP VIEW IF EXISTS `users_activity`*/;
/*!50001 SET @saved_cs_client          = @@character_set_client */;
/*!50001 SET @saved_cs_results         = @@character_set_results */;
/*!50001 SET @saved_col_connection     = @@collation_connection */;
/*!50001 SET character_set_client      = utf8mb4 */;
/*!50001 SET character_set_results     = utf8mb4 */;
/*!50001 SET collation_connection      = utf8mb4_0900_ai_ci */;
/*!50001 CREATE ALGORITHM=UNDEFINED */
/*!50013 DEFINER=`root`@`localhost` SQL SECURITY DEFINER */
/*!50001 VIEW `users_activity` AS select `us`.`id` AS `id`,concat(`us`.`first_name`,' ',`us`.`last_name`) AS `name`,group_concat(distinct `un`.`name` separator ', ') AS `companies`,(((count(distinct `posts`.`id`) + count(distinct `comments`.`id`)) + count(distinct `messages`.`id`)) + count(distinct `todo_lists`.`id`)) AS `activity` from ((((((`users` `us` left join `posts` on((`us`.`id` = `posts`.`creator_id`))) left join `comments` on((`us`.`id` = `comments`.`creator_id`))) left join `messages` on((`us`.`id` = `messages`.`creator_id`))) left join `todo_lists` on((`us`.`id` = `todo_lists`.`creator_id`))) left join `users_units` `uu` on((`us`.`id` = `uu`.`user_id`))) left join `units` `un` on(((`un`.`id` = `uu`.`unit_id`) and (`un`.`type` = 'company')))) group by `us`.`id` order by `activity` desc limit 20 */;
/*!50001 SET character_set_client      = @saved_cs_client */;
/*!50001 SET character_set_results     = @saved_cs_results */;
/*!50001 SET collation_connection      = @saved_col_connection */;
/*!40103 SET TIME_ZONE=@OLD_TIME_ZONE */;

/*!40101 SET SQL_MODE=@OLD_SQL_MODE */;
/*!40014 SET FOREIGN_KEY_CHECKS=@OLD_FOREIGN_KEY_CHECKS */;
/*!40014 SET UNIQUE_CHECKS=@OLD_UNIQUE_CHECKS */;
/*!40101 SET CHARACTER_SET_CLIENT=@OLD_CHARACTER_SET_CLIENT */;
/*!40101 SET CHARACTER_SET_RESULTS=@OLD_CHARACTER_SET_RESULTS */;
/*!40101 SET COLLATION_CONNECTION=@OLD_COLLATION_CONNECTION */;
/*!40111 SET SQL_NOTES=@OLD_SQL_NOTES */;

-- Dump completed on 2021-03-28 17:03:45
